mtllib the_moon.mtl
o defaultMaterial
usemtl Material__50
v -2.3841899121634924e-8 0.999999999999999 4.371139050718398e-8
v -2.3841899121634924e-8 0.995185021870217 -0.09801705301854918
v -0.009607389569282532 0.9951850218495897 -0.09754515559528182
v -2.3841899121634924e-8 0.999999999999999 4.371139050718398e-8
v -0.019122200086712837 0.9951850217878954 -0.09613375485990355
v -2.3841899121634924e-8 0.999999999999999 4.371139050718398e-8
v -0.028452899307012558 0.9951850216857333 -0.09379655988071273
v -2.3841899121634924e-8 0.999999999999999 4.371139050718398e-8
v -0.037509601563215256 0.9951850215440822 -0.0905559596524031
v -2.3841899121634924e-8 0.999999999999999 4.371139050718398e-8
v -0.04620499908924103 0.9951850213643146 -0.0864433583721907
v -2.3841899121634924e-8 0.999999999999999 4.371139050718398e-8
v -0.05445539951324463 0.9951850211481575 -0.08149825901840042
v -2.3841899121634924e-8 0.999999999999999 4.371139050718398e-8
v -0.0621814988553524 0.9951850208976911 -0.07576825589988542
v -2.3841899121634924e-8 0.999999999999999 4.371139050718398e-8
v -0.06930860131978989 0.9951850206153288 -0.06930855781886888
v -2.3841899121634924e-8 0.999999999999999 4.371139050718398e-8
v -0.07576829940080643 0.9951850203037887 -0.06218135477159335
v -2.3841899121634924e-8 0.999999999999999 4.371139050718398e-8
v -0.08149830251932144 0.9951850199660747 -0.054455356012323645
v -2.3841899121634924e-8 0.999999999999999 4.371139050718398e-8
v -0.08644340187311172 0.9951850196054337 -0.04620485500548199
v -2.3841899121634924e-8 0.999999999999999 4.371139050718398e-8
v -0.09055610001087189 0.9951850192253459 -0.037509457479456235
v -2.3841899121634924e-8 0.999999999999999 4.371139050718398e-8
v -0.09379660338163376 0.9951850188294649 -0.02845275708589869
v -2.3841899121634924e-8 0.999999999999999 4.371139050718398e-8
v -0.09613379836082458 0.995185018421607 -0.019122056002953827
v -2.3841899121634924e-8 0.999999999999999 4.371139050718398e-8
v -0.09754519909620285 0.9951850180057027 -0.009607276219168494
v -2.3841899121634924e-8 0.999999999999999 4.371139050718398e-8
v -0.09801720082759857 0.9951850175857513 9.118461969787645e-8
v -2.3841899121634924e-8 0.999999999999999 4.371139050718398e-8
v -0.09754519909620285 0.9951850171658001 0.009607453559300094
v -2.3841899121634924e-8 0.999999999999999 4.371139050718398e-8
v -0.09613379836082458 0.995185016749891 0.019122344170471806
v -2.3841899121634924e-8 0.999999999999999 4.371139050718398e-8
v -0.09379660338163376 0.9951850163420376 0.02845294280793346
v -2.3841899121634924e-8 0.999999999999999 4.371139050718398e-8
v -0.09055600315332413 0.9951850159461566 0.03750964506413615
v -2.3841899121634924e-8 0.999999999999999 4.371139050718398e-8
v -0.08644340187311172 0.9951850155660686 0.04620504259016191
v -2.3841899121634924e-8 0.999999999999999 4.371139050718398e-8
v -0.08149830251932144 0.9951850152054278 0.05445554359700356
v -2.3841899121634924e-8 0.999999999999999 4.371139050718398e-8
v -0.07576820254325867 0.9951850148677136 0.06218154235627327
v -2.3841899121634924e-8 0.999999999999999 4.371139050718398e-8
v -0.06930849701166153 0.9951850145561738 0.06930874167825851
v -2.3841899121634924e-8 0.999999999999999 4.371139050718398e-8
v -0.06218139827251434 0.9951850142738157 0.07576834290172729
v -2.3841899121634924e-8 0.999999999999999 4.371139050718398e-8
v -0.05445539951324463 0.9951850140233492 0.0814983460202423
v -2.3841899121634924e-8 0.999999999999999 4.371139050718398e-8
v -0.04620489850640297 0.9951850138071922 0.08644344537403258
v -2.3841899121634924e-8 0.999999999999999 4.371139050718398e-8
v -0.0375095009803772 0.9951850136274246 0.09055604665424496
v -2.3841899121634924e-8 0.999999999999999 4.371139050718398e-8
v -0.028452899307012558 0.9951850134857735 0.0937966468825546
v -2.3841899121634924e-8 0.999999999999999 4.371139050718398e-8
v -0.019122200086712837 0.9951850133836114 0.09613384186174542
v -2.3841899121634924e-8 0.999999999999999 4.371139050718398e-8
v -0.009607410058379173 0.9951850133219171 0.09754524259712369
v -2.3841899121634924e-8 0.999999999999999 4.371139050718398e-8
v -7.152559788892177e-8 0.9951850133012898 0.09801714002039105
v -2.3841899121634924e-8 0.999999999999999 4.371139050718398e-8
v 0.009607270359992981 0.9951850133219171 0.09754524259712369
v -2.3841899121634924e-8 0.999999999999999 4.371139050718398e-8
v 0.01912209950387478 0.9951850133836114 0.09613384186174542
v -2.3841899121634924e-8 0.999999999999999 4.371139050718398e-8
v 0.02845280058681965 0.9951850134857735 0.0937966468825546
v -2.3841899121634924e-8 0.999999999999999 4.371139050718398e-8
v 0.03750940039753914 0.9951850136274203 0.09055614351179272
v -2.3841899121634924e-8 0.999999999999999 4.371139050718398e-8
v 0.04620480164885521 0.9951850138071878 0.08644354223158034
v -2.3841899121634924e-8 0.999999999999999 4.371139050718398e-8
v 0.05445529893040657 0.995185014023345 0.08149844287779005
v -2.3841899121634924e-8 0.999999999999999 4.371139050718398e-8
v 0.06218130141496658 0.9951850142738111 0.07576844720985565
v -2.3841899121634924e-8 0.999999999999999 4.371139050718398e-8
v 0.06930840015411377 0.9951850145561738 0.06930874167825851
v -2.3841899121634924e-8 0.999999999999999 4.371139050718398e-8
v 0.07576809823513031 0.9951850148677093 0.062181642939111326
v -2.3841899121634924e-8 0.999999999999999 4.371139050718398e-8
v 0.08149810135364532 0.9951850152054234 0.05445564417984162
v -2.3841899121634924e-8 0.999999999999999 4.371139050718398e-8
v 0.08644329756498337 0.9951850155660599 0.046205243755838024
v -2.3841899121634924e-8 0.999999999999999 4.371139050718398e-8
v 0.09055589884519577 0.9951850159461479 0.03750984250452197
v -2.3841899121634924e-8 0.999999999999999 4.371139050718398e-8
v 0.09379640221595764 0.9951850163420245 0.028453242693802488
v -2.3841899121634924e-8 0.999999999999999 4.371139050718398e-8
v 0.09613370150327682 0.9951850167498824 0.019122543473502774
v -2.3841899121634924e-8 0.999999999999999 4.371139050718398e-8
v 0.09754510223865509 0.9951850171657874 0.0096077432006208
v -2.3841899121634924e-8 0.999999999999999 4.371139050718398e-8
v 0.09801709651947021 0.9951850175857377 4.011289316914802e-7
v -2.3841899121634924e-8 0.999999999999999 4.371139050718398e-8
v 0.09754519909620285 0.9951850180056878 -0.009606936286428759
v -2.3841899121634924e-8 0.999999999999999 4.371139050718398e-8
v 0.09613379836082458 0.9951850184215938 -0.0191217561170848
v -2.3841899121634924e-8 0.999999999999999 4.371139050718398e-8
v 0.09379670023918152 0.9951850188294518 -0.028452457200029663
v -2.3841899121634924e-8 0.999999999999999 4.371139050718398e-8
v 0.09055619686841965 0.9951850192253282 -0.037509055148104
v -2.3841899121634924e-8 0.999999999999999 4.371139050718398e-8
v 0.08644360303878784 0.9951850196054207 -0.046204556982258116
v -2.3841899121634924e-8 0.999999999999999 4.371139050718398e-8
v 0.08149850368499756 0.9951850199660572 -0.05445495740626171
v -2.3841899121634924e-8 0.999999999999999 4.371139050718398e-8
v 0.0757685974240303 0.9951850203037713 -0.06218095616553142
v -2.3841899121634924e-8 0.999999999999999 4.371139050718398e-8
v 0.06930889934301376 0.9951850206153111 -0.06930815548751665
v -2.3841899121634924e-8 0.999999999999999 4.371139050718398e-8
v 0.06218180060386658 0.9951850208976736 -0.07576785356853319
v -2.3841899121634924e-8 0.999999999999999 4.371139050718398e-8
v 0.05445580184459686 0.9951850211481442 -0.08149795354459595
v -2.3841899121634924e-8 0.999999999999999 4.371139050718398e-8
v 0.04620540142059326 0.9951850213643013 -0.08644305289838623
v -2.3841899121634924e-8 0.999999999999999 4.371139050718398e-8
v 0.03751010075211525 0.9951850215440734 -0.09055575848672698
v -2.3841899121634924e-8 0.999999999999999 4.371139050718398e-8
v 0.0284534003585577 0.9951850216857245 -0.09379635871503661
v -2.3841899121634924e-8 0.999999999999999 4.371139050718398e-8
v 0.01912279985845089 0.9951850217878911 -0.09613365800235579
v -2.3841899121634924e-8 0.999999999999999 4.371139050718398e-8
v 0.009607980027794838 0.9951850218495855 -0.09754505873773406
v -2.3841899121634924e-8 0.999999999999999 4.371139050718398e-8
v -2.3841899121634924e-8 0.995185021870217 -0.09801705301854918
v -3.576279894446088e-8 0.9807850207728323 -0.1950899529895766
v -0.019122200086712837 0.9807850207317874 -0.1941509563169463
v -0.038060300052165985 0.980785020609002 -0.19134195332145526
v -0.056631799787282944 0.9807850204056568 -0.18668995980834796
v -0.07465790212154388 0.9807850201237185 -0.18023996238326864
v -0.09196499735116959 0.9807850197658965 -0.17205394987678366
v -0.10838600248098373 0.9807850193356893 -0.1622119564256652
v -0.12376400083303452 0.9807850188371606 -0.15080695037460168
v -0.13795000314712524 0.9807850182751637 -0.13794996027564843
v -0.1508069932460785 0.9807850176550738 -0.12376395796155772
v -0.16221199929714203 0.9807850169828801 -0.10838595960950695
v -0.1720539927482605 0.9807850162650908 -0.09196485762214505
v -0.18024000525474548 0.9807850155085733 -0.07465775494193878
v -0.18669000267982483 0.9807850147206275 -0.056631656332968155
v -0.19134199619293213 0.9807850139088371 -0.03806005601501316
v -0.19415099918842316 0.9807850130810308 -0.019122056632398084
v -0.19508999586105347 0.980785012245172 1.620804749021017e-7
v -0.19415099918842316 0.9807850114093148 0.01912234354102755
v -0.19134199619293213 0.9807850105815041 0.03806044350648068
v -0.18669000267982483 0.9807850097697182 0.05663194324159762
v -0.18024000525474548 0.9807850089817722 0.07465804185056825
v -0.1720539927482605 0.9807850082252547 0.09196514453077452
v -0.16221199929714203 0.9807850075074307 0.10838704373026029
v -0.1508069932460785 0.9807850068352807 0.12376404370451106
v -0.13795000314712524 0.9807850062151907 0.13795004601860178
v -0.12376400083303452 0.9807850056531938 0.15080703611755503
v -0.10838600248098373 0.9807850051546652 0.16221204216861854
v -0.09196490049362183 0.980785004724458 0.172054035619737
v -0.07465779781341553 0.980785004366636 0.180240048126222
v -0.056631699204444885 0.9807850040846976 0.1866900455513013
v -0.038060300052165985 0.9807850038813525 0.1913420390644086
v -0.019122300669550896 0.980785003758567 0.19415104205989964
v -1.1920899822825959e-7 0.9807850037175222 0.19509003873252995
v 0.01912200078368187 0.980785003758567 0.19415104205989964
v 0.03805999830365181 0.9807850038813525 0.1913420390644086
v 0.05663150176405907 0.9807850040846976 0.1866900455513013
v 0.07465759664773941 0.980785004366636 0.180240048126222
v 0.09196469932794571 0.980785004724458 0.172054035619737
v 0.10838600248098373 0.9807850051546652 0.16221204216861854
v 0.12376400083303452 0.9807850056531938 0.15080703611755503
v 0.13794900476932526 0.9807850062151907 0.13795004601860178
v 0.1508069932460785 0.9807850068352807 0.12376404370451106
v 0.16221100091934204 0.9807850075074307 0.10838704373026029
v 0.1720539927482605 0.9807850082252417 0.0919654425539984
v 0.18024000525474548 0.9807850089817592 0.07465833987379213
v 0.18669000267982483 0.9807850097697007 0.056632341847659556
v 0.19134199619293213 0.9807850105814824 0.03806094269538068
v 0.19415099918842316 0.9807850114092886 0.0191229433127656
v 0.19508999586105347 0.9807850122451459 7.581274981956233e-7
v 0.19415099918842316 0.9807850130810045 -0.01912145686066003
v 0.19134199619293213 0.9807850139088109 -0.03805945624327511
v 0.18669000267982483 0.9807850147205925 -0.056630855395553986
v 0.18024000525474548 0.9807850155085386 -0.07465695772981491
v 0.17205500602722168 0.9807850162650561 -0.09196406041002118
v 0.16221199929714203 0.9807850169828801 -0.10838595960950695
v 0.1508069932460785 0.9807850176550301 -0.12376295958375773
v 0.13795000314712524 0.98078501827512 -0.13794896189784844
v 0.1237649992108345 0.980785018837117 -0.1508059519968017
v 0.10838700085878372 0.9807850193356457 -0.1622109580478652
v 0.09196589887142181 0.9807850197658965 -0.17205394987678366
v 0.07465890049934387 0.9807850201236749 -0.18023896400546865
v 0.05663289874792099 0.9807850204056132 -0.18668896143054797
v 0.03806139901280403 0.9807850206089583 -0.19134095494365527
v 0.019123500213027 0.9807850207317874 -0.1941509563169463
v -3.576279894446088e-8 0.9807850207728323 -0.1950899529895766
v -3.576279894446088e-8 0.9569400079776085 -0.29028494943516514
v -0.028452899307012558 0.9569400079165001 -0.28888695229428074
v -0.056631799787282944 0.9569400077337872 -0.28470696796314976
v -0.08426529914140701 0.9569400074312167 -0.2777849613560941
v -0.11108700186014175 0.9569400070117182 -0.2681879578961637
v -0.13683900237083435 0.9569400064793135 -0.2560079573525693
v -0.1612740010023117 0.9569400058391604 -0.24136296202080515
v -0.18415500223636627 0.9569400050973778 -0.2243929534091261
v -0.20526200532913208 0.9569400042611356 -0.20526196349995407
v -0.22439299523830414 0.9569400033385191 -0.18415496040718826
v -0.24136300384998322 0.9569400023383151 -0.16127296079533374
v -0.25600799918174744 0.9569400012702709 -0.1368389605416564
v -0.2681879997253418 0.9569400001446152 -0.11108696003096381
v -0.2777850031852722 0.9569399989721925 -0.08426505614655298
v -0.2847070097923279 0.9569399977642938 -0.05663155679242895
v -0.28888699412345886 0.9569399965325549 -0.028452658174803736
v -0.29028499126434326 0.9569399952888406 2.0872218035493632e-7
v -0.28888699412345886 0.9569399940451276 0.028453041719028415
v -0.2847070097923279 0.9569399928133888 0.05663194219929877
v -0.2777850031852722 0.9569399916054899 0.08426544527871312
v -0.2681879997253418 0.9569399904330805 0.11108704368931947
v -0.25600799918174744 0.9569399893074249 0.13683904420001203
v -0.24136300384998322 0.956939988239337 0.16127404283148936
v -0.22439299523830414 0.9569399872391766 0.1841550440655439
v -0.20526200532913208 0.9569399863165602 0.2052620471583097
v -0.18415400385856628 0.956939985480318 0.22439303706748173
v -0.16127300262451172 0.9569399847385354 0.24136304567916078
v -0.13683900237083435 0.9569399840983822 0.256008041010925
v -0.11108700186014175 0.9569399835659775 0.26818804155451936
v -0.08426520228385925 0.9569399831464791 0.2777850450144498
v -0.056631799787282944 0.9569399828439086 0.28470705162150545
v -0.028452999889850616 0.9569399826611956 0.28888703595263643
v -1.5497199967740016e-7 0.9569399826000873 0.29028503309352083
v 0.02845270000398159 0.9569399826611956 0.28888703595263643
v 0.05663150176405907 0.9569399828439086 0.28470705162150545
v 0.08426489681005478 0.9569399831464791 0.2777850450144498
v 0.11108700186014175 0.9569399835659775 0.26818804155451936
v 0.13683900237083435 0.9569399840983822 0.256008041010925
v 0.16127300262451172 0.9569399847385354 0.24136304567916078
v 0.18415400385856628 0.956939985480318 0.22439303706748173
v 0.20526200532913208 0.9569399863165166 0.2052630455361097
v 0.22439299523830414 0.9569399872391766 0.1841550440655439
v 0.24136200547218323 0.956939988239337 0.16127404283148936
v 0.25600799918174744 0.9569399893073812 0.13684004257781202
v 0.2681879997253418 0.9569399904330369 0.11108804206711946
v 0.2777850031852722 0.9569399916054638 0.08426604132516087
v 0.2847070097923279 0.9569399928133582 0.05663264255387488
v 0.28888699412345886 0.9569399940450883 0.028453941376635494
v 0.29028499126434326 0.956939995288802 0.0000010908691296208516
v 0.28888699412345886 0.9569399965325156 -0.028451758517196658
v 0.2847070097923279 0.9569399977642502 -0.05663055841462896
v 0.2777850031852722 0.9569399989721447 -0.08426396091120524
v 0.268189013004303 0.9569400001445716 -0.11108596165316383
v 0.2560090124607086 0.9569400012702273 -0.1368379621638564
v 0.2413640022277832 0.9569400023382715 -0.16127196241753375
v 0.22439399361610413 0.9569400033384755 -0.18415396202938827
v 0.20526300370693207 0.9569400042610919 -0.20526096512215408
v 0.18415600061416626 0.9569400050973341 -0.2243919550313261
v 0.1612749993801117 0.9569400058391168 -0.24136196364300516
v 0.13684099912643433 0.9569400064792692 -0.25600694407360813
v 0.11108899861574173 0.9569400070116739 -0.2681869446172025
v 0.08426690101623535 0.9569400074312167 -0.2777849613560941
v 0.05663349851965904 0.9569400077337872 -0.28470696796314976
v 0.028454799205064774 0.9569400079165001 -0.28888695229428074
v -3.576279894446088e-8 0.9569400079776085 -0.29028494943516514
v -3.576279894446088e-8 0.9238799977685601 -0.38268296852514644
v -0.037509601563215256 0.9238799976880429 -0.38084094658300777
v -0.07465790212154388 0.92387999744715 -0.3753299607317199
v -0.11108700186014175 0.9238799970482837 -0.3662049664537658
v -0.14644700288772583 0.9238799964952468 -0.3535529567281952
v -0.18039600551128387 0.9238799957934167 -0.33749695554182435
v -0.2126079946756363 0.9238799949494814 -0.31818996801779176
v -0.24277199804782867 0.9238799939715698 -0.2958179606477967
v -0.27059799432754517 0.9238799928691683 -0.27059795394346625
v -0.2958180010318756 0.9238799916528553 -0.2427719576637498
v -0.3181900084018707 0.9238799903343011 -0.21260695591375744
v -0.3374969959259033 0.923879988926314 -0.18039596512720507
v -0.35355401039123535 0.9238799874423121 -0.14644596412584707
v -0.36620500683784485 0.923879985896721 -0.111086961476063
v -0.37533000111579895 0.9238799843043456 -0.07465766057178906
v -0.3808409869670868 0.9238799826805374 -0.037509259430622416
v -0.38268300890922546 0.9238799810409444 2.5496107835720935e-7
v -0.3808409869670868 0.9238799794013483 0.03750983938767967
v -0.37533000111579895 0.9238799777775442 0.07465814367129857
v -0.36620500683784485 0.9238799761851864 0.11108704224422028
v -0.35355299711227417 0.9238799746395515 0.14644704327180433
v -0.3374969959259033 0.9238799731555934 0.18039604589536234
v -0.3181900084018707 0.9238799717475626 0.2126080350597147
v -0.2958180010318756 0.9238799704290521 0.24277203843190706
v -0.27059799432754517 0.9238799692127391 0.2705980347116235
v -0.24277199804782867 0.9238799681102933 0.29581905469491515
v -0.2126069962978363 0.923879967132426 0.31819004878594903
v -0.18039600551128387 0.9238799662884907 0.3374970363099816
v -0.14644700288772583 0.9238799655866163 0.35355405077531366
v -0.11108700186014175 0.9238799650336237 0.3662050472219231
v -0.07465790212154388 0.9238799646347574 0.3753300414998772
v -0.037509698420763016 0.9238799643938646 0.38084102735116504
v -2.0265599687263602e-7 0.9238799643133473 0.3826830492933037
v 0.03750929981470108 0.9238799643938646 0.38084102735116504
v 0.07465749979019165 0.9238799646347574 0.3753300414998772
v 0.11108700186014175 0.9238799650336237 0.3662050472219231
v 0.14644600450992584 0.9238799655866163 0.35355405077531366
v 0.1803950071334839 0.9238799662884907 0.3374970363099816
v 0.2126069962978363 0.923879967132426 0.31819004878594903
v 0.2427709996700287 0.9238799681102933 0.29581905469491515
v 0.27059799432754517 0.9238799692126948 0.2705990479905847
v 0.2958180010318756 0.9238799704290521 0.24277203843190706
v 0.31818899512290955 0.9238799717475626 0.2126080350597147
v 0.3374960124492645 0.9238799731555498 0.18039704427316233
v 0.35355299711227417 0.9238799746395079 0.14644804164960432
v 0.36620500683784485 0.9238799761851427 0.11108804062202027
v 0.37533000111579895 0.9238799777775005 0.07465914204909856
v 0.3808409869670868 0.9238799794013044 0.037510841490769956
v 0.38268300890922546 0.9238799810408933 0.0000014232140429467638
v 0.3808409869670868 0.9238799826804849 -0.03750805988714631
v 0.37533101439476013 0.9238799843042844 -0.07465625986263684
v 0.36620599031448364 0.9238799858966774 -0.11108596309826302
v 0.35355401039123535 0.9238799874422685 -0.14644496574804708
v 0.3374980092048645 0.923879988926226 -0.1803939534704439
v 0.3181909918785095 0.9238799903342575 -0.21260595753595746
v 0.2958199977874756 0.923879991652768 -0.2427699609081498
v 0.27059900760650635 0.9238799928691254 -0.27059697046682746
v 0.24277299642562866 0.9238799939715255 -0.2958169473688355
v 0.21260899305343628 0.9238799949493941 -0.3181879712621918
v 0.18039800226688385 0.9238799957933737 -0.33749597206518556
v 0.1464489996433258 0.9238799964952468 -0.3535529567281952
v 0.11108899861574173 0.9238799970482837 -0.3662049664537658
v 0.07466019690036774 0.92387999744715 -0.3753299607317199
v 0.037512000650167465 0.9238799976880429 -0.38084094658300777
v -3.576279894446088e-8 0.9238799977685601 -0.38268296852514644
v -4.768369876728684e-8 0.8819210139335125 -0.47139697392215935
v -0.04620499908924103 0.8819210138342871 -0.469126960828211
v -0.09196499735116959 0.8819210135375748 -0.4623389752649328
v -0.13683900237083435 0.8819210130462585 -0.4510989697717687
v -0.18039600551128387 0.8819210123650163 -0.435513964488413
v -0.22221499681472778 0.8819210115004488 -0.41573496778240415
v -0.26189398765563965 0.8819210104608609 -0.3919519694589636
v -0.2990509867668152 0.8819210092563055 -0.36439495403995725
v -0.3333280086517334 0.8819210078983244 -0.33332797010174015
v -0.36439499258995056 0.881921006400028 -0.299050948216822
v -0.3919520080089569 0.881921004775844 -0.26189394910564645
v -0.41573500633239746 0.8819210030414201 -0.2222149582647346
v -0.43551400303840637 0.8819210012134538 -0.18039596696129076
v -0.4510990083217621 0.8819209993095166 -0.13683896382084126
v -0.46233901381492615 0.8819209973479984 -0.09196466077795268
v -0.46912699937820435 0.8819209953477654 -0.04620466251602417
v -0.4713970124721527 0.8819209933280822 3.008099808845574e-7
v -0.46912699937820435 0.8819209913084001 0.04620523880491003
v -0.46233901381492615 0.8819209893081669 0.09196523706683854
v -0.4510979950428009 0.8819209873466269 0.13684003929862715
v -0.43551400303840637 0.8819209854427333 0.18039604406127666
v -0.41573500633239746 0.8819209836147671 0.2222150353647205
v -0.3919520080089569 0.8819209818803432 0.2618940262056323
v -0.36439400911331177 0.8819209802561592 0.29905102531680783
v -0.3333280086517334 0.8819209787578628 0.333328047201726
v -0.2990509867668152 0.8819209773998817 0.3643950311399431
v -0.26189398765563965 0.8819209761953263 0.39195204655894944
v -0.22221499681472778 0.8819209751557384 0.41573504488239
v -0.18039600551128387 0.8819209742911709 0.43551404158839885
v -0.13683900237083435 0.8819209736099287 0.45109904687175456
v -0.09196499735116959 0.8819209731186124 0.4623390523649186
v -0.046205099672079086 0.8819209728219001 0.4691270379281968
v -2.3841900542720396e-7 0.8819209727226747 0.4713970510221452
v 0.04620460048317909 0.8819209728219001 0.4691270379281968
v 0.09196449816226959 0.8819209731186124 0.4623390523649186
v 0.13683900237083435 0.8819209736099287 0.45109904687175456
v 0.1803950071334839 0.8819209742911709 0.43551404158839885
v 0.2222139984369278 0.8819209751557384 0.41573504488239
v 0.26189300417900085 0.8819209761953263 0.39195204655894944
v 0.2990500032901764 0.8819209773998817 0.3643950311399431
v 0.3333269953727722 0.8819209787578198 0.3333290306783648
v 0.36439400911331177 0.8819209802561149 0.299052038595769
v 0.3919509947299957 0.8819209818802989 0.2618950394845935
v 0.4157339930534363 0.8819209836147235 0.2222160337425205
v 0.4355129897594452 0.8819209854426897 0.18039704243907664
v 0.4510979950428009 0.8819209873465832 0.13684103767642714
v 0.46233901381492615 0.8819209893081145 0.09196643661031464
v 0.46912699937820435 0.8819209913083388 0.04620663951406225
v 0.4713970124721527 0.8819209933280185 0.0000017551599653267164
v 0.46912699937820435 0.8819209953476997 -0.04620316122403389
v 0.46233901381492615 0.8819209973479285 -0.09196305890312434
v 0.4510990083217621 0.8819209993094294 -0.1368369670652413
v 0.43551498651504517 0.8819210012133659 -0.1803939553045296
v 0.41573598980903625 0.8819210030413328 -0.22221296150913464
v 0.3919529914855957 0.8819210047757566 -0.2618919523500465
v 0.36439600586891174 0.8819210063999408 -0.299048951461222
v 0.3333300054073334 0.881921007898237 -0.33332597334614017
v 0.29905301332473755 0.8819210092562181 -0.3643929572843573
v 0.261896014213562 0.8819210104608166 -0.3919509561800024
v 0.22221699357032776 0.8819210115003615 -0.4157329710268042
v 0.18039800226688385 0.881921012364972 -0.4355129512094518
v 0.13684199750423431 0.8819210130462142 -0.45109795649280754
v 0.09196790307760239 0.8819210135375305 -0.4623379619859716
v 0.04620809853076935 0.8819210138342871 -0.469126960828211
v -4.768369876728684e-8 0.8819210139335125 -0.47139697392215935
v -4.768369876728684e-8 0.8314700369495317 -0.5555699700258334
v -0.05445550009608269 0.8314700368326038 -0.5528949731729587
v -0.10838600248098373 0.831470036482912 -0.5448949569604953
v -0.1612740010023117 0.8314700359038666 -0.5316479438684543
v -0.2126079946756363 0.8314700351009755 -0.5132799381158908
v -0.26189398765563965 0.8314700340820198 -0.48996894897442667
v -0.30865800380706787 0.8314700328568334 -0.46193995417576644
v -0.35245001316070557 0.8314700314371747 -0.42946194948178146
v -0.39284801483154297 0.8314700298366828 -0.392846965207871
v -0.4294619858264923 0.8314700280708743 -0.3524499768159948
v -0.4619399905204773 0.8314700261566647 -0.30865796746235713
v -0.4899689853191376 0.8314700241125446 -0.26189395131092896
v -0.5132799744606018 0.8314700219581416 -0.21260695995312567
v -0.5316479802131653 0.8314700197142614 -0.16127296627980114
v -0.5448949933052063 0.831470017402497 -0.1083859661362732
v -0.5528950095176697 0.8314700150451023 -0.054455065145310275
v -0.5555700063705444 0.8314700126647806 3.4628870977340407e-7
v -0.5528950095176697 0.8314700102844598 0.05445573760646917
v -0.5448949933052063 0.8314700079270476 0.10838703720349403
v -0.5316479802131653 0.8314700056152833 0.16127403734702195
v -0.5132799744606018 0.8314700033714031 0.21260803102034648
v -0.4899689853191376 0.8314700012170437 0.2618940240003498
v -0.4619399905204773 0.8314699991728807 0.30865902362841674
v -0.4294610023498535 0.831469997258714 0.35245004950541564
v -0.3928470015525818 0.8314699954928612 0.392848051176253
v -0.35245001316070557 0.8314699938924136 0.4294620221712023
v -0.30865800380706787 0.8314699924727549 0.46194002686518726
v -0.26189398765563965 0.8314699912475685 0.4899690216638475
v -0.2126069962978363 0.8314699902286128 0.5132800108053117
v -0.16127300262451172 0.8314699894257217 0.5316480165578752
v -0.10838600248098373 0.8314699888466763 0.5448950296499162
v -0.054455600678920746 0.8314699884969845 0.5528950458623796
v -2.8610199365175504e-7 0.8314699883800566 0.5555700427152543
v 0.054455000907182693 0.8314699884969845 0.5528950458623796
v 0.10838600248098373 0.8314699888466763 0.5448950296499162
v 0.16127300262451172 0.8314699894257217 0.5316480165578752
v 0.2126069962978363 0.8314699902286128 0.5132800108053117
v 0.26189300417900085 0.8314699912475242 0.48997003494280866
v 0.3086569905281067 0.8314699924727549 0.46194002686518726
v 0.3524489998817444 0.8314699938924136 0.4294620221712023
v 0.3928470015525818 0.8314699954928612 0.392848051176253
v 0.4294610023498535 0.831469997258671 0.35245103298205444
v 0.4619390070438385 0.8314699991728807 0.30865902362841674
v 0.4899689853191376 0.8314700012169994 0.26189503727931096
v 0.5132790207862854 0.8314700033713595 0.21260902939814647
v 0.5316470265388489 0.8314700056152396 0.16127503572482194
v 0.5448949933052063 0.831470007927004 0.10838803558129402
v 0.5528950095176697 0.8314700102843898 0.05445733575600721
v 0.5555700063705444 0.8314700126647055 0.000002062904679144962
v 0.5528950095176697 0.8314700150450235 -0.05445326210480582
v 0.5448960065841675 0.8314700174024094 -0.10838396193009263
v 0.5316479802131653 0.8314700197141741 -0.16127096952420117
v 0.513280987739563 0.8314700219580543 -0.2126049631975257
v 0.48996999859809875 0.8314700241124572 -0.261891954555329
v 0.4619410037994385 0.8314700261565774 -0.30865597070675715
v 0.4294629991054535 0.8314700280707857 -0.35244795025807246
v 0.39285001158714294 0.8314700298365956 -0.392844968452271
v 0.35245200991630554 0.8314700314370874 -0.4294599527261815
v 0.30866101384162903 0.8314700328567461 -0.46193795742016647
v 0.2618969976902008 0.8314700340819768 -0.48996796549778787
v 0.21261100471019745 0.8314700351009339 -0.5132789844415744
v 0.16127699613571167 0.831470035903825 -0.5316469901941379
v 0.10839000344276428 0.8314700364828677 -0.5448939436815341
v 0.05445899814367294 0.8314700368326038 -0.5528949731729587
v -4.768369876728684e-8 0.8314700369495317 -0.5555699700258334
v -4.768369876728684e-8 0.7730100432178693 -0.6343929429715209
v -0.0621814988553524 0.7730100430843763 -0.6313389797871642
v -0.12376400083303452 0.7730100426850723 -0.6222039719288879
v -0.18415500223636627 0.7730100420238057 -0.6070759554570252
v -0.24277199804782867 0.7730100411070482 -0.586102988309198
v -0.2990509867668152 0.7730100399435382 -0.5594849844639832
v -0.35245001316070557 0.7730100385445103 -0.5274789591496521
v -0.40245500206947327 0.7730100369234306 -0.49039297897272655
v -0.4485839903354645 0.7730100350959 -0.4485839565461214
v -0.4903930127620697 0.7730100330795379 -0.4024549682801302
v -0.5274789929389954 0.7730100308937503 -0.3524499793713626
v -0.5594850182533264 0.7730100285596045 -0.29905095297747225
v -0.5861030220985413 0.7730100260995717 -0.24277196425848577
v -0.6070770025253296 0.7730100235372978 -0.18415397006922343
v -0.6222040057182312 0.7730100208975667 -0.12376396704369173
v -0.6313390135765076 0.7730100182056925 -0.062181066459947754
v -0.6343929767608643 0.7730100154876545 3.9141735341383645e-7
v -0.6313390135765076 0.7730100127696171 0.062181834393209165
v -0.6222040057182312 0.7730100100777736 0.12376403462237705
v -0.6070759892463684 0.7730100074379989 0.18415503602570873
v -0.5861030220985413 0.7730100048757685 0.24277203183717108
v -0.5594850182533264 0.7730100024157357 0.29905102055615757
v -0.5274789929389954 0.7730100000815899 0.3524500469500479
v -0.4903919994831085 0.7730099978958024 0.40245503585881554
v -0.4485830068588257 0.7730099958794402 0.4485840241248067
v -0.4024539887905121 0.7730099940519096 0.49039304655141186
v -0.35245001316070557 0.7730099924308299 0.5274790267283375
v -0.2990509867668152 0.773009991031802 0.5594850520426685
v -0.24277199804782867 0.7730099898682921 0.5861030558878834
v -0.18415500223636627 0.7730099889514902 0.6070770363146717
v -0.12376400083303452 0.7730099882902679 0.6222040395075732
v -0.06218159943819046 0.773009987890964 0.6313390473658496
v -3.2186500220632297e-7 0.773009987757471 0.6343930105502062
v 0.06218099966645241 0.773009987890964 0.6313390473658496
v 0.12376300245523453 0.7730099882902679 0.6222040395075732
v 0.18415400385856628 0.7730099889514902 0.6070770363146717
v 0.2427709996700287 0.7730099898682921 0.5861030558878834
v 0.2990500032901764 0.773009991031802 0.5594850520426685
v 0.3524489998817444 0.7730099924308299 0.5274790267283375
v 0.4024539887905121 0.7730099940519096 0.49039304655141186
v 0.4485830068588257 0.7730099958793959 0.4485850374037679
v 0.4903919994831085 0.7730099978957594 0.40245601933545433
v 0.5274779796600342 0.773010000081547 0.3524510304266867
v 0.5594840049743652 0.7730100024156914 0.29905203383511875
v 0.5861020088195801 0.7730100048757249 0.24277303021497107
v 0.6070759892463684 0.7730100074379552 0.18415603440350872
v 0.62220299243927 0.7730100100776862 0.12376603137797702
v 0.6313380002975464 0.7730100127695385 0.06218363370842332
v 0.6343929767608643 0.773010015487569 0.0000023464492870896896
v 0.6313390135765076 0.7730100182056007 -0.06217896539621942
v 0.6222040057182312 0.7730100208974354 -0.12376096445971117
v 0.6070770025253296 0.7730100235372104 -0.18415197331362346
v 0.5861039757728577 0.7730100260994408 -0.2427689691250858
v 0.5594859719276428 0.7730100285594743 -0.2990479727452335
v 0.5274800062179565 0.7730100308936187 -0.3524469693368014
v 0.4903950095176697 0.7730100330794063 -0.40245195824556906
v 0.44858598709106445 0.7730100350957698 -0.4485809763138826
v 0.4024580121040344 0.7730100369232991 -0.4903899689381654
v 0.35245299339294434 0.7730100385444244 -0.5274769921963746
v 0.29905399680137634 0.7730100399434496 -0.5594829579060608
v 0.24277499318122864 0.7730100411069596 -0.5861009617512757
v 0.18415799736976624 0.7730100420237614 -0.607074942178064
v 0.12376800179481506 0.7730100426850282 -0.6222029586499267
v 0.06218560039997101 0.773010043084332 -0.6313379665082031
v -4.768369876728684e-8 0.7730100432178693 -0.6343929429715209
v -5.96045985901128e-8 0.7071070384121394 -0.7071069765948783
v -0.06930869817733765 0.7071070382633006 -0.7037019420527946
v -0.13795000314712524 0.7071070378182328 -0.6935199786090385
v -0.20526200532913208 0.7071070370812141 -0.6766589570903312
v -0.27059799432754517 0.7071070360593286 -0.653280942525817
v -0.3333280086517334 0.7071070347625003 -0.6236129690074455
v -0.39284801483154297 0.7071070332030969 -0.5879379797839653
v -0.4485839903354645 0.7071070313961985 -0.5466009665393364
v -0.5 0.7071070293592041 -0.49999996909136896
v -0.5466009974479675 0.7071070271117388 -0.4485839594268335
v -0.5879380106925964 0.7071070246753975 -0.39284697064395085
v -0.6236129999160767 0.7071070220737397 -0.3333279777431025
v -0.6532819867134094 0.7071070193317235 -0.27059796341891434
v -0.6766589879989624 0.7071070164757965 -0.20526197442050134
v -0.6935200095176697 0.7071070135334516 -0.13794897386069457
v -0.7037019729614258 0.7071070105330666 -0.06930816807980705
v -0.7071070075035095 0.7071070075034911 4.3622062428062383e-7
v -0.7037019729614258 0.707107004473916 0.06930903455977258
v -0.6935200095176697 0.7071070014735223 0.13795003405575565
v -0.6766589879989624 0.7071069985311775 0.20526303461556242
v -0.6532809734344482 0.7071069956752499 0.2705990385151366
v -0.6236119866371155 0.7071069929332781 0.3333280395603636
v -0.5879380106925964 0.7071069903315759 0.3928480457401731
v -0.5466009974479675 0.7071069878952789 0.4485840212440946
v -0.5 0.7071069856478136 0.50000003090863
v -0.4485830068588257 0.7071069836108193 0.5466010283565975
v -0.3928470015525818 0.7071069818039208 0.5879380416012264
v -0.3333280086517334 0.7071069802445175 0.6236130308247065
v -0.27059799432754517 0.7071069789476448 0.6532820176220393
v -0.20526200532913208 0.7071069779258036 0.6766590189075923
v -0.13795000314712524 0.7071069771887849 0.6935200404262996
v -0.069308802485466 0.7071069767437171 0.7037020038700557
v -3.576280107608909e-7 0.7071069765948783 0.7071070384121394
v 0.06930810213088989 0.7071069767437171 0.7037020038700557
v 0.13794900476932526 0.7071069771887849 0.6935200404262996
v 0.20526200532913208 0.7071069779258036 0.6766590189075923
v 0.27059701085090637 0.7071069789476448 0.6532820176220393
v 0.3333269953727722 0.7071069802445175 0.6236130308247065
v 0.3928459882736206 0.7071069818039208 0.5879380416012264
v 0.4485830068588257 0.707106983610775 0.5466020416355587
v 0.4999989867210388 0.7071069856477693 0.5000010441875912
v 0.5465999841690063 0.7071069878952346 0.44858503452305576
v 0.5879369974136353 0.7071069903315329 0.3928490292168119
v 0.6236119866371155 0.7071069929332351 0.3333290230370024
v 0.6532809734344482 0.707106995675207 0.2706000219917754
v 0.6766579747200012 0.7071069985311339 0.2052640329933624
v 0.6935200095176697 0.7071070014734351 0.13795203081135562
v 0.7037019729614258 0.7071070044738287 0.06931103131537256
v 0.7071070075035095 0.7071070075033963 0.0000026058286481859333
v 0.7037019729614258 0.707107010532966 -0.0693058658504026
v 0.6935200095176697 0.7071070135333637 -0.1379469622039334
v 0.6766600012779236 0.707107016475665 -0.20525896438594018
v 0.6532829999923706 0.7071070193315931 -0.2705949831866756
v 0.6236140131950378 0.707107022073608 -0.33332496770854136
v 0.587939977645874 0.7071070246753103 -0.3928449738883509
v 0.5466030240058899 0.7071070271116086 -0.4485809791945947
v 0.5000029802322388 0.7071070293590725 -0.4999969590568078
v 0.44858700037002563 0.70710703139611 -0.5465989399814141
v 0.39285099506378174 0.7071070332030083 -0.587935953226043
v 0.33333098888397217 0.7071070347624117 -0.6236109424495231
v 0.2706019878387451 0.7071070360592869 -0.6532799888515006
v 0.20526599884033203 0.7071070370811698 -0.67665794381137
v 0.1379539966583252 0.7071070378181885 -0.6935189653300773
v 0.06931319832801819 0.7071070382632589 -0.7037009883784782
v -5.96045985901128e-8 0.7071070384121394 -0.7071069765948783
v -5.96045985901128e-8 0.6343930105502062 -0.773009987757471
v -0.07576840370893478 0.634393010387512 -0.7692879757144717
v -0.1508069932460785 0.6343930099009609 -0.7581569871166018
v -0.22439299523830414 0.6343930090952716 -0.7397249659755496
v -0.2958180010318756 0.6343930079781405 -0.7141679844119816
v -0.36439499258995056 0.6343930065604058 -0.6817339977481632
v -0.4294619858264923 0.6343930048557044 -0.642734976694849
v -0.4903930127620697 0.6343930028803877 -0.5975450000026494
v -0.5466009974479675 0.6343930006535532 -0.5466009697177678
v -0.5975450277328491 0.6343929981965798 -0.4903919717529089
v -0.6427350044250488 0.6343929955332012 -0.42946097461965393
v -0.6817349791526794 0.6343929926890324 -0.36439398138311224
v -0.7141690254211426 0.6343929896914797 -0.2958179733016762
v -0.7397249937057495 0.6343929865693935 -0.22439296750810478
v -0.7581570148468018 0.6343929833528034 -0.15080596713807923
v -0.7692880034446716 0.6343929800727838 -0.07576786933925499
v -0.7730100154876709 0.6343929767608448 4.568832038306959e-7
v -0.7692880034446716 0.6343929734489083 0.07576872946235773
v -0.7581570148468018 0.6343929701688802 0.1508070209762775
v -0.7397249937057495 0.6343929669522901 0.22439402134630304
v -0.7141680121421814 0.6343929638302032 0.29581904204103565
v -0.681734025478363 0.6343929608326517 0.3643950203201493
v -0.6427339911460876 0.634392957988483 0.429462013556691
v -0.5975450277328491 0.6343929553251031 0.49039304049226834
v -0.5465999841690063 0.634392952868174 0.5466010251781661
v -0.4903919994831085 0.6343929506412979 0.5975460091373641
v -0.4294610023498535 0.6343929486660228 0.6427350321552473
v -0.36439400911331177 0.6343929469612797 0.6817350068828779
v -0.2958180010318756 0.6343929455435424 0.714169053151341
v -0.22439299523830414 0.6343929444264556 0.7397250214359479
v -0.1508069932460785 0.6343929436207663 0.7581570425770001
v -0.07576850056648254 0.6343929431342152 0.76928803117487
v -3.8146998804222676e-7 0.6343929429715209 0.7730100432178693
v 0.07576770335435867 0.6343929431342152 0.76928803117487
v 0.1508059948682785 0.6343929436207663 0.7581570425770001
v 0.22439199686050415 0.6343929444264556 0.7397250214359479
v 0.29581698775291443 0.6343929455435424 0.714169053151341
v 0.36439400911331177 0.6343929469612797 0.6817350068828779
v 0.4294610023498535 0.6343929486660228 0.6427350321552473
v 0.4903919994831085 0.6343929506412979 0.5975460091373641
v 0.5465999841690063 0.6343929528681297 0.5466020384571273
v 0.5975440144538879 0.6343929553250601 0.49039402396890713
v 0.6427339911460876 0.6343929579884388 0.4294630268356522
v 0.6817330121994019 0.6343929608326074 0.3643960335991105
v 0.7141680121421814 0.6343929638301602 0.29582002551767445
v 0.7397239804267883 0.6343929669522458 0.22439503462526422
v 0.7581570148468018 0.6343929701687923 0.15080903263303866
v 0.7692880034446716 0.6343929734488122 0.07577092738363382
v 0.7730100154876709 0.6343929767607406 0.000002841070160136405
v 0.7692880034446716 0.6343929800726701 -0.07576526908662666
v 0.7581580281257629 0.634392983352716 -0.15080397038247925
v 0.7397260069847107 0.6343929865692625 -0.22438997237470482
v 0.714169979095459 0.6343929896913482 -0.29581496326711504
v 0.6817359924316406 0.6343929926889008 -0.3643909713485511
v 0.6427369713783264 0.6343929955330696 -0.4294579645850928
v 0.5975480079650879 0.6343929981964925 -0.4903899749973089
v 0.5466039776802063 0.634393000653423 -0.5465979894855291
v 0.49039599299430847 0.6343930028802548 -0.5975419601657659
v 0.42946499586105347 0.634393004855574 -0.6427319964626103
v 0.3643989861011505 0.6343930065603172 -0.6817319711902409
v 0.29582300782203674 0.6343930079780962 -0.7141669711330204
v 0.22439800202846527 0.6343930090952273 -0.7397239526965884
v 0.15081200003623962 0.6343930099009166 -0.7581559738376407
v 0.07577329874038696 0.634393010387512 -0.7692879757144717
v -5.96045985901128e-8 0.6343930105502062 -0.773009987757471
v -5.96045985901128e-8 0.5555700427152543 -0.8314699883800566
v -0.0814983993768692 0.5555700425402338 -0.827465986762625
v -0.16221199929714203 0.5555700420168763 -0.8154929633480131
v -0.24136300384998322 0.5555700411502545 -0.7956669683795988
v -0.3181900084018707 0.5555700399486718 -0.7681779618602812
v -0.3919520080089569 0.5555700384237119 -0.7332909460407316
v -0.4619399905204773 0.5555700365900639 -0.6913419719081939
v -0.5274789929389954 0.5555700344653847 -0.6427349801403106
v -0.5879380106925964 0.5555700320701319 -0.5879379864078583
v -0.6427350044250488 0.5555700294273841 -0.5274789686542573
v -0.6913419961929321 0.5555700265625831 -0.46193996623573935
v -0.73329097032547 0.5555700235033112 -0.391951983724219
v -0.7681779861450195 0.5555700202790274 -0.3181889708381717
v -0.7956669926643372 0.5555700169208564 -0.24136297956524547
v -0.8154929876327515 0.5555700134610123 -0.16221097663460438
v -0.8274660110473633 0.5555700099329262 -0.08149777904568387
v -0.8314700126647949 0.555570006370523 5.011217251754095e-7
v -0.8274660110473633 0.555570002808118 0.08149882599295885
v -0.8154929876327515 0.5555699992800318 0.16221202358187936
v -0.7956669926643372 0.5555699958202314 0.24136302813472046
v -0.7681779861450195 0.5555699924620162 0.3181900326866079
v -0.7332900166511536 0.5555699892377336 0.3919530157703328
v -0.691340982913971 0.5555699861785046 0.46194001480521435
v -0.6427339911460876 0.5555699833137037 0.5274790172237324
v -0.5879369974136353 0.5555699806709559 0.5879380349773334
v -0.5274779796600342 0.5555699782757031 0.6427350287097857
v -0.4619390070438385 0.5555699761510239 0.691342020477669
v -0.3919520080089569 0.5555699743173759 0.7332909946102067
v -0.31818899512290955 0.5555699727924159 0.7681780104297563
v -0.24136300384998322 0.5555699715908332 0.7956670169490739
v -0.16221199929714203 0.5555699707242114 0.8154930119174882
v -0.08149850368499756 0.555569970200854 0.8274660353321001
v -4.0531199374527205e-7 0.5555699700258334 0.8314700369495317
v 0.08149769902229309 0.555569970200854 0.8274660353321001
v 0.16221100091934204 0.5555699707242114 0.8154930119174882
v 0.24136200547218323 0.5555699715908332 0.7956670169490739
v 0.31818899512290955 0.5555699727924159 0.7681780104297563
v 0.3919509947299957 0.5555699743173759 0.7332909946102067
v 0.4619390070438385 0.5555699761509796 0.6913430337566302
v 0.5274779796600342 0.5555699782756588 0.6427360419887469
v 0.5879369974136353 0.5555699806709116 0.5879390482562946
v 0.6427339911460876 0.5555699833136594 0.5274800305026935
v 0.691340982913971 0.5555699861784603 0.46194102808417553
v 0.7332900166511536 0.5555699892376893 0.391954029049294
v 0.7681769728660583 0.5555699924619288 0.31819202944220787
v 0.795665979385376 0.5555699958201441 0.24136502489032044
v 0.8154929876327515 0.5555699992799445 0.16221402033747934
v 0.8274660110473633 0.5555700028080176 0.0815011207717827
v 0.8314700126647949 0.5555700063704115 0.0000030522047393438053
v 0.8274660110473633 0.5555700099328079 -0.08149507448492718
v 0.8154940009117126 0.5555700134608814 -0.1622079815012044
v 0.7956680059432983 0.5555700169207248 -0.2413599695306843
v 0.7681789994239807 0.555570020278897 -0.31818599060593294
v 0.7332929968833923 0.5555700235031796 -0.39194897368965786
v 0.6913440227508545 0.5555700265624086 -0.4619359727245394
v 0.6427369713783264 0.5555700294272539 -0.5274759884220185
v 0.5879409909248352 0.555570032069999 -0.5879349465709748
v 0.5274819731712341 0.5555700344652543 -0.6427319999080718
v 0.46194401383399963 0.5555700365899335 -0.6913389916759551
v 0.39195600152015686 0.5555700384235815 -0.7332879658084929
v 0.3181940019130707 0.5555700399485858 -0.7681759949070036
v 0.24136799573898315 0.5555700411501685 -0.7956650014263212
v 0.16221700608730316 0.555570042016832 -0.815491950069052
v 0.08150369673967361 0.5555700425401895 -0.8274649734836638
v -5.96045985901128e-8 0.5555700427152543 -0.8314699883800566
v -5.96045985901128e-8 0.4713970510221452 -0.8819209727226747
v -0.08644349873065948 0.4713970508365468 -0.8776749762474549
v -0.1720539927482605 0.4713970502814112 -0.8649749549805177
v -0.25600799918174744 0.47139704936220456 -0.8439459594666017
v -0.3374969959259033 0.4713970480877123 -0.8147889765678896
v -0.41573500633239746 0.4713970464702163 -0.7777849825798525
v -0.4899689853191376 0.4713970445253202 -0.7332909497200503
v -0.5594850182533264 0.4713970422716945 -0.6817340048729434
v -0.6236129999160767 0.47139703973109937 -0.6236119660316959
v -0.6817349791526794 0.4713970369280204 -0.5594849976479069
v -0.73329097032547 0.4713970338893779 -0.4899689647137182
v -0.7777850031852722 0.4713970306444632 -0.415733972448017
v -0.8147889971733093 0.4713970272245723 -0.3374959918438453
v -0.8439459800720215 0.4713970236626179 -0.2560079785763283
v -0.8649749755859375 0.47139701999287154 -0.17205397214284143
v -0.8776749968528748 0.47139701625069175 -0.08644288207879275
v -0.8819209933280945 0.4713970124721304 5.212844122720033e-7
v -0.8776749968528748 0.47139700869356915 0.08644392166743053
v -0.8649749755859375 0.4713970049513887 0.1720550266326404
v -0.8439459800720215 0.47139700128164236 0.2560090330661272
v -0.8147889971733093 0.4713969977196893 0.33749701653132186
v -0.7777850031852722 0.47139699429979703 0.41573502693781594
v -0.7332900166511536 0.4713969910548823 0.4899700192035171
v -0.681734025478363 0.47139698801628416 0.5594850388587448
v -0.6236119866371155 0.4713969852131609 0.6236130205214949
v -0.5594840049743652 0.47139698267256835 0.6817349997580977
v -0.4899689853191376 0.4713969804189843 0.7332909909308881
v -0.4157339930534363 0.47139697847408824 0.7777850237906904
v -0.3374960124492645 0.4713969768565922 0.8147890177787275
v -0.25600799918174744 0.4713969755821 0.8439460006774395
v -0.1720539927482605 0.4713969746628933 0.8649749961913555
v -0.0864436998963356 0.4713969741077577 0.8776750174582928
v -4.2915300468848727e-7 0.47139697392215935 0.8819210139335125
v 0.08644279837608337 0.4713969741077577 0.8776750174582928
v 0.1720539927482605 0.4713969746628933 0.8649749961913555
v 0.25600698590278625 0.4713969755821 0.8439460006774395
v 0.3374960124492645 0.4713969768565922 0.8147890177787275
v 0.4157339930534363 0.471396978474044 0.7777860370696515
v 0.4899680018424988 0.47139698041894 0.7332920042098493
v 0.5594840049743652 0.47139698267256835 0.6817349997580977
v 0.6236109733581543 0.4713969852131166 0.6236140338004561
v 0.6817330121994019 0.47139698801624247 0.5594859925330612
v 0.7332890033721924 0.471396991054838 0.4899710324824783
v 0.777783989906311 0.47139699429970977 0.4157370236934159
v 0.8147879838943481 0.471396997719602 0.33749901328692183
v 0.8439450263977051 0.4713970012815551 0.2560110298217272
v 0.8649749755859375 0.47139700495130143 0.1720570233882404
v 0.8776739835739136 0.4713970086934601 0.0864464176119305
v 0.8819209933280945 0.4713970124720116 0.0000032392553272724785
v 0.8776749968528748 0.47139701625056474 -0.08643997635235995
v 0.8649759888648987 0.4713970199927406 -0.17205097700944147
v 0.8439469933509827 0.4713970236624863 -0.25600496854176713
v 0.8147900104522705 0.4713970272244407 -0.33749298180928416
v 0.7777870297431946 0.4713970306443329 -0.41573099221577825
v 0.7332929968833923 0.47139703388924764 -0.48996598448147943
v 0.6817370057106018 0.4713970369278875 -0.5594819578110234
v 0.6236159801483154 0.4713970397309691 -0.6236089857994571
v 0.5594890117645264 0.4713970422715616 -0.6817309650360599
v 0.4899730086326599 0.47139704452518993 -0.7332879694878115
v 0.4157389998435974 0.4713970464701277 -0.7777829560219301
v 0.33750200271606445 0.4713970480876237 -0.8147869500099673
v 0.25601300597190857 0.47139704936211857 -0.8439439925133241
v 0.17205999791622162 0.4713970502813695 -0.8649740013062013
v 0.08644919842481613 0.4713970508365025 -0.8776739629684938
v -5.96045985901128e-8 0.4713970510221452 -0.8819209727226747
v -5.96045985901128e-8 0.3826830492933037 -0.9238799643133473
v -0.09055610001087189 0.3826830490988313 -0.9194309544180226
v -0.18024000525474548 0.3826830485172952 -0.9061269592855763
v -0.2681879997253418 0.3826830475543777 -0.8840979766462636
v -0.35355401039123535 0.38268304621921345 -0.8535529803846669
v -0.43551400303840637 0.38268304452478513 -0.8147889804457021
v -0.5132799744606018 0.382683042487353 -0.7681779694174123
v -0.5861030220985413 0.38268304012650195 -0.7141679954145743
v -0.6532819867134094 0.38268303746504484 -0.6532809567068412
v -0.7141690254211426 0.38268303452860314 -0.5861030053709343
v -0.7681779861450195 0.3826830313454065 -0.5132799577329948
v -0.8147889971733093 0.3826830279461034 -0.4355129730318383
v -0.8535529971122742 0.3826830243635182 -0.35355298038466737
v -0.8840979933738708 0.38268302063209547 -0.26818798299773505
v -0.9061279892921448 0.3826830167877227 -0.1802389901493389
v -0.9194309711456299 0.38268301286753176 -0.090555479786237
v -0.9238799810409546 0.38268300890920215 5.412486055218537e-7
v -0.9194309711456299 0.3826830049508702 0.09055661592737822
v -0.9061269760131836 0.3826830010306402 0.18024102036015174
v -0.8840969800949097 0.3826829971863104 0.26818902973190917
v -0.8535529971122742 0.38268299345488765 0.3535540271188415
v -0.8147889971733093 0.3826829898723024 0.4355140197660124
v -0.7681769728660583 0.38268298647299936 0.5132810044671688
v -0.7141680121421814 0.3826829832898053 0.5861039925004635
v -0.6532809734344482 0.38268298035336107 0.6532820034410152
v -0.5861020088195801 0.3826829776919039 0.7141690421487483
v -0.5132790207862854 0.38268297533109713 0.7681780028726252
v -0.4355129897594452 0.382682973293665 0.814789013900915
v -0.35355299711227417 0.3826829715992367 0.8535530138398797
v -0.2681879997253418 0.38268297026407244 0.8840980101014764
v -0.18024000525474548 0.382682969301155 0.9061269927407891
v -0.090556301176548 0.3826829687196189 0.9194309878732354
v -4.5299501039153256e-7 0.38268296852514644 0.9238799977685601
v 0.09055539965629578 0.3826829687196189 0.9194309878732354
v 0.1802390068769455 0.3826829693011107 0.9061280060197503
v 0.2681869864463806 0.38268297026407244 0.8840980101014764
v 0.3535520136356354 0.3826829715991924 0.8535540271188409
v 0.4355129897594452 0.3826829732936207 0.8147900271798761
v 0.5132790207862854 0.38268297533105283 0.7681790161515863
v 0.5861020088195801 0.3826829776918622 0.7141699958230647
v 0.6532800197601318 0.38268298035331677 0.6532830167199764
v 0.7141669988632202 0.382682983289761 0.5861050057794247
v 0.7681760191917419 0.38268298647295507 0.51328201774613
v 0.8147879838943481 0.38268298987221516 0.43551601652161237
v 0.853551983833313 0.3826829934548004 0.35355602387444146
v 0.8840969800949097 0.3826829971862231 0.26819102648750914
v 0.9061269760131836 0.3826830010305529 0.18024301711575172
v 0.9194300174713135 0.3826830049507565 0.09055921618000655
v 0.9238799810409546 0.38268300890907814 0.0000033784276163613145
v 0.9194309711456299 0.3826830128674008 -0.09055248465283704
v 0.9061279892921448 0.3826830167875911 -0.18023598011477773
v 0.884099006652832 0.3826830206319209 -0.2681839894865351
v 0.8535550236701965 0.38268302436338664 -0.3535499703501062
v 0.8147910237312317 0.3826830279459732 -0.4355099927995995
v 0.7681800127029419 0.3826830313452319 -0.5132759642217949
v 0.7141720056533813 0.3826830345284286 -0.5860990118597343
v 0.653285026550293 0.38268303746491455 -0.6532779764746024
v 0.5861070156097412 0.38268304012636906 -0.7141649555776908
v 0.5132840275764465 0.38268304248722274 -0.7681749891851736
v 0.4355190098285675 0.38268304452465485 -0.8147860002134634
v 0.3535589873790741 0.38268304621912486 -0.8535509538267445
v 0.2681939899921417 0.3826830475542917 -0.884096009692986
v 0.1802459955215454 0.3826830485172535 -0.9061260056112599
v 0.09056209772825241 0.38268304909878964 -0.9194300007437062
v -5.96045985901128e-8 0.3826830492933037 -0.9238799643133473
v -7.152559788892177e-8 0.29028503309352083 -0.9569399826000873
v -0.09379670023918152 0.2902850328920998 -0.9523320071171466
v -0.18669000267982483 0.29028503228979863 -0.9385529629658406
v -0.2777850031852722 0.29028503129239347 -0.915734993643636
v -0.36620500683784485 0.2902850299094956 -0.8840979806851094
v -0.4510990083217621 0.2902850281543953 -0.84394596738326
v -0.5316479802131653 0.2902850260440536 -0.7956669799755758
v -0.6070770025253296 0.2902850235987511 -0.7397249810169881
v -0.6766589879989624 0.29028502084204827 -0.6766589753102011
v -0.7397249937057495 0.2902850178004786 -0.6070759765576073
v -0.7956669926643372 0.2902850145033738 -0.5316470138500877
v -0.8439459800720215 0.2902850109824636 -0.45109798235403986
v -0.8840979933738708 0.29028500727167306 -0.36620499414908386
v -0.9157350063323975 0.29028500340671176 -0.27778499049651134
v -0.938552975654602 0.290284999424779 -0.18668899161326405
v -0.9523320198059082 0.2902849953643008 -0.09379608405339246
v -0.9569399952888489 0.290284991264319 5.610517653935339e-7
v -0.9523320198059082 0.2902849871643412 0.09379711525929427
v -0.938552975654602 0.29028498310386336 0.18669001536858523
v -0.9157350063323975 0.29028497912193124 0.27778599935067133
v -0.8840969800949097 0.29028497525696995 0.36620600300324385
v -0.8439459800720215 0.29028497154617805 0.45109902101052224
v -0.795665979385376 0.2902849680252705 0.5316479929019253
v -0.7397239804267883 0.29028496472816306 0.6070770152140896
v -0.6766579747200012 0.2902849616865934 0.6766600139666835
v -0.6070759892463684 0.2902849589299349 0.7397250063945093
v -0.5316470265388489 0.2902849564846324 0.795667005353097
v -0.4510979950428009 0.2902849543742907 0.8439459927607812
v -0.36620500683784485 0.29028495261919035 0.8840980060626306
v -0.2777850031852722 0.2902849512362925 0.9157350190211572
v -0.18669000267982483 0.29028495023888734 0.9385529883433618
v -0.09379679709672928 0.2902849496365862 0.9523320324946678
v -4.649160132430552e-7 0.29028494943516514 0.9569400079776085
v 0.09379590302705765 0.2902849496365862 0.9523320324946678
v 0.18668900430202484 0.29028495023888734 0.9385529883433618
v 0.27778398990631104 0.2902849512362925 0.9157350190211572
v 0.36620399355888367 0.29028495261919035 0.8840980060626306
v 0.4510970115661621 0.2902849543742464 0.8439470060397424
v 0.5316460132598877 0.2902849564845881 0.7956680186320582
v 0.6070749759674072 0.29028495892989065 0.7397260196734705
v 0.6766579747200012 0.2902849616865934 0.6766600139666835
v 0.7397239804267883 0.29028496472811877 0.6070780284930508
v 0.7956650257110596 0.29028496802518194 0.5316500194598477
v 0.8439450263977051 0.2902849715460908 0.4511010177661222
v 0.8840969800949097 0.2902849752568826 0.3662079997588438
v 0.9157339930534363 0.29028497912184265 0.2777880259085937
v 0.9385520219802856 0.29028498310373246 0.1866930105019852
v 0.9523320198059082 0.2902849871642233 0.09379981236947035
v 0.9569399952888489 0.29028499126419083 0.0000034935987422017567
v 0.9523329734802246 0.2902849953641611 -0.09379288775431638
v 0.9385539889335632 0.29028499942464736 -0.1866859815787029
v 0.9157360196113586 0.2902850034065372 -0.2777809969853114
v 0.884099006652832 0.2902850072714985 -0.3662010006378839
v 0.8439480066299438 0.29028501098233334 -0.4510950021218011
v 0.7956690192222595 0.2902850145032409 -0.5316439740132042
v 0.7397279739379883 0.2902850178003483 -0.6070729963253685
v 0.6766629815101624 0.2902850208418737 -0.6766549817990012
v 0.6070809960365295 0.2902850235986208 -0.7397220007847494
v 0.5316519737243652 0.29028502604392337 -0.795663999743337
v 0.45110398530960083 0.290285028154265 -0.8439429871510212
v 0.3662109971046448 0.29028502990936533 -0.8840950004528706
v 0.27779099345207214 0.2902850312923049 -0.9157329670857136
v 0.18669599294662476 0.29028503228975694 -0.9385520092915242
v 0.0938028022646904 0.2902850328920998 -0.9523320071171466
v -7.152559788892177e-8 0.29028503309352083 -0.9569399826000873
v -7.152559788892177e-8 0.19509003873252995 -0.9807850037175222
v -0.09613390266895294 0.1950900385260805 -0.976061991270165
v -0.19134199619293213 0.19509003790878784 -0.9619399819928213
v -0.2847070097923279 0.19509003688650892 -0.9385529671269461
v -0.37533101439476013 0.19509003546912337 -0.9061269674855277
v -0.46233901381492615 0.19509003367031222 -0.8649749670582816
v -0.5448949933052063 0.1950900315073857 -0.8154929791050957
v -0.6222040057182312 0.1950900290011506 -0.758157006319146
v -0.6935200095176697 0.19509002617577723 -0.693520000990014
v -0.7581570148468018 0.19509002305841125 -0.6222029839116143
v -0.8154929876327515 0.1950900196791711 -0.5448949847775507
v -0.8649759888648987 0.19509001607053444 -0.46233900528727073
v -0.9061279892921448 0.1950900122672495 -0.3753299925881436
v -0.938552975654602 0.19509000830599255 -0.28470700126467263
v -0.9619399905204773 0.19509000422483436 -0.19134098928747695
v -0.9760630130767822 0.19509000006317345 -0.0961332906442695
v -0.9807850122451782 0.1950899958610293 5.568906597751312e-7
v -0.976061999797821 0.19508999165888488 0.09613441038550784
v -0.9619399905204773 0.19508998749722856 0.19134200472058693
v -0.938552975654602 0.195089983416071 0.28470800179662137
v -0.9061269760131836 0.19508997945481274 0.3753310229224147
v -0.8649749755859375 0.1950899756515291 0.46234000581921947
v -0.8154929876327515 0.19508997204289114 0.544896015111822
v -0.7581570148468018 0.195089968663651 0.6222040142458856
v -0.6935189962387085 0.19508996554628502 0.6935210313242852
v -0.62220299243927 0.19508996272091164 0.7581580366534172
v -0.5448949933052063 0.19508996021467653 0.8154940094393669
v -0.46233901381492615 0.19508995805175006 0.8649759973925528
v -0.37533000111579895 0.19508995625293887 0.9061279978197989
v -0.2847070097923279 0.19508995483559763 0.9385529841822562
v -0.19134199619293213 0.1950899538133187 0.9619399990481313
v -0.09613409638404846 0.19508995319602604 0.9760620083254751
v -4.768369876728684e-7 0.1950899529895766 0.9807850207728323
v 0.09613309800624847 0.19508995319598174 0.9760630216044363
v 0.19134099781513214 0.1950899538133187 0.9619399990481313
v 0.2847059965133667 0.19508995483559763 0.9385529841822562
v 0.37532898783683777 0.19508995625293887 0.9061279978197989
v 0.46233800053596497 0.19508995805175006 0.8649759973925528
v 0.5448939800262451 0.19508996021467653 0.8154940094393669
v 0.6222019791603088 0.19508996272091164 0.7581580366534172
v 0.6935179829597473 0.19508996554628502 0.6935210313242852
v 0.7581560015678406 0.1950899686636067 0.6222050275248467
v 0.8154919743537903 0.19508997204284684 0.5448970283907831
v 0.8649740219116211 0.1950899756514848 0.46234101909818065
v 0.9061260223388672 0.19508997945472545 0.3753330196780147
v 0.9385520219802856 0.19508998341598371 0.28470999855222134
v 0.9619389772415161 0.195089987497097 0.1913450147551481
v 0.976061999797821 0.195089991658767 0.09613710749568392
v 0.9807850122451782 0.19508999586089695 0.000003584807705758614
v 0.9760630130767822 0.19509000006302918 -0.09612999003706506
v 0.9619410037994385 0.19509000422470343 -0.19133799415407698
v 0.9385539889335632 0.1950900083058167 -0.2847029779511503
v 0.906129002571106 0.19509001226707495 -0.37532599907694364
v 0.864978015422821 0.19509001607035859 -0.4623349819737484
v 0.815496027469635 0.19509001967899656 -0.5448909912663508
v 0.7581599950790405 0.195090023058281 -0.6222000036793756
v 0.6935240030288696 0.19509002617560267 -0.693516007478814
v 0.6222079992294312 0.19509002900101774 -0.7581539664822624
v 0.5449000000953674 0.19509003150725543 -0.8154899988728569
v 0.4623439908027649 0.19509003367022623 -0.864973000105004
v 0.3753359913825989 0.1950900354690374 -0.9061250005322501
v 0.2847130000591278 0.19509003688642293 -0.9385510001736685
v 0.19134800136089325 0.19509003790874355 -0.9619389687138601
v 0.09614019840955734 0.1950900385260805 -0.976061991270165
v -7.152559788892177e-8 0.19509003873252995 -0.9807850037175222
v -7.152559788892177e-8 0.09801704316284329 -0.995185013301294
v -0.09754530340433121 0.09801704295337679 -0.990392978675287
v -0.19415099918842316 0.09801704232694959 -0.9760619955133607
v -0.28888699412345886 0.09801704128967917 -0.9523320155214479
v -0.3808409869670868 0.09801703985152858 -0.9194309668611697
v -0.46912699937820435 0.09801703802631688 -0.8776749925684145
v -0.5528950095176697 0.0980170358316123 -0.8274660067629032
v -0.6313390135765076 0.09801703328857068 -0.7692879991602115
v -0.7037019729614258 0.0980170304217141 -0.7037019686769658
v -0.7692880034446716 0.09801702725858423 -0.6313379960130864
v -0.8274660110473633 0.09801702382973203 -0.5528950052332098
v -0.8776749968528748 0.09801702016811582 -0.46912699509374456
v -0.9194309711456299 0.09801701630896847 -0.38083999920598827
v -0.9523320198059082 0.09801701228953158 -0.28888600636236045
v -0.9760630130767822 0.09801700814848886 -0.19414999652616363
v -0.9903929829597473 0.0980170039257326 -0.09754459876529566
v -0.9951850175857544 0.09801699966189735 5.764894698336139e-7
v -0.9903929829597473 0.09801699539805969 0.09754580687769045
v -0.976061999797821 0.09801699117526858 0.1941520018506823
v -0.9523320198059082 0.09801698703422586 0.2888880116868791
v -0.9194309711456299 0.09801698301483326 0.38084099125154575
v -0.8776739835739136 0.09801697915572889 0.46912700366266324
v -0.8274649977684021 0.09801697549406839 0.5528960270810896
v -0.7692880034446716 0.09801697206521619 0.6313390178609662
v -0.7037010192871094 0.09801696890208632 0.7037029905248456
v -0.6313380002975464 0.09801696603522973 0.7692890210080914
v -0.5528939962387085 0.09801696349223242 0.8274660153318218
v -0.46912598609924316 0.09801696129752784 0.8776750011373332
v -0.380840003490448 0.09801695947231613 0.9194309754300883
v -0.28888699412345886 0.09801695803416555 0.9523320240903665
v -0.19415099918842316 0.09801695699689512 0.9760620040822794
v -0.09754540026187897 0.09801695637046792 0.9903929872442057
v -4.887580189461005e-7 0.09801695616100142 0.9951850218702127
v 0.09754449874162674 0.09801695637046792 0.9903929872442057
v 0.19415000081062317 0.09801695699685084 0.9760630173612406
v 0.28888601064682007 0.09801695803412386 0.952332977764683
v 0.380840003490448 0.09801695947231613 0.9194309754300883
v 0.46912598609924316 0.09801696129752784 0.8776750011373332
v 0.5528939962387085 0.09801696349218812 0.827467028610783
v 0.6313369870185852 0.09801696603522973 0.7692890210080914
v 0.7037000060081482 0.09801696890208632 0.7037029905248456
v 0.7692869901657104 0.0980169720651719 0.6313400311399274
v 0.8274649977684021 0.09801697549402671 0.552896980755406
v 0.8776729702949524 0.09801697915564161 0.4691290004182632
v 0.9194300174713135 0.09801698301474467 0.3808430178094681
v 0.9523320198059082 0.09801698703413857 0.2888900084424791
v 0.976061999797821 0.0980169911751813 0.19415399860628227
v 0.9903920292854309 0.09801699539793755 0.0975486008454143
v 0.9951850175857544 0.09801699966176394 0.0000036282445424808215
v 0.9903929829597473 0.09801700392559255 -0.09754139501563898
v 0.9760630130767822 0.09801700814835794 -0.19414700139276367
v 0.9523339867591858 0.0980170122894 -0.2888829963277993
v 0.9194319844245911 0.0980170163088369 -0.3808369891714271
v 0.8776770234107971 0.09801702016794127 -0.4691230015825446
v 0.827468991279602 0.09801702382955747 -0.5528910117220098
v 0.7692909836769104 0.09801702725845396 -0.6313350157808476
v 0.7037050127983093 0.09801703042153953 -0.7036979751657658
v 0.6313430070877075 0.09801703328844041 -0.7692850189279727
v 0.5529000163078308 0.09801703583147943 -0.8274629669260196
v 0.4691320061683655 0.09801703802618661 -0.8776720123361758
v 0.3808459937572479 0.0980170398514426 -0.9194289999078921
v 0.2888930141925812 0.09801704128963487 -0.9523310022424867
v 0.19415700435638428 0.0980170423269053 -0.9760609822343995
v 0.09755170345306396 0.0980170429533351 -0.9903920250009706
v -7.152559788892177e-8 0.09801704316284329 -0.995185013301294
v -7.152559788892177e-8 -1.1920960707456613e-7 -1.0000000000000062
v -0.09801720082759857 -1.1942007665116045e-7 -0.9951850175857605
v -0.19508999586105347 -1.200495209079079e-7 -0.9807850122451843
v -0.29028499126434326 -1.2109181975573644e-7 -0.956939995288855
v -0.38268399238586426 -1.2253696063512968e-7 -0.9238790273666444
v -0.4713970124721527 -1.2437100464590218e-7 -0.8819209933281007
v -0.5555700063705444 -1.2657628716314605e-7 -0.8314700126648013
v -0.6343939900398254 -1.291316549288042e-7 -0.7730100154876772
v -0.7071070075035095 -1.3201236704639794e-7 -0.707107007503516
v -0.7730110287666321 -1.3519079843954108e-7 -0.6343929767608707
v -0.8314700126647949 -1.3863626007920855e-7 -0.555570006370551
v -0.8819209933280945 -1.4231562297749235e-7 -0.4713959991931982
v -0.9238799810409546 -1.4619339113885478e-7 -0.3826830089092322
v -0.9569399952888489 -1.5023227995935131e-7 -0.2902840077877113
v -0.9807850122451782 -1.543933425886227e-7 -0.1950899958610604
v -0.9951850175857544 -1.5863655581964815e-7 -0.09801659733057724
v -1 -1.6292102259362677e-7 5.722050033635457e-7
v -0.9951850175857544 -1.672054875437873e-7 0.09801770001649135
v -0.9807850122451782 -1.7144869621535942e-7 0.19509099423884613
v -0.9569399952888489 -1.756097581932803e-7 0.2902849912643359
v -0.9238790273666382 -1.7964864701377684e-7 0.38268399238585676
v -0.8819209933280945 -1.8352641647784027e-7 0.47139701247214516
v -0.8314689993858337 -1.8720577937612404e-7 0.555571019649498
v -0.7730100154876709 -1.906512410157915e-7 0.6343939900398177
v -0.7071059942245483 -1.938296281171023e-7 0.7071070075035017
v -0.6343929767608643 -1.967103845265284e-7 0.7730110287666242
v -0.5555700063705444 -1.9926570800035417e-7 0.831470012664787
v -0.47139599919319153 -2.014710348094304e-7 0.8819220066070477
v -0.38268300890922546 -2.03305076214801e-7 0.9238799810409466
v -0.29028499126434326 -2.0475017540776378e-7 0.9569399952888408
v -0.19508999586105347 -2.0579247425559232e-7 0.9807850122451701
v -0.09801740199327469 -2.0642191851233978e-7 0.9951850175857463
v -4.887580189461005e-7 -2.066323880889341e-7 0.9999999999999919
v 0.09801650047302246 -2.0642191851233978e-7 0.9951850175857463
v 0.19508899748325348 -2.0579247425559232e-7 0.9807850122451701
v 0.29028400778770447 -2.0475021969959615e-7 0.956941008567802
v 0.3826819956302643 -2.03305076214801e-7 0.9238799810409466
v 0.47139498591423035 -2.014710348094304e-7 0.8819220066070477
v 0.5555689930915833 -1.9926575229218654e-7 0.8314710259437482
v 0.6343920230865479 -1.9671042621295886e-7 0.7730119824409406
v 0.7071049809455872 -1.9382967240893465e-7 0.7071080207824629
v 0.7730090022087097 -1.9065128530762387e-7 0.6343950033187788
v 0.8314679861068726 -1.872058210625545e-7 0.5555719733238144
v 0.8819199800491333 -1.8352650375880403e-7 0.47139900922774514
v 0.923878014087677 -1.7964873429474064e-7 0.38268598914145674
v 0.9569399952888489 -1.7560988976607644e-7 0.29028800129889704
v 0.9807850122451782 -1.7144878414767368e-7 0.1950930058956073
v 0.9951840043067932 -1.6720561423145487e-7 0.09802059829234355
v 1 -1.6292115703215977e-7 0.000003647799978507301
v 0.9951850175857544 -1.5863670009377858e-7 -0.0980132967233728
v 0.9807860255241394 -1.5439351715055025e-7 -0.19508600234986045
v 0.9569420218467712 -1.5023241153214747e-7 -0.29028099775315014
v 0.9238809943199158 -1.461935670034833e-7 -0.38267898559570984
v 0.8819230198860168 -1.4231575455028848e-7 -0.47139298915863703
v 0.8314719796180725 -1.386364346411361e-7 -0.555566012859351
v 0.7730140089988708 -1.3519097300146864e-7 -0.6343889832496707
v 0.7071099877357483 -1.320125416083255e-7 -0.707103013992316
v 0.6343979835510254 -1.291317878043013e-7 -0.7730069756507937
v 0.5555750131607056 -1.265764617250736e-7 -0.8314660191536013
v 0.47140198945999146 -1.24371090624165e-7 -0.8819190263748231
v 0.3826889991760254 -1.225370492187944e-7 -0.923877000808722
v 0.2902910113334656 -1.210918640475688e-7 -0.9569389820098938
v 0.19509699940681458 -1.2004956519974027e-7 -0.9807839989662231
v 0.09802369773387909 -1.194201209429928e-7 -0.9951840043067993
v -7.152559788892177e-8 -1.1920960707456613e-7 -1.0000000000000062
v -7.152559788892177e-8 -0.0980172541842253 -0.9951850218702257
v -0.09754530340433121 -0.0980172543936918 -0.9903929872442186
v -0.19415099918842316 -0.098017255020119 -0.9760620040822924
v -0.28888699412345886 -0.09801725605738942 -0.9523320240903795
v -0.3808409869670868 -0.09801725749554001 -0.9194309754301013
v -0.46912699937820435 -0.09801725932075171 -0.8776750011373462
v -0.5528950095176697 -0.0980172615154563 -0.8274660153318348
v -0.6313390135765076 -0.09801726405849791 -0.7692880077291432
v -0.7037019729614258 -0.0980172669253545 -0.7037019772458974
v -0.7692880034446716 -0.09801727008848436 -0.631338004582018
v -0.8274660110473633 -0.09801727351733656 -0.5528950138021415
v -0.8776749968528748 -0.09801727717895277 -0.4691270036626763
v -0.9194309711456299 -0.09801728103810012 -0.38084000777492
v -0.9523320198059082 -0.09801728505753701 -0.2888860149312922
v -0.9760630130767822 -0.09801728919857973 -0.19415000509509536
v -0.9903929829597473 -0.098017293421336 -0.09754460733422737
v -0.9951850175857544 -0.09801729768517124 5.679205381094747e-7
v -0.9903929829597473 -0.0980173019490089 0.09754579830875873
v -0.976061999797821 -0.09801730617180002 0.19415199328175056
v -0.9523320198059082 -0.09801731031284273 0.2888880031179474
v -0.9194309711456299 -0.09801731433223533 0.380840982682614
v -0.8776739835739136 -0.0980173181913397 0.4691269950937315
v -0.8274649977684021 -0.0980173218530002 0.552896018512158
v -0.7692880034446716 -0.0980173252818524 0.6313390092920346
v -0.7037010192871094 -0.09801732844498227 0.703702981955914
v -0.6313380002975464 -0.09801733131183886 0.7692890124391597
v -0.5528939962387085 -0.09801733385483617 0.8274660067628902
v -0.46912598609924316 -0.09801733604954076 0.8776749925684015
v -0.380840003490448 -0.09801733787475246 0.9194309668611567
v -0.28888699412345886 -0.09801733931290305 0.9523320155214349
v -0.19415099918842316 -0.09801734035017347 0.9760619955133477
v -0.09754540026187897 -0.09801734097660067 0.990392978675274
v -4.887580189461005e-7 -0.09801734118606717 0.9951850133012811
v 0.09754449874162674 -0.09801734097660067 0.990392978675274
v 0.19415000081062317 -0.09801734035021775 0.9760630087923089
v 0.28888601064682007 -0.09801733931294473 0.9523329691957513
v 0.380840003490448 -0.09801733787475246 0.9194309668611567
v 0.46912598609924316 -0.09801733604954076 0.8776749925684015
v 0.5528939962387085 -0.09801733385488047 0.8274670200418514
v 0.6313369870185852 -0.09801733131183886 0.7692890124391597
v 0.7037000060081482 -0.09801732844498227 0.703702981955914
v 0.7692869901657104 -0.09801732528189669 0.6313400225709958
v 0.8274649977684021 -0.09801732185304188 0.5528969721864744
v 0.8776729702949524 -0.09801731819142698 0.4691289918493315
v 0.9194300174713135 -0.09801731433232393 0.3808430092405364
v 0.9523320198059082 -0.09801731031293003 0.28888999987354735
v 0.976061999797821 -0.0980173061718873 0.19415399003735054
v 0.9903920292854309 -0.09801730194913104 0.09754859227648258
v 0.9951850175857544 -0.09801729768530465 0.000003619675610756682
v 0.9903929829597473 -0.09801729342147604 -0.0975414035845707
v 0.9760630130767822 -0.09801728919871065 -0.1941470099616954
v 0.9523339867591858 -0.09801728505766859 -0.288883004896731
v 0.9194319844245911 -0.0980172810382317 -0.38083699774035884
v 0.8776770234107971 -0.09801727717912732 -0.46912301015147634
v 0.827468991279602 -0.09801727351751112 -0.5528910202909415
v 0.7692909836769104 -0.09801727008861463 -0.6313350243497793
v 0.7037050127983093 -0.09801726692552906 -0.7036979837346975
v 0.6313430070877075 -0.09801726405862818 -0.7692850274969044
v 0.5529000163078308 -0.09801726151558916 -0.8274629754949513
v 0.4691320061683655 -0.09801725932088198 -0.8776720209051074
v 0.3808459937572479 -0.098017257495626 -0.9194290084768237
v 0.2888930141925812 -0.09801725605743372 -0.9523310108114184
v 0.19415700435638428 -0.0980172550201633 -0.9760609908033312
v 0.09755170345306396 -0.09801725439373349 -0.9903920335699022
v -7.152559788892177e-8 -0.0980172541842253 -0.9951850218702257
v -7.152559788892177e-8 -0.19509095136737659 -0.9807850207728759
v -0.09613390266895294 -0.19509095157382603 -0.9760620083255187
v -0.19134199619293213 -0.1950909521911187 -0.961939999048175
v -0.2847070097923279 -0.19509095321339762 -0.9385529841822998
v -0.37533101439476013 -0.19509095463078316 -0.9061269845408814
v -0.46233901381492615 -0.19509095642959431 -0.8649749841136353
v -0.5448949933052063 -0.19509095859252082 -0.8154929961604493
v -0.6222040057182312 -0.19509096109875593 -0.7581570233744996
v -0.6935200095176697 -0.1950909639241293 -0.6935200180453677
v -0.7581570148468018 -0.19509096704149528 -0.622203000966968
v -0.8154929876327515 -0.19509097042073542 -0.5448950018329044
v -0.8649759888648987 -0.1950909740293721 -0.46233902234262436
v -0.9061279892921448 -0.19509097783265703 -0.3753300096434972
v -0.938552975654602 -0.195090981793914 -0.28470701832002626
v -0.9619399905204773 -0.19509098587507218 -0.19134100634283058
v -0.9760630130767822 -0.19509099003673308 -0.09613330769962312
v -0.9807850122451782 -0.19509099423887724 5.398353061483944e-7
v -0.976061999797821 -0.19509099844102165 0.09613439333015421
v -0.9619399905204773 -0.19509100260267798 0.1913419876652333
v -0.938552975654602 -0.19509100668383553 0.28470798474126774
v -0.9061269760131836 -0.1950910106450938 0.3753310058670611
v -0.8649749755859375 -0.19509101444837743 0.46233998876386584
v -0.8154929876327515 -0.1950910180570154 0.5448959980564683
v -0.7581570148468018 -0.19509102143625554 0.6222039971905319
v -0.6935189962387085 -0.1950910245536215 0.6935210142689315
v -0.62220299243927 -0.1950910273789949 0.7581580195980635
v -0.5448949933052063 -0.19509102988523 0.8154939923840132
v -0.46233901381492615 -0.19509103204815648 0.8649759803371991
v -0.37533000111579895 -0.19509103384696766 0.9061279807644452
v -0.2847070097923279 -0.1950910352643089 0.9385529671269025
v -0.19134199619293213 -0.19509103628658783 0.9619399819927776
v -0.09613409638404846 -0.1950910369038805 0.9760619912701214
v -4.768369876728684e-7 -0.19509103711032993 0.9807850037174786
v 0.09613309800624847 -0.1950910369039248 0.9760630045490826
v 0.19134099781513214 -0.19509103628658783 0.9619399819927776
v 0.2847059965133667 -0.1950910352643089 0.9385529671269025
v 0.37532898783683777 -0.19509103384696766 0.9061279807644452
v 0.46233800053596497 -0.19509103204815648 0.8649759803371991
v 0.5448939800262451 -0.19509102988523 0.8154939923840132
v 0.6222019791603088 -0.1950910273789949 0.7581580195980635
v 0.6935179829597473 -0.1950910245536215 0.6935210142689315
v 0.7581560015678406 -0.19509102143629983 0.6222050104694931
v 0.8154919743537903 -0.1950910180570597 0.5448970113354294
v 0.8649740219116211 -0.19509101444842172 0.462341002042827
v 0.9061260223388672 -0.19509101064518108 0.37533300262266106
v 0.9385520219802856 -0.19509100668392282 0.2847099814968677
v 0.9619389772415161 -0.19509100260280954 0.19134499769979446
v 0.976061999797821 -0.19509099844113953 0.0961370904403303
v 0.9807850122451782 -0.19509099423900958 0.0000035677523521318774
v 0.9760630130767822 -0.19509099003687735 -0.09613000709241869
v 0.9619410037994385 -0.1950909858752031 -0.19133801120943061
v 0.9385539889335632 -0.19509098179408985 -0.2847029950065039
v 0.906129002571106 -0.19509097783283158 -0.37532601613229727
v 0.864978015422821 -0.19509097402954795 -0.462334999029102
v 0.815496027469635 -0.19509097042090998 -0.5448910083217045
v 0.7581599950790405 -0.19509096704162554 -0.6222000207347292
v 0.6935240030288696 -0.19509096392430386 -0.6935160245341677
v 0.6222079992294312 -0.1950909610988888 -0.7581539835376161
v 0.5449000000953674 -0.1950909585926511 -0.8154900159282106
v 0.4623439908027649 -0.1950909564296803 -0.8649730171603577
v 0.3753359913825989 -0.19509095463086915 -0.9061250175876038
v 0.2847130000591278 -0.1950909532134836 -0.9385510172290222
v 0.19134800136089325 -0.195090952191163 -0.9619389857692138
v 0.09614019840955734 -0.19509095157382603 -0.9760620083255187
v -7.152559788892177e-8 -0.19509095136737659 -0.9807850207728759
v -7.152559788892177e-8 -0.29028494943516514 -0.9569400079776085
v -0.09379670023918152 -0.2902849496365862 -0.9523320324946678
v -0.18669000267982483 -0.29028495023888734 -0.9385529883433618
v -0.2777850031852722 -0.2902849512362925 -0.9157350190211572
v -0.36620500683784485 -0.29028495261919035 -0.8840980060626306
v -0.4510990083217621 -0.2902849543742907 -0.8439459927607812
v -0.5316479802131653 -0.2902849564846324 -0.795667005353097
v -0.6070770025253296 -0.2902849589299349 -0.7397250063945093
v -0.6766589879989624 -0.2902849616866377 -0.6766590006877223
v -0.7397249937057495 -0.29028496472820736 -0.6070760019351285
v -0.7956669926643372 -0.2902849680253122 -0.5316470392276089
v -0.8439459800720215 -0.29028497154622235 -0.45109800773156106
v -0.8840979933738708 -0.2902849752570129 -0.36620501952660506
v -0.9157350063323975 -0.2902849791219742 -0.27778501587403254
v -0.938552975654602 -0.290284983103907 -0.18668901699078524
v -0.9523320198059082 -0.29028498716438517 -0.09379610943091368
v -0.9569399952888489 -0.29028499126436696 5.356742441704736e-7
v -0.9523320198059082 -0.29028499536434477 0.09379708988177304
v -0.938552975654602 -0.2902849994248226 0.18668998999106404
v -0.9157350063323975 -0.2902850034067547 0.27778597397315014
v -0.8840969800949097 -0.290285007271716 0.36620597762572266
v -0.8439459800720215 -0.2902850109825079 0.45109899563300104
v -0.795665979385376 -0.2902850145034155 0.5316479675244041
v -0.7397239804267883 -0.2902850178005229 0.6070769898365684
v -0.6766579747200012 -0.29028502084209257 0.6766599885891623
v -0.6070759892463684 -0.2902850235987511 0.7397249810169881
v -0.5316470265388489 -0.2902850260440536 0.7956669799755758
v -0.4510979950428009 -0.2902850281543953 0.84394596738326
v -0.36620500683784485 -0.2902850299094956 0.8840979806851094
v -0.2777850031852722 -0.29028503129239347 0.915734993643636
v -0.18669000267982483 -0.29028503228979863 0.9385529629658406
v -0.09379679709672928 -0.2902850328920998 0.9523320071171466
v -4.649160132430552e-7 -0.29028503309352083 0.9569399826000873
v 0.09379590302705765 -0.2902850328920998 0.9523320071171466
v 0.18668900430202484 -0.29028503228979863 0.9385529629658406
v 0.27778398990631104 -0.29028503129239347 0.915734993643636
v 0.36620399355888367 -0.2902850299094956 0.8840979806851094
v 0.4510970115661621 -0.2902850281544396 0.8439469806622212
v 0.5316460132598877 -0.2902850260440979 0.795667993254537
v 0.6070749759674072 -0.2902850235987953 0.7397259942959493
v 0.6766579747200012 -0.29028502084209257 0.6766599885891623
v 0.7397230267524719 -0.2902850178005672 0.6070780031155296
v 0.7956650257110596 -0.290285014503504 0.5316499940823265
v 0.8439450263977051 -0.2902850109825952 0.451100992388601
v 0.8840960264205933 -0.29028500727180334 0.36620797438132263
v 0.9157339930534363 -0.2902850034068433 0.2777880005310725
v 0.9385520219802856 -0.2902849994249535 0.186692985124464
v 0.9523320198059082 -0.2902849953644627 0.09379978699194913
v 0.9569399952888489 -0.29028499126449514 0.0000034682212209786966
v 0.9523329734802246 -0.2902849871645249 -0.0937929131318376
v 0.9385539889335632 -0.2902849831040386 -0.1866860069562241
v 0.9157360196113586 -0.2902849791221488 -0.2777810223628326
v 0.884099006652832 -0.2902849752571875 -0.3662010260154051
v 0.8439480066299438 -0.29028497154635263 -0.4510950274993223
v 0.7956690192222595 -0.29028496802544507 -0.5316439993907254
v 0.7397279739379883 -0.29028496472833765 -0.6070730217028897
v 0.676662027835846 -0.2902849616868123 -0.6766550071765224
v 0.6070799827575684 -0.2902849589300652 -0.7397220261622706
v 0.5316519737243652 -0.2902849564847626 -0.7956640251208582
v 0.45110300183296204 -0.290284954374421 -0.8439430125285424
v 0.366210013628006 -0.29028495261932064 -0.8840950258303918
v 0.27779099345207214 -0.2902849512363811 -0.9157329924632348
v 0.18669599294662476 -0.29028495023892903 -0.9385520346690454
v 0.0938028022646904 -0.2902849496365862 -0.9523320324946678
v -7.152559788892177e-8 -0.29028494943516514 -0.9569400079776085
v -5.96045985901128e-8 -0.3826839520018269 -0.9238790440942867
v -0.09055610001087189 -0.38268395219625767 -0.9194309878732784
v -0.18024000525474548 -0.38268395277779377 -0.9061269927408321
v -0.2681879997253418 -0.38268395374071124 -0.8840980101015193
v -0.35355401039123535 -0.3826839550758755 -0.8535530138399227
v -0.43551400303840637 -0.3826839567703038 -0.8147890139009579
v -0.5132799744606018 -0.3826839588077359 -0.7681780028726681
v -0.5861030220985413 -0.382683961168587 -0.7141680288698301
v -0.6532819867134094 -0.3826839638300441 -0.653280990162097
v -0.7141690254211426 -0.3826839667664858 -0.5861030388261901
v -0.7681779861450195 -0.38268396994968246 -0.5132799911882506
v -0.8147889971733093 -0.3826839733489855 -0.4355130064870942
v -0.8535529971122742 -0.38268397693157075 -0.35355301383992327
v -0.8840979933738708 -0.3826839806629935 -0.26818801645299095
v -0.9061269760131836 -0.38268398450736624 -0.18023902360459476
v -0.9194309711456299 -0.3826839884275572 -0.09055551324149287
v -0.9238790273666382 -0.3826839923858868 5.077933496469317e-7
v -0.9194309711456299 -0.38268399634421874 0.09055658247212235
v -0.9061269760131836 -0.38268400026444876 0.18024098690489587
v -0.8840969800949097 -0.38268400410877856 0.26818899627665327
v -0.8535529971122742 -0.3826840078402013 0.3535539936635856
v -0.8147889971733093 -0.3826840114227865 0.4355139863107565
v -0.7681769728660583 -0.3826840148220896 0.5132809710119131
v -0.7141680121421814 -0.38268401800524193 0.5861030053708913
v -0.6532809734344482 -0.3826840209417279 0.6532819699857594
v -0.5861020088195801 -0.38268402360318504 0.7141690086934925
v -0.5132790207862854 -0.3826840259639918 0.7681779694173694
v -0.4355129897594452 -0.3826840280014239 0.8147889804456592
v -0.35355299711227417 -0.38268402969585225 0.8535529803846239
v -0.2681879997253418 -0.3826840310310165 0.8840979766462206
v -0.18024000525474548 -0.38268403199393397 0.9061269592855333
v -0.090556301176548 -0.38268403257547007 0.9194309544179796
v -4.5299501039153256e-7 -0.3826840327699008 0.9238790106389879
v 0.09055539965629578 -0.38268403257547007 0.9194309544179796
v 0.1802390068769455 -0.38268403199393397 0.9061269592855333
v 0.2681869864463806 -0.3826840310310165 0.8840979766462206
v 0.3535520136356354 -0.38268402969589654 0.8535539936635851
v 0.4355129897594452 -0.3826840280014682 0.8147899937246204
v 0.5132790207862854 -0.3826840259640361 0.7681789826963306
v 0.5861020088195801 -0.38268402360322673 0.7141699623678089
v 0.6532800197601318 -0.3826840209417722 0.6532829832647206
v 0.7141669988632202 -0.3826840180053279 0.5861049723241689
v 0.7681760191917419 -0.3826840148221339 0.5132819842908742
v 0.8147879838943481 -0.3826840114228738 0.43551598306635647
v 0.853551983833313 -0.38268400784028855 0.35355599041918556
v 0.8840969800949097 -0.3826840041088658 0.26819099303225324
v 0.9061269760131836 -0.38268400026453603 0.18024298366049585
v 0.9194300174713135 -0.3826839963443324 0.09055918272475068
v 0.9238790273666382 -0.3826839923860108 0.0000033449723604863924
v 0.9194309711456299 -0.38268398842768814 -0.09055251810809291
v 0.9061279892921448 -0.38268398450749785 -0.1802360135700336
v 0.884099006652832 -0.38268398066316806 -0.268184022941791
v 0.8535550236701965 -0.3826839769317023 -0.3535500038053621
v 0.8147910237312317 -0.38268397334911575 -0.4355100262548554
v 0.7681800127029419 -0.38268396994985704 -0.5132759976770507
v 0.7141709923744202 -0.38268396676666033 -0.5860990453149901
v 0.653285026550293 -0.3826839638301744 -0.6532780099298582
v 0.5861070156097412 -0.3826839611687199 -0.7141649890329466
v 0.5132840275764465 -0.3826839588078662 -0.7681750226404294
v 0.4355179965496063 -0.3826839567704341 -0.8147860336687192
v 0.3535580039024353 -0.3826839550759641 -0.8535509872820003
v 0.2681939899921417 -0.3826839537407972 -0.8840960431482418
v 0.1802459955215454 -0.38268395277783546 -0.9061260390665157
v 0.09056209772825241 -0.3826839521962993 -0.919430034198962
v -5.96045985901128e-8 -0.3826839520018269 -0.9238790440942867
v -5.96045985901128e-8 -0.47139697392215935 -0.8819210139335125
v -0.08644349873065948 -0.471396974107802 -0.8776740041793316
v -0.1720539927482605 -0.4713969746628933 -0.8649749961913555
v -0.25600799918174744 -0.4713969755821 -0.8439460006774395
v -0.3374969959259033 -0.4713969768565922 -0.8147890177787275
v -0.41573500633239746 -0.47139697847408824 -0.7777850237906904
v -0.4899689853191376 -0.4713969804189843 -0.7332909909308881
v -0.5594850182533264 -0.47139698267261004 -0.6817340460837813
v -0.6236129999160767 -0.47139698521320517 -0.6236120072425337
v -0.681734025478363 -0.47139698801628416 -0.5594850388587448
v -0.73329097032547 -0.4713969910549266 -0.48996900592455594
v -0.7777850031852722 -0.47139699429984133 -0.41573401365885476
v -0.8147889971733093 -0.47139699771973226 -0.33749603305468306
v -0.8439459800720215 -0.47139700128168666 -0.25600801978716603
v -0.8649749755859375 -0.471397004951433 -0.17205401335367923
v -0.8776749968528748 -0.4713970086936128 -0.08644292328963055
v -0.8819209933280945 -0.47139701247217414 4.80073574479823e-7
v -0.8776739835739136 -0.4713970162507354 0.08644388045659274
v -0.8649749755859375 -0.47139701999291583 0.17205498542180261
v -0.8439459800720215 -0.4713970236626622 0.25600899185528947
v -0.8147889971733093 -0.47139702722461524 0.3374969753204841
v -0.7777850031852722 -0.4713970306445075 0.4157349857269782
v -0.7332900166511536 -0.4713970338894222 0.4899699779926794
v -0.681734025478363 -0.4713970369280204 0.5594849976479069
v -0.6236119866371155 -0.4713970397311436 0.6236129793106571
v -0.5594840049743652 -0.4713970422717362 0.6817349585472599
v -0.4899689853191376 -0.4713970445253202 0.7332909497200503
v -0.4157339930534363 -0.4713970464702163 0.7777849825798525
v -0.3374960124492645 -0.4713970480877123 0.8147889765678896
v -0.25600799918174744 -0.47139704936220456 0.8439459594666017
v -0.1720539927482605 -0.4713970502814112 0.8649749549805177
v -0.08644360303878784 -0.4713970508365025 0.8776739629684938
v -4.2915300468848727e-7 -0.4713970510221452 0.8819209727226747
v 0.08644279837608337 -0.4713970508365468 0.8776749762474549
v 0.1720539927482605 -0.4713970502814112 0.8649749549805177
v 0.25600698590278625 -0.47139704936220456 0.8439459594666017
v 0.3374960124492645 -0.4713970480877123 0.8147889765678896
v 0.4157339930534363 -0.47139704647026054 0.7777859958588137
v 0.4899680018424988 -0.4713970445253202 0.7332909497200503
v 0.5594840049743652 -0.4713970422717362 0.6817349585472599
v 0.6236109733581543 -0.4713970397311879 0.6236139925896182
v 0.6817330121994019 -0.47139703692806206 0.5594859513222233
v 0.7332890033721924 -0.4713970338894665 0.48997099127164057
v 0.777783989906311 -0.47139703064459476 0.4157369824825782
v 0.8147879838943481 -0.47139702722470256 0.3374989720760841
v 0.8439450263977051 -0.47139702366274944 0.25601098861088945
v 0.8649749755859375 -0.4713970199930031 0.1720569821774026
v 0.8776739835739136 -0.47139701625084446 0.0864463764010927
v 0.8819209933280945 -0.47139701247229293 0.0000031980444894802986
v 0.8776749968528748 -0.4713970086937398 -0.08644001756319775
v 0.8649759888648987 -0.47139700495156395 -0.17205101822027927
v 0.8439469933509827 -0.4713970012818182 -0.2560050097526049
v 0.8147900104522705 -0.4713969977198638 -0.3374930230201219
v 0.7777870297431946 -0.4713969942999716 -0.415731033426616
v 0.7332929968833923 -0.4713969910550569 -0.4899660256923172
v 0.6817370057106018 -0.4713969880164587 -0.5594810453475448
v 0.6236159801483154 -0.47139698521333545 -0.623609027010295
v 0.5594879984855652 -0.47139698267274294 -0.6817310062468978
v 0.4899730086326599 -0.4713969804191146 -0.7332880106986494
v 0.4157389998435974 -0.47139697847417683 -0.777782997232768
v 0.33750098943710327 -0.4713969768566808 -0.8147869912208051
v 0.25601300597190857 -0.47139697558218596 -0.8439440337241619
v 0.17205999791622162 -0.471396974662935 -0.8649740425170391
v 0.08644919842481613 -0.471396974107802 -0.8776740041793316
v -5.96045985901128e-8 -0.47139697392215935 -0.8819210139335125
v -5.96045985901128e-8 -0.5555709833048389 -0.8314690236706147
v -0.08149830251932144 -0.5555709834798152 -0.8274660353321442
v -0.16221199929714203 -0.5555709840031726 -0.8154930119175324
v -0.24136300384998322 -0.5555709848697944 -0.7956670169491181
v -0.3181900084018707 -0.5555709860713771 -0.7681780104298005
v -0.3919520080089569 -0.555570987596337 -0.7332909946102509
v -0.4619399905204773 -0.5555709894299851 -0.6913420204777132
v -0.5274789929389954 -0.5555709915547086 -0.6427340154308687
v -0.5879380106925964 -0.5555709939499613 -0.5879370216984164
v -0.6427350044250488 -0.5555709965927091 -0.5274780039448154
v -0.6913419961929321 -0.5555709994575088 -0.46193903132861985
v -0.73329097032547 -0.5555710025167377 -0.3919520322937383
v -0.7681779861450195 -0.5555710057410216 -0.318189019407691
v -0.7956669926643372 -0.5555710090992362 -0.24136202975696477
v -0.8154929876327515 -0.5555710125590366 -0.16221102520412367
v -0.8274660110473633 -0.5555710160871228 -0.08149782761520316
v -0.8314689993858337 -0.5555710196495259 4.5255220587849404e-7
v -0.8274660110473633 -0.555571023211931 0.08149877742343956
v -0.8154929876327515 -0.5555710267400171 0.16221197501236007
v -0.7956669926643372 -0.5555710301998176 0.24136297956520117
v -0.7681769728660583 -0.5555710335580327 0.3181899841170886
v -0.7332900166511536 -0.5555710367823153 0.3919529672008135
v -0.691340982913971 -0.5555710398415443 0.46193996623569505
v -0.6427339911460876 -0.5555710427063453 0.5274789686542131
v -0.5879369974136353 -0.5555710453490931 0.5879379864078141
v -0.5274779796600342 -0.5555710477443458 0.6427349801402664
v -0.4619390070438385 -0.5555710498690251 0.6913419719081497
v -0.3919520080089569 -0.5555710517026731 0.7332909460406875
v -0.31818899512290955 -0.555571053227633 0.768177961860237
v -0.24136300384998322 -0.5555710544292157 0.7956669683795546
v -0.16221199929714203 -0.5555710552958375 0.815492963347969
v -0.08149850368499756 -0.555571055819195 0.8274659867625808
v -4.0531199374527205e-7 -0.5555710559941712 0.8314689751010512
v 0.08149769902229309 -0.555571055819195 0.8274659867625808
v 0.16221100091934204 -0.5555710552958375 0.815492963347969
v 0.24136200547218323 -0.5555710544292157 0.7956669683795546
v 0.31818899512290955 -0.555571053227633 0.768177961860237
v 0.3919509947299957 -0.5555710517026731 0.7332909460406875
v 0.4619379937648773 -0.5555710498690251 0.6913419719081497
v 0.5274770259857178 -0.5555710477443901 0.6427359934192276
v 0.5879369974136353 -0.5555710453491374 0.5879389996867753
v 0.6427329778671265 -0.5555710427063896 0.5274799819331742
v 0.6913400292396545 -0.5555710398415886 0.46194097951465624
v 0.7332900166511536 -0.5555710367823596 0.3919539804797747
v 0.7681769728660583 -0.5555710335581201 0.3181919808726886
v 0.795665979385376 -0.5555710301999048 0.24136497632080114
v 0.8154919743537903 -0.5555710267401044 0.16221397176796004
v 0.8274649977684021 -0.5555710232120313 0.08150107220226341
v 0.8314689993858337 -0.5555710196496374 0.00000300363522004689
v 0.8274660110473633 -0.555571016087241 -0.08149512305444648
v 0.8154940009117126 -0.5555710125591675 -0.1622080300707237
v 0.7956680059432983 -0.5555710090993677 -0.24135901972240362
v 0.7681789994239807 -0.5555710057411519 -0.31818603917545224
v 0.7332919836044312 -0.5555710025168693 -0.39194902225917716
v 0.6913440227508545 -0.5555709994576403 -0.4619360212940587
v 0.6427369713783264 -0.5555709965928394 -0.5274750237125766
v 0.5879409909248352 -0.5555709939500499 -0.5879349951404941
v 0.5274819731712341 -0.5555709915547946 -0.6427320484775911
v 0.46194401383399963 -0.5555709894301154 -0.6913390402454744
v 0.39195600152015686 -0.5555709875964674 -0.7332880143780122
v 0.3181940019130707 -0.5555709860714632 -0.7681760434765229
v 0.24136799573898315 -0.5555709848698804 -0.7956650499958405
v 0.16221700608730316 -0.5555709840032169 -0.8154919986385712
v 0.08150369673967361 -0.5555709834798594 -0.8274650220531831
v -5.96045985901128e-8 -0.5555709833048389 -0.8314690236706147
v -5.96045985901128e-8 -0.6343939562504821 -0.7730100432179136
v -0.07576829940080643 -0.6343939564131764 -0.7692880311749143
v -0.1508069932460785 -0.6343939568997274 -0.7581570425770444
v -0.22439299523830414 -0.6343939577054167 -0.7397250214359922
v -0.2958180010318756 -0.6343939588225479 -0.7141680398724242
v -0.36439499258995056 -0.6343939602402826 -0.6817340532086058
v -0.4294619858264923 -0.6343939619450283 -0.6427340188763304
v -0.4903930127620697 -0.6343939639203007 -0.597545055463092
v -0.5466009974479675 -0.6343939661471352 -0.5466010251782104
v -0.5975450277328491 -0.6343939686041086 -0.49039202721335146
v -0.6427350044250488 -0.6343939712674872 -0.4294610300800965
v -0.681734025478363 -0.634393974111656 -0.3643940368435548
v -0.7141680121421814 -0.6343939771092086 -0.29581802876211877
v -0.7397249937057495 -0.6343939802312949 -0.22439302296854735
v -0.7581570148468018 -0.634393983447885 -0.1508060225985218
v -0.7692880034446716 -0.6343939867279046 -0.07576792479969756
v -0.7730100154876709 -0.6343939900398435 4.014227612544455e-7
v -0.7692880034446716 -0.63439399335178 0.07576867400191516
v -0.7581570148468018 -0.6343939966318082 0.15080696551583492
v -0.7397249937057495 -0.6343939998483983 0.22439396588586047
v -0.7141680121421814 -0.6343940029704852 0.2958189865805931
v -0.681734025478363 -0.6343940059680366 0.36439496485970674
v -0.6427339911460876 -0.6343940088122053 0.42946195809624843
v -0.5975450277328491 -0.6343940114755853 0.49039298503182577
v -0.5465999841690063 -0.6343940139325144 0.5466009697177235
v -0.4903919994831085 -0.6343940161593489 0.5975450000026051
v -0.4294610023498535 -0.6343940181346656 0.6427349766948047
v -0.36439400911331177 -0.6343940198393669 0.6817339977481189
v -0.2958180010318756 -0.6343940212571016 0.7141679844119373
v -0.22439299523830414 -0.6343940223742328 0.7397249659755053
v -0.1508069932460785 -0.6343940231799221 0.7581569871165575
v -0.07576850056648254 -0.6343940236664731 0.7692879757144274
v -3.8146998804222676e-7 -0.6343940238291674 0.7730099877574267
v 0.07576770335435867 -0.6343940236664731 0.7692879757144274
v 0.1508059948682785 -0.6343940231799221 0.7581569871165575
v 0.22439199686050415 -0.6343940223742328 0.7397249659755053
v 0.29581698775291443 -0.634394021257146 0.7141689976908985
v 0.3643929958343506 -0.6343940198394087 0.6817349514224353
v 0.42945998907089233 -0.6343940181346656 0.6427349766948047
v 0.49039098620414734 -0.6343940161593905 0.5975459536769215
v 0.5465999841690063 -0.6343940139325587 0.5466019829966847
v 0.5975440144538879 -0.6343940114756282 0.49039396850846456
v 0.6427329778671265 -0.6343940088122496 0.4294629713752096
v 0.6817330121994019 -0.6343940059680809 0.3643959781386679
v 0.7141669988632202 -0.6343940029705282 0.2958199700572319
v 0.7397239804267883 -0.6343939998484426 0.22439497916482165
v 0.7581560015678406 -0.6343939966318961 0.1508089771725961
v 0.7692880034446716 -0.6343939933518762 0.07577087192319125
v 0.7730100154876709 -0.6343939900399478 0.0000027856097175601544
v 0.7692880034446716 -0.6343939867280183 -0.07576532454706923
v 0.7581580281257629 -0.6343939834479724 -0.15080402584292182
v 0.7397260069847107 -0.6343939802314259 -0.2243900278351474
v 0.714169979095459 -0.6343939771093402 -0.2958150187275576
v 0.6817359924316406 -0.6343939741117876 -0.36439102680899366
v 0.6427369713783264 -0.6343939712676188 -0.42945802004553535
v 0.5975469946861267 -0.6343939686042401 -0.4903890171787903
v 0.5466039776802063 -0.6343939661472654 -0.5465980449459716
v 0.49039599299430847 -0.6343939639204336 -0.5975420156262085
v 0.42946499586105347 -0.6343939619451143 -0.6427320519230528
v 0.3643980026245117 -0.6343939602403712 -0.6817320266506834
v 0.29582199454307556 -0.6343939588225922 -0.714167026593463
v 0.22439800202846527 -0.6343939577055027 -0.7397230544827146
v 0.15081200003623962 -0.6343939568997717 -0.7581560292980832
v 0.07577329874038696 -0.6343939564132207 -0.7692870178959531
v -5.96045985901128e-8 -0.6343939562504821 -0.7730100432179136
v -5.96045985901128e-8 -0.7071069765948783 -0.7071070384121394
v -0.06930860131978989 -0.7071069767437171 -0.7037020038700557
v -0.13795000314712524 -0.7071069771887849 -0.6935200404262996
v -0.20526200532913208 -0.7071069779258036 -0.6766590189075923
v -0.27059799432754517 -0.7071069789476891 -0.6532810043430781
v -0.3333280086517334 -0.7071069802445618 -0.6236120175457454
v -0.3928470015525818 -0.7071069818039651 -0.5879370283222652
v -0.4485839903354645 -0.7071069836108193 -0.5466010283565975
v -0.5 -0.7071069856478136 -0.50000003090863
v -0.5466009974479675 -0.7071069878953219 -0.4485830377674558
v -0.5879380106925964 -0.7071069903316202 -0.39284703246121194
v -0.6236119866371155 -0.7071069929332781 -0.3333280395603636
v -0.6532809734344482 -0.7071069956752942 -0.27059802523617543
v -0.6766589879989624 -0.7071069985312212 -0.20526203623776243
v -0.6935200095176697 -0.7071070014735661 -0.13794903567795566
v -0.7037019729614258 -0.7071070044739511 -0.06930822989706811
v -0.7071070075035095 -0.7071070075035266 3.744033632099194e-7
v -0.7037019729614258 -0.7071070105331018 0.06930897274251152
v -0.6935200095176697 -0.7071070135334954 0.13794997223849456
v -0.6766589879989624 -0.7071070164758402 0.20526297279830133
v -0.6532809734344482 -0.7071070193317235 0.27059796341891434
v -0.6236119866371155 -0.7071070220737397 0.3333279777431025
v -0.5879369974136353 -0.7071070246754418 0.39284798392291204
v -0.5465999841690063 -0.7071070271117388 0.4485839594268335
v -0.4999989867210388 -0.7071070293592041 0.49999996909136896
v -0.4485830068588257 -0.7071070313961985 0.5466009665393364
v -0.3928470015525818 -0.7071070332030969 0.5879379797839653
v -0.3333269953727722 -0.707107034762456 0.6236119557284843
v -0.27059799432754517 -0.7071070360593286 0.653280942525817
v -0.20526200532913208 -0.7071070370812141 0.6766589570903312
v -0.13795000314712524 -0.7071070378182328 0.6935199786090385
v -0.069308802485466 -0.7071070382633006 0.7037019420527946
v -3.576280107608909e-7 -0.7071070384121394 0.7071069765948783
v 0.06930810213088989 -0.7071070382633006 0.7037019420527946
v 0.13794900476932526 -0.7071070378182328 0.6935199786090385
v 0.2052610069513321 -0.7071070370812141 0.6766589570903312
v 0.27059701085090637 -0.7071070360593729 0.6532819558047782
v 0.3333269953727722 -0.7071070347625003 0.6236129690074455
v 0.3928459882736206 -0.7071070332030969 0.5879379797839653
v 0.4485830068588257 -0.7071070313962428 0.5466019798182976
v 0.4999989867210388 -0.7071070293592484 0.5000009823703301
v 0.5465999841690063 -0.7071070271117831 0.44858497270579467
v 0.5879369974136353 -0.7071070246754848 0.39284896739955083
v 0.6236109733581543 -0.7071070220737826 0.3333289612197413
v 0.6532800197601318 -0.7071070193318107 0.2705999601745143
v 0.6766579747200012 -0.7071070164758838 0.20526397117610132
v 0.6935189962387085 -0.7071070135335826 0.13795196899409454
v 0.7037010192871094 -0.707107010533189 0.0693109694981115
v 0.7071070075035095 -0.7071070075036214 0.000002544011387115229
v 0.7037019729614258 -0.7071070044740517 -0.06930592766766366
v 0.6935200095176697 -0.707107001473654 -0.1379470240211945
v 0.6766600012779236 -0.7071069985313527 -0.20525902620320127
v 0.6532819867134094 -0.7071069956754246 -0.27059504500393666
v 0.6236140131950378 -0.7071069929334097 -0.33332502952580245
v 0.5879390239715576 -0.7071069903317517 -0.3928440224266508
v 0.5466030240058899 -0.7071069878954092 -0.4485810410118558
v 0.5000020265579224 -0.7071069856479452 -0.4999970208740689
v 0.44858700037002563 -0.7071069836109495 -0.5465980481243587
v 0.39285099506378174 -0.7071069818040537 -0.5879350017643429
v 0.33333098888397217 -0.7071069802446478 -0.6236100505924678
v 0.2706019878387451 -0.7071069789477308 -0.6532800506687617
v 0.20526599884033203 -0.7071069779258896 -0.6766570519543147
v 0.1379539966583252 -0.7071069771888292 -0.6935190271473384
v 0.06931319832801819 -0.7071069767437588 -0.7037010501957393
v -5.96045985901128e-8 -0.7071069765948783 -0.7071070384121394
v -4.768369876728684e-8 -0.7730110010364322 -0.6343930105502505
v -0.0621814988553524 -0.7730110011699695 -0.6313380340869327
v -0.12376400083303452 -0.7730110015692733 -0.6222030262286563
v -0.18415500223636627 -0.7730110022304957 -0.6070760230357548
v -0.24277199804782867 -0.7730110031472975 -0.5861020426089665
v -0.2990509867668152 -0.7730110043107632 -0.5594850520427128
v -0.35245001316070557 -0.7730110057098354 -0.5274780134494206
v -0.40245500206947327 -0.7730110073309151 -0.490392033272495
v -0.4485839903354645 -0.7730110091584443 -0.4485830406482122
v -0.4903919994831085 -0.7730110111748079 -0.40245402257989865
v -0.5274789929389954 -0.7730110133605511 -0.3524500469500922
v -0.5594850182533264 -0.7730110156946969 -0.29905102055620186
v -0.5861030220985413 -0.7730110181547734 -0.2427710334594154
v -0.6070759892463684 -0.7730110207170037 -0.18415403764795304
v -0.62220299243927 -0.7730110233567348 -0.12376403462242133
v -0.6313380002975464 -0.7730110260486134 -0.062181033455839294
v -0.6343929767608643 -0.773011028766647 3.238386238161122e-7
v -0.6313380002975464 -0.7730110314846843 0.06218176681447957
v -0.62220299243927 -0.7730110341765278 0.12376396704364745
v -0.6070759892463684 -0.7730110368163026 0.18415496844697912
v -0.5861020088195801 -0.7730110393785329 0.24277196425844147
v -0.5594840049743652 -0.7730110418385657 0.29905095297742795
v -0.5274779796600342 -0.7730110441727115 0.3524499793713183
v -0.4903919994831085 -0.773011046358499 0.4024549682800859
v -0.4485830068588257 -0.7730110483748612 0.4485839565460771
v -0.4024539887905121 -0.7730110502023918 0.49039297897268225
v -0.3524489998817444 -0.7730110518234715 0.5274789591496079
v -0.2990500032901764 -0.7730110532224994 0.5594849844639389
v -0.2427709996700287 -0.7730110543860094 0.5861029883091537
v -0.18415400385856628 -0.7730110553027669 0.6070759554569809
v -0.12376400083303452 -0.7730110559639893 0.6222029586498824
v -0.06218159943819046 -0.7730110563632931 0.6313379665081588
v -3.2186500220632297e-7 -0.7730110564968304 0.6343929429714766
v 0.06218089908361435 -0.7730110563632931 0.6313379665081588
v 0.12376300245523453 -0.7730110559639893 0.6222029586498824
v 0.18415400385856628 -0.7730110553027669 0.6070759554569809
v 0.2427709996700287 -0.7730110543860094 0.5861029883091537
v 0.2990500032901764 -0.7730110532224994 0.5594849844639389
v 0.3524489998817444 -0.7730110518234715 0.5274789591496079
v 0.4024539887905121 -0.7730110502023918 0.49039297897268225
v 0.4485830068588257 -0.7730110483748612 0.4485839565460771
v 0.49039098620414734 -0.773011046358542 0.4024559517567247
v 0.5274770259857178 -0.7730110441727545 0.35245096284795707
v 0.5594840049743652 -0.77301104183861 0.29905196625638913
v 0.5861020088195801 -0.7730110393785765 0.24277296263624146
v 0.6070759892463684 -0.7730110368163462 0.1841559668247791
v 0.62220299243927 -0.7730110341766152 0.12376596379924742
v 0.6313380002975464 -0.7730110314847585 0.062183465546855665
v 0.6343929767608643 -0.7730110287667324 0.0000022788705574919653
v 0.6313380002975464 -0.7730110260487052 -0.06217893239211096
v 0.6222040057182312 -0.773011023356866 -0.12376103203844077
v 0.6070770025253296 -0.773011020717091 -0.18415204089235307
v 0.5861039757728577 -0.7730110181548606 -0.24276903670381542
v 0.5594859719276428 -0.7730110156948271 -0.2990480403239631
v 0.5274800062179565 -0.7730110133606827 -0.35244703691553103
v 0.4903939962387085 -0.7730110111748951 -0.4024520258242987
v 0.44858598709106445 -0.7730110091585316 -0.4485810438926122
v 0.40245699882507324 -0.7730110073310024 -0.490390036516895
v 0.35245299339294434 -0.7730110057099213 -0.527476046496143
v 0.29905399680137634 -0.7730110043108518 -0.5594830254847905
v 0.24277499318122864 -0.7730110031473418 -0.5861010293300053
v 0.18415799736976624 -0.77301100223054 -0.6070750097567936
v 0.12376800179481506 -0.7730110015693176 -0.6222020129496951
v 0.06218549981713295 -0.7730110011699695 -0.6313380340869327
v -4.768369876728684e-8 -0.7730110010364322 -0.6343930105502505
v -4.768369876728684e-8 -0.8314699883800566 -0.5555700427152543
v -0.05445539951324463 -0.8314699884969845 -0.5528950458623796
v -0.10838600248098373 -0.8314699888466763 -0.5448950296499162
v -0.1612740010023117 -0.8314699894257633 -0.5316470628835588
v -0.2126069962978363 -0.8314699902286544 -0.5132790571309953
v -0.26189398765563965 -0.8314699912475685 -0.4899690216638475
v -0.30865800380706787 -0.8314699924727978 -0.46193904338854846
v -0.35245001316070557 -0.8314699938924566 -0.4294610386945635
v -0.3928470015525818 -0.8314699954929055 -0.3928470378972918
v -0.4294610023498535 -0.831469997258714 -0.35245004950541564
v -0.4619390070438385 -0.8314699991729236 -0.30865804015177795
v -0.4899689853191376 -0.8314700012170437 -0.2618940240003498
v -0.5132799744606018 -0.8314700033714467 -0.2126070326425465
v -0.5316470265388489 -0.8314700056153269 -0.16127303896922196
v -0.5448949933052063 -0.8314700079270912 -0.10838603882569404
v -0.5528950095176697 -0.831470010284486 -0.05445513783473112
v -0.5555700063705444 -0.8314700126648077 2.7359928893619595e-7
v -0.5528950095176697 -0.8314700150451285 0.05445566491704833
v -0.5448949933052063 -0.8314700174025407 0.10838696451407319
v -0.5316470265388489 -0.831470019714305 0.16127396465760113
v -0.5132790207862854 -0.8314700219581852 0.21260795833092566
v -0.4899689853191376 -0.8314700241125446 0.26189395131092896
v -0.4619390070438385 -0.8314700261566647 0.30865796746235713
v -0.4294610023498535 -0.8314700280708743 0.3524499768159948
v -0.3928470015525818 -0.8314700298367271 0.3928479784868322
v -0.3524489998817444 -0.8314700314371747 0.42946194948178146
v -0.30865800380706787 -0.8314700328568334 0.46193995417576644
v -0.26189398765563965 -0.8314700340820198 0.48996894897442667
v -0.2126069962978363 -0.8314700351009755 0.5132799381158908
v -0.16127300262451172 -0.831470035903825 0.5316469901941379
v -0.10838600248098373 -0.831470036482912 0.5448949569604953
v -0.05445550009608269 -0.8314700368326038 0.5528949731729587
v -2.8610199365175504e-7 -0.8314700369495317 0.5555699700258334
v 0.054455000907182693 -0.8314700368326038 0.5528949731729587
v 0.10838600248098373 -0.831470036482912 0.5448949569604953
v 0.16127300262451172 -0.831470035903825 0.5316469901941379
v 0.2126069962978363 -0.8314700351009755 0.5132799381158908
v 0.26189300417900085 -0.8314700340820198 0.48996894897442667
v 0.3086569905281067 -0.8314700328568334 0.46193995417576644
v 0.3524489998817444 -0.8314700314371747 0.42946194948178146
v 0.3928459882736206 -0.8314700298367271 0.3928479784868322
v 0.42945998907089233 -0.8314700280709173 0.3524509602926336
v 0.4619390070438385 -0.8314700261567076 0.3086589509389959
v 0.4899680018424988 -0.8314700241125889 0.26189496458989014
v 0.5132790207862854 -0.8314700219582288 0.21260895670872565
v 0.5316470265388489 -0.8314700197143486 0.16127496303540112
v 0.5448939800262451 -0.8314700174025843 0.10838796289187318
v 0.5528939962387085 -0.8314700150451985 0.05445726306658637
v 0.5555700063705444 -0.8314700126648827 0.0000019902152583077543
v 0.5528950095176697 -0.831470010284569 -0.0544532379366789
v 0.5448949933052063 -0.8314700079271788 -0.10838403461951347
v 0.5316479802131653 -0.8314700056154142 -0.16127104221362198
v 0.5132799744606018 -0.831470003371534 -0.21260503588694651
v 0.48996999859809875 -0.8314700012171311 -0.2618920272447498
v 0.4619410037994385 -0.8314699991730109 -0.30865604339617797
v 0.4294629991054535 -0.8314699972588026 -0.3524480229474933
v 0.39284899830818176 -0.8314699954929927 -0.39284504114169183
v 0.35245200991630554 -0.8314699938925438 -0.4294590419389635
v 0.30866101384162903 -0.8314699924728421 -0.4619380301095873
v 0.2618969976902008 -0.8314699912476557 -0.4899670249082475
v 0.21261000633239746 -0.8314699902286987 -0.5132780438520341
v 0.16127699613571167 -0.8314699894258076 -0.5316460496045976
v 0.10839000344276428 -0.8314699888467206 -0.544894016370955
v 0.05445899814367294 -0.8314699884970288 -0.5528940325834184
v -4.768369876728684e-8 -0.8314699883800566 -0.5555700427152543
v -4.768369876728684e-8 -0.8819219860016801 -0.4713960377432283
v -0.04620499908924103 -0.8819219861009056 -0.46912602464927994
v -0.09196490049362183 -0.8819219863976179 -0.46233803908600174
v -0.13683900237083435 -0.8819219868889342 -0.4510980335928377
v -0.18039600551128387 -0.8819219875701764 -0.43551302830948196
v -0.22221499681472778 -0.8819219884347439 -0.4157340316034731
v -0.26189398765563965 -0.8819219894742875 -0.39195204655899374
v -0.2990509867668152 -0.881921990678886 -0.3643940476633486
v -0.3333280086517334 -0.8819219920368683 -0.3333270339228091
v -0.36439400911331177 -0.8819219935351633 -0.29905004184021333
v -0.3919520080089569 -0.8819219951593044 -0.2618940262056766
v -0.4157339930534363 -0.8819219968937283 -0.22221503536476478
v -0.4355129897594452 -0.8819219987217382 -0.18039504568352094
v -0.4510979950428009 -0.8819220006256318 -0.13683904092087143
v -0.46233901381492615 -0.8819220025871541 -0.09196464102043508
v -0.46912598609924316 -0.881922004587383 -0.04620473961605433
v -0.47139599919319153 -0.8819220066070662 2.2370995072102919e-7
v -0.46912598609924316 -0.8819220086267483 0.04620516170487987
v -0.46233800053596497 -0.8819220106269773 0.09196506310926061
v -0.4510979950428009 -0.8819220125884778 0.136838963820797
v -0.4355129897594452 -0.881922014492415 0.1803959669612465
v -0.4157339930534363 -0.8819220163203813 0.22221495826469034
v -0.3919509947299957 -0.8819220180548052 0.26189394910560215
v -0.36439400911331177 -0.8819220196789892 0.2990509482167777
v -0.3333269953727722 -0.8819220211772856 0.33332797010169585
v -0.2990500032901764 -0.8819220225352236 0.36439397056327416
v -0.26189300417900085 -0.8819220237398221 0.3919519694589193
v -0.2222139984369278 -0.8819220247793657 0.4157339545033987
v -0.1803950071334839 -0.8819220256439332 0.43551295120940753
v -0.13683900237083435 -0.8819220263251754 0.45109795649276324
v -0.09196490049362183 -0.8819220268164917 0.4623379619859273
v -0.046205099672079086 -0.881922027113204 0.4691259475492055
v -2.3841900542720396e-7 -0.8819220272124294 0.47139596064315387
v 0.04620460048317909 -0.881922027113204 0.4691259475492055
v 0.09196440130472183 -0.881922026816536 0.4623389752648885
v 0.13683900237083435 -0.8819220263251754 0.45109795649276324
v 0.1803950071334839 -0.8819220256439775 0.4355139644883687
v 0.2222139984369278 -0.88192202477941 0.41573496778235985
v 0.26189300417900085 -0.8819220237398221 0.3919519694589193
v 0.2990500032901764 -0.8819220225352666 0.36439495403991295
v 0.3333269953727722 -0.8819220211772856 0.33332797010169585
v 0.36439400911331177 -0.8819220196789892 0.2990509482167777
v 0.3919509947299957 -0.8819220180548495 0.26189496238456333
v 0.4157339930534363 -0.8819220163204249 0.22221595664249033
v 0.4355129897594452 -0.8819220144924587 0.18039696533904648
v 0.4510979950428009 -0.8819220125885214 0.13683996219859698
v 0.46233800053596497 -0.8819220106270297 0.09196626265273672
v 0.46912598609924316 -0.8819220086268051 0.046206461831194034
v 0.47139599919319153 -0.8819220066071298 0.0000016780599351631882
v 0.46912598609924316 -0.8819220045874531 -0.04620313774122599
v 0.46233901381492615 -0.8819220025872242 -0.09196303914560675
v 0.4510990083217621 -0.881922000625719 -0.13683704416527145
v 0.43551400303840637 -0.8819219987217825 -0.18039403240455976
v 0.41573500633239746 -0.8819219968938156 -0.2222130386091648
v 0.3919529914855957 -0.8819219951593917 -0.2618920294500766
v 0.36439600586891174 -0.8819219935352076 -0.29904902856125215
v 0.3333289921283722 -0.8819219920369114 -0.3333260504461703
v 0.29905301332473755 -0.8819219906789303 -0.3643930343843874
v 0.261896014213562 -0.8819219894743747 -0.39195004980339376
v 0.22221699357032776 -0.8819219884347869 -0.4157330481268343
v 0.18039800226688385 -0.8819219875702194 -0.43551204483284317
v 0.13684199750423431 -0.8819219868889772 -0.4510970501161989
v 0.09196779876947403 -0.8819219863976179 -0.46233803908600174
v 0.04620800167322159 -0.8819219861009056 -0.46912602464927994
v -4.768369876728684e-8 -0.8819219860016801 -0.4713960377432283
v -3.576279894446088e-8 -0.9238799643133473 -0.3826830492933037
v -0.0375095009803772 -0.9238799643939076 -0.38084004387452625
v -0.07465779781341553 -0.9238799646347574 -0.3753300414998772
v -0.11108700186014175 -0.9238799650336237 -0.3662050472219231
v -0.14644600450992584 -0.9238799655866606 -0.3535530374963525
v -0.1803950071334839 -0.9238799662885337 -0.33749605283334283
v -0.2126069962978363 -0.9238799671324702 -0.31818903550698785
v -0.24277199804782867 -0.9238799681103376 -0.29581804141595397
v -0.27059799432754517 -0.9238799692127391 -0.2705980347116235
v -0.2958180010318756 -0.9238799704290958 -0.24277104005410707
v -0.31818899512290955 -0.9238799717476063 -0.21260703668191472
v -0.3374960124492645 -0.9238799731556371 -0.18039504751756236
v -0.35355299711227417 -0.9238799746395953 -0.14644604489400434
v -0.36620500683784485 -0.9238799761851864 -0.11108704224422028
v -0.37533000111579895 -0.9238799777775706 -0.07465754017427022
v -0.380840003490448 -0.92387997940137 -0.037509340198779675
v -0.38268300890922546 -0.923879981040963 1.7419292109110756e-7
v -0.380840003490448 -0.9238799826805548 0.03750965803668435
v -0.37533000111579895 -0.9238799843043587 0.07465795859501294
v -0.36620500683784485 -0.923879985896721 0.111086961476063
v -0.35355299711227417 -0.9238799874423559 0.14644696250364705
v -0.3374960124492645 -0.923879988926314 0.18039596512720507
v -0.31818899512290955 -0.9238799903343011 0.21260695591375744
v -0.2958180010318756 -0.9238799916528553 0.2427719576637498
v -0.27059701085090637 -0.9238799928691683 0.27059795394346625
v -0.2427709996700287 -0.9238799939715698 0.2958179606477967
v -0.2126069962978363 -0.9238799949494372 0.3181889547388306
v -0.1803950071334839 -0.9238799957933737 0.33749597206518556
v -0.14644600450992584 -0.9238799964952468 0.3535529567281952
v -0.11108700186014175 -0.9238799970482837 0.3662049664537658
v -0.07465779781341553 -0.92387999744715 0.3753299607317199
v -0.037509601563215256 -0.9238799976879998 0.380839963106369
v -2.0265599687263602e-7 -0.9238799977685601 0.38268296852514644
v 0.03750919923186302 -0.9238799976879998 0.380839963106369
v 0.07465740293264389 -0.92387999744715 0.3753299607317199
v 0.11108700186014175 -0.9238799970482837 0.3662049664537658
v 0.14644600450992584 -0.9238799964952468 0.3535529567281952
v 0.1803950071334839 -0.9238799957933737 0.33749597206518556
v 0.2126069962978363 -0.9238799949494814 0.31818996801779176
v 0.2427709996700287 -0.9238799939715698 0.2958179606477967
v 0.27059701085090637 -0.9238799928691683 0.27059795394346625
v 0.29581698775291443 -0.9238799916528553 0.2427719576637498
v 0.31818899512290955 -0.9238799903343448 0.21260795429155743
v 0.3374960124492645 -0.923879988926314 0.18039596512720507
v 0.3535520136356354 -0.9238799874423559 0.14644696250364705
v 0.36620399355888367 -0.9238799858967647 0.111087959853863
v 0.37532898783683777 -0.9238799843043981 0.07465886011526517
v 0.380840003490448 -0.923879982680603 0.037510760722612696
v 0.38268300890922546 -0.9238799810410141 0.0000013424458856806619
v 0.380840003490448 -0.9238799794014269 -0.03750804007246551
v 0.37533000111579895 -0.9238799777776272 -0.07465624377324635
v 0.36620500683784485 -0.923879976185274 -0.11108503803803971
v 0.35355401039123535 -0.9238799746396389 -0.14644504651620435
v 0.3374969959259033 -0.9238799731556814 -0.18039403423860118
v 0.3181900084018707 -0.9238799717476499 -0.21260603830411473
v 0.2958190143108368 -0.9238799704291394 -0.24277004167630709
v 0.27059900760650635 -0.9238799692128263 -0.27059603795602355
v 0.24277299642562866 -0.9238799681103819 -0.2958170281369928
v 0.21260899305343628 -0.9238799671325133 -0.31818805203034906
v 0.18039700388908386 -0.923879966288578 -0.33749503955438165
v 0.14644800126552582 -0.9238799655867036 -0.3535520540197137
v 0.11108899861574173 -0.923879965033668 -0.3662040339429619
v 0.07466010004281998 -0.9238799646348017 -0.375329028220916
v 0.037512000650167465 -0.9238799643939076 -0.38084004387452625
v -3.576279894446088e-8 -0.9238799643133473 -0.3826830492933037
v -3.576279894446088e-8 -0.9569409958790914 -0.29028404961692633
v -0.028452899307012558 -0.9569409959401999 -0.28888605247604193
v -0.056631699204444885 -0.9569409961229141 -0.28470603834258856
v -0.0842650979757309 -0.9569409964254846 -0.2777840317355329
v -0.11108700186014175 -0.956940996844983 -0.2681870282756025
v -0.13683900237083435 -0.9569409973773434 -0.2560080410109693
v -0.16127300262451172 -0.9569409980175402 -0.2413620473014051
v -0.18415400385856628 -0.9569409987592792 -0.22439303706752603
v -0.20526200532913208 -0.9569409995955214 -0.205262047158354
v -0.22439299523830414 -0.9569410005181814 -0.1841540456877882
v -0.24136200547218323 -0.9569410015183418 -0.16127304445373367
v -0.25600799918174744 -0.956941002586386 -0.13683904420005633
v -0.2681879997253418 -0.9569410037120417 -0.11108704368936376
v -0.2777850031852722 -0.9569410048844732 -0.08426493863927681
v -0.2847059965133667 -0.9569410060923673 -0.05663154359328113
v -0.28888601064682007 -0.956941007324102 -0.02845274183320368
v -0.29028400778770447 -0.9569410085678164 1.2506378041107661e-7
v -0.28888601064682007 -0.9569410098115293 0.02845295806062847
v -0.2847059965133667 -0.9569410110432638 0.05663175795806077
v -0.27778398990631104 -0.9569410122511582 0.08426516045463706
v -0.2681869864463806 -0.9569410134235764 0.11108696003091953
v -0.25600799918174744 -0.9569410145492321 0.1368389605416121
v -0.24136200547218323 -0.9569410156172763 0.16127296079528944
v -0.22439199686050415 -0.9569410166174367 0.18415396202934398
v -0.20526200532913208 -0.9569410175400967 0.20526196349990977
v -0.18415400385856628 -0.9569410183763389 0.2243929534090818
v -0.16127300262451172 -0.9569410191180779 0.24136196364296086
v -0.13683900237083435 -0.9569410197582747 0.256007957352525
v -0.11108700186014175 -0.9569410202906794 0.2681879578961194
v -0.08426500111818314 -0.9569410207101778 0.2777849613560498
v -0.056631699204444885 -0.9569410210127041 0.2847059546841443
v -0.028452899307012558 -0.9569410211954182 0.28888596881759765
v -1.5497199967740016e-7 -0.9569410212565267 0.29028396595848205
v 0.028452599421143532 -0.9569410211954182 0.28888596881759765
v 0.05663130059838295 -0.9569410210127041 0.2847059546841443
v 0.08426470309495926 -0.9569410207101778 0.2777849613560498
v 0.11108700186014175 -0.9569410202906794 0.2681879578961194
v 0.13683900237083435 -0.9569410197582747 0.256007957352525
v 0.16127300262451172 -0.9569410191181216 0.24136296202076085
v 0.18415400385856628 -0.9569410183763389 0.2243929534090818
v 0.2052610069513321 -0.9569410175400967 0.20526196349990977
v 0.22439199686050415 -0.9569410166174803 0.18415496040714396
v 0.24136200547218323 -0.9569410156173199 0.16127395917308943
v 0.25600698590278625 -0.9569410145492757 0.13683995891941209
v 0.2681869864463806 -0.95694101342362 0.11108795840871952
v 0.27778398990631104 -0.9569410122511889 0.08426586080921317
v 0.2847059965133667 -0.9569410110432944 0.05663245831263688
v 0.28888601064682007 -0.9569410098115643 0.02845375899804264
v 0.29028400778770447 -0.9569410085678549 0.0000010072107296769919
v 0.28888601064682007 -0.9569410073241457 -0.028451741592758543
v 0.2847070097923279 -0.9569410060924112 -0.056630541490190846
v 0.2777850031852722 -0.9569410048845212 -0.08426384340392906
v 0.2681879997253418 -0.9569410037120853 -0.11108604531156377
v 0.25600799918174744 -0.9569410025864297 -0.13683804582225634
v 0.24136300384998322 -0.9569410015183855 -0.16127204607593368
v 0.22439399361610413 -0.9569410005182252 -0.18415304730998822
v 0.20526300370693207 -0.956940999595565 -0.205261048780554
v 0.18415500223636627 -0.9569409987593228 -0.22439203868972604
v 0.1612749993801117 -0.9569409980175838 -0.2413610489236051
v 0.13684000074863434 -0.9569409973773877 -0.2560070277320081
v 0.11108800023794174 -0.956940996844983 -0.2681870282756025
v 0.08426669985055923 -0.9569409964254846 -0.2777840317355329
v 0.05663340166211128 -0.9569409961229141 -0.28470603834258856
v 0.028454700484871864 -0.9569409959401999 -0.28888605247604193
v -3.576279894446088e-8 -0.9569409958790914 -0.29028404961692633
v -3.576279894446088e-8 -0.9807850037175222 -0.19509003873252995
v -0.019122200086712837 -0.9807850037586108 -0.19415004368209965
v -0.03806009888648987 -0.9807850038813961 -0.19134104068660862
v -0.05663159862160683 -0.9807850040847412 -0.18668904717350132
v -0.07465759664773941 -0.9807850043666796 -0.180239049748422
v -0.09196460247039795 -0.980785004724458 -0.172054035619737
v -0.10838600248098373 -0.9807850051547088 -0.16221104379081855
v -0.12376400083303452 -0.9807850056532375 -0.15080603773975504
v -0.13794900476932526 -0.9807850062152345 -0.1379490476408018
v -0.1508059948682785 -0.9807850068353243 -0.12376304532671108
v -0.16221100091934204 -0.9807850075074743 -0.1083860453524603
v -0.1720539927482605 -0.9807850082252811 -0.09196454103374617
v -0.1802390068769455 -0.9807850089817941 -0.07465754266166826
v -0.18668900430202484 -0.9807850097697399 -0.05663144405269763
v -0.19134099781513214 -0.9807850105815218 -0.03806004117512845
v -0.19415000081062317 -0.980785011409328 -0.019122043655158523
v -0.19508999586105347 -0.9807850122451824 7.633752155441726e-8
v -0.19415000081062317 -0.9807850130810352 0.019122157215236142
v -0.19134099781513214 -0.9807850139088414 0.03806015659785122
v -0.18668900430202484 -0.9807850147206275 0.056631656332968155
v -0.1802390068769455 -0.9807850155085691 0.07465765808439102
v -0.1720539927482605 -0.9807850162650821 0.09196465645646894
v -0.16221100091934204 -0.9807850169828801 0.10838595960950695
v -0.1508059948682785 -0.9807850176550738 0.12376395796155772
v -0.13794900476932526 -0.98078501827512 0.13794896189784844
v -0.12376300245523453 -0.980785018837117 0.1508059519968017
v -0.10838600248098373 -0.9807850193356457 0.1622109580478652
v -0.09196449816226959 -0.9807850197658965 0.17205394987678366
v -0.07465749979019165 -0.9807850201236749 0.18023896400546865
v -0.05663150176405907 -0.9807850204056132 0.18668896143054797
v -0.03806009888648987 -0.9807850206089583 0.19134095494365527
v -0.019122200086712837 -0.9807850207317437 0.1941499579391463
v -1.1920899822825959e-7 -0.9807850207728323 0.1950899529895766
v 0.01912200078368187 -0.9807850207317437 0.1941499579391463
v 0.03805990144610405 -0.9807850206089583 0.19134095494365527
v 0.05663130059838295 -0.9807850204056132 0.18668896143054797
v 0.07465729862451553 -0.9807850201236749 0.18023896400546865
v 0.09196429699659348 -0.9807850197658965 0.17205394987678366
v 0.10838600248098373 -0.9807850193356457 0.1622109580478652
v 0.12376300245523453 -0.9807850188371606 0.15080695037460168
v 0.13794900476932526 -0.98078501827512 0.13794896189784844
v 0.1508059948682785 -0.9807850176550738 0.12376395796155772
v 0.16221100091934204 -0.9807850169828801 0.10838595960950695
v 0.1720529943704605 -0.9807850162650997 0.09196505878782117
v 0.1802390068769455 -0.9807850155085868 0.07465806041574326
v 0.18668900430202484 -0.9807850147206452 0.05663205866432039
v 0.19134099781513214 -0.9807850139088633 0.03806065578675121
v 0.19415000081062317 -0.9807850130810614 0.019122756986974195
v 0.19508999586105347 -0.9807850122452085 6.723845448479388e-7
v 0.19415000081062317 -0.9807850114093543 -0.01912144202077532
v 0.19134099781513214 -0.9807850105815522 -0.03805934454584264
v 0.18668900430202484 -0.9807850097697706 -0.056630743698121516
v 0.18024000525474548 -0.9807850089818247 -0.07465684230709214
v 0.1720539927482605 -0.9807850082253118 -0.09196384067917006
v 0.16221199929714203 -0.9807850075075183 -0.10838503952407971
v 0.1508069932460785 -0.9807850068353243 -0.12376304532671108
v 0.13795000314712524 -0.9807850062152781 -0.1379480492630018
v 0.12376400083303452 -0.9807850056532375 -0.15080603773975504
v 0.10838700085878372 -0.9807850051547524 -0.16221004541301856
v 0.09196560084819794 -0.9807850047245016 -0.17205303724193702
v 0.07465860247612 -0.9807850043666796 -0.180239049748422
v 0.05663270130753517 -0.9807850040847412 -0.18668904717350132
v 0.03806129842996597 -0.9807850038813961 -0.19134104068660862
v 0.019123399630188942 -0.9807850037586108 -0.19415004368209965
v -3.576279894446088e-8 -0.9807850037175222 -0.19509003873252995
v -2.3841899121634924e-8 -0.9951850133013201 -0.09801644711639554
v -0.009607319720089436 -0.995185013321952 -0.09754444538499982
v -0.01912209950387478 -0.9951850133836463 -0.09613304464962155
v -0.02845270000398159 -0.9951850134858086 -0.09379584221985013
v -0.03750929981470108 -0.9951850136274552 -0.09055534629966885
v -0.04620460048317909 -0.9951850138072227 -0.08644274501945647
v -0.054455000907182693 -0.9951850140233799 -0.08149764566566618
v -0.06218099966645241 -0.9951850142738418 -0.07576774685527954
v -0.06930810213088989 -0.9951850145562045 -0.0693080413236824
v -0.07576770335435867 -0.9951850148677398 -0.062180942584535215
v -0.08149769902229309 -0.995185015205454 -0.05445494382526551
v -0.08644279837608337 -0.9951850155660861 -0.04620464398409997
v -0.09055539965629578 -0.9951850159461741 -0.037509242732783915
v -0.09379590302705765 -0.9951850163420507 -0.028452642922064435
v -0.09613309800624847 -0.9951850167499041 -0.01912204428460278
v -0.09754440188407898 -0.9951850171658075 -0.00960728312726894
v -0.0980164036154747 -0.9951850175857555 4.1827778366971305e-9
v -0.09754440188407898 -0.9951850180057036 0.009607296708265135
v -0.09613300114870071 -0.995185018421607 0.019122056002953827
v -0.09379579871892929 -0.9951850188294604 0.02845265650306063
v -0.09055530279874802 -0.9951850192253371 0.03750925631378012
v -0.08644270151853561 -0.9951850196054252 0.046204657565096174
v -0.08149760216474533 -0.9951850199660572 0.05445495740626171
v -0.07576770335435867 -0.9951850203037713 0.06218095616553142
v -0.06930799782276154 -0.9951850206153069 0.06930805862996889
v -0.06218089908361435 -0.995185020897665 0.07576765985343767
v -0.054455000907182693 -0.9951850211481311 0.08149765552137207
v -0.04620460048317909 -0.9951850213642883 0.08644275487516236
v -0.03750919923186302 -0.9951850215440516 0.09055525929782698
v -0.02845270000398159 -0.9951850216856982 0.09379575521800826
v -0.01912209950387478 -0.9951850217878605 0.09613295764777968
v -0.009607329964637756 -0.9951850218495548 0.09754435838315795
v -7.152559788892177e-8 -0.9951850218701866 0.09801636011455367
v 0.00960719957947731 -0.9951850218495548 0.09754435838315795
v 0.01912190020084381 -0.9951850217878605 0.09613295764777968
v 0.028452500700950623 -0.9951850216857028 0.09379585952613662
v 0.03750909864902496 -0.9951850215440559 0.09055535615537474
v 0.046204399317502975 -0.9951850213642883 0.08644275487516236
v 0.05445479974150658 -0.9951850211481311 0.08149765552137207
v 0.06218079850077629 -0.9951850208976692 0.07576775671098543
v 0.06930790096521378 -0.9951850206153111 0.06930815548751665
v 0.07576750218868256 -0.9951850203037758 0.062181056748369476
v 0.08149749785661697 -0.9951850199660658 0.05445515484664753
v 0.08644259721040726 -0.9951850196054295 0.04620475814793423
v 0.09055519849061966 -0.9951850192253459 0.037509457479456235
v 0.09379570186138153 -0.9951850188294692 0.0284528558060916
v 0.09613289684057236 -0.9951850184216201 0.019122355888822853
v 0.09754429757595062 -0.9951850180057162 0.00960758634958584
v 0.0980164036154747 -0.995185017585769 3.1412708983030087e-7
v 0.09754440188407898 -0.995185017165822 -0.009606953439077526
v 0.09613309800624847 -0.9951850167499217 -0.019121643815895695
v 0.09379590302705765 -0.9951850163420638 -0.02845234303619541
v 0.09055549651384354 -0.9951850159461916 -0.03750884412672198
v 0.08644290268421173 -0.9951850155661036 -0.04620424165274774
v 0.08149790018796921 -0.9951850152054672 -0.05445464207675133
v 0.07576800137758255 -0.9951850148677529 -0.06218064456131134
v 0.06930840015411377 -0.9951850145562174 -0.06930774330045852
v 0.06218130141496658 -0.9951850142738551 -0.07576744138147506
v 0.05445539951324463 -0.9951850140233932 -0.08149734019186171
v 0.046205099672079086 -0.9951850138072315 -0.08644254385378035
v 0.037509799003601074 -0.995185013627464 -0.09055514513399274
v 0.028453199192881584 -0.9951850134858129 -0.09379574536230237
v 0.019122600555419922 -0.9951850133836508 -0.0961329403414932
v 0.009607910178601742 -0.9951850133219565 -0.09754434107687146
v -2.3841899121634924e-8 -0.9951850133013201 -0.09801644711639554
v -2.3841899121634924e-8 -0.999999999999999 -4.371139050718398e-8
v -2.3841899121634924e-8 -0.999999999999999 -4.371139050718398e-8
v -2.3841899121634924e-8 -0.999999999999999 -4.371139050718398e-8
v -2.3841899121634924e-8 -0.999999999999999 -4.371139050718398e-8
v -2.3841899121634924e-8 -0.999999999999999 -4.371139050718398e-8
v -2.3841899121634924e-8 -0.999999999999999 -4.371139050718398e-8
v -2.3841899121634924e-8 -0.999999999999999 -4.371139050718398e-8
v -2.3841899121634924e-8 -0.999999999999999 -4.371139050718398e-8
v -2.3841899121634924e-8 -0.999999999999999 -4.371139050718398e-8
v -2.3841899121634924e-8 -0.999999999999999 -4.371139050718398e-8
v -2.3841899121634924e-8 -0.999999999999999 -4.371139050718398e-8
v -2.3841899121634924e-8 -0.999999999999999 -4.371139050718398e-8
v -2.3841899121634924e-8 -0.999999999999999 -4.371139050718398e-8
v -2.3841899121634924e-8 -0.999999999999999 -4.371139050718398e-8
v -2.3841899121634924e-8 -0.999999999999999 -4.371139050718398e-8
v -2.3841899121634924e-8 -0.999999999999999 -4.371139050718398e-8
v -2.3841899121634924e-8 -0.999999999999999 -4.371139050718398e-8
v -2.3841899121634924e-8 -0.999999999999999 -4.371139050718398e-8
v -2.3841899121634924e-8 -0.999999999999999 -4.371139050718398e-8
v -2.3841899121634924e-8 -0.999999999999999 -4.371139050718398e-8
v -2.3841899121634924e-8 -0.999999999999999 -4.371139050718398e-8
v -2.3841899121634924e-8 -0.999999999999999 -4.371139050718398e-8
v -2.3841899121634924e-8 -0.999999999999999 -4.371139050718398e-8
v -2.3841899121634924e-8 -0.999999999999999 -4.371139050718398e-8
v -2.3841899121634924e-8 -0.999999999999999 -4.371139050718398e-8
v -2.3841899121634924e-8 -0.999999999999999 -4.371139050718398e-8
v -2.3841899121634924e-8 -0.999999999999999 -4.371139050718398e-8
v -2.3841899121634924e-8 -0.999999999999999 -4.371139050718398e-8
v -2.3841899121634924e-8 -0.999999999999999 -4.371139050718398e-8
v -2.3841899121634924e-8 -0.999999999999999 -4.371139050718398e-8
v -2.3841899121634924e-8 -0.999999999999999 -4.371139050718398e-8
v -2.3841899121634924e-8 -0.999999999999999 -4.371139050718398e-8
v -2.3841899121634924e-8 -0.999999999999999 -4.371139050718398e-8
v -2.3841899121634924e-8 -0.999999999999999 -4.371139050718398e-8
v -2.3841899121634924e-8 -0.999999999999999 -4.371139050718398e-8
v -2.3841899121634924e-8 -0.999999999999999 -4.371139050718398e-8
v -2.3841899121634924e-8 -0.999999999999999 -4.371139050718398e-8
v -2.3841899121634924e-8 -0.999999999999999 -4.371139050718398e-8
v -2.3841899121634924e-8 -0.999999999999999 -4.371139050718398e-8
v -2.3841899121634924e-8 -0.999999999999999 -4.371139050718398e-8
v -2.3841899121634924e-8 -0.999999999999999 -4.371139050718398e-8
v -2.3841899121634924e-8 -0.999999999999999 -4.371139050718398e-8
v -2.3841899121634924e-8 -0.999999999999999 -4.371139050718398e-8
v -2.3841899121634924e-8 -0.999999999999999 -4.371139050718398e-8
v -2.3841899121634924e-8 -0.999999999999999 -4.371139050718398e-8
v -2.3841899121634924e-8 -0.999999999999999 -4.371139050718398e-8
v -2.3841899121634924e-8 -0.999999999999999 -4.371139050718398e-8
v -2.3841899121634924e-8 -0.999999999999999 -4.371139050718398e-8
v -2.3841899121634924e-8 -0.999999999999999 -4.371139050718398e-8
v -2.3841899121634924e-8 -0.999999999999999 -4.371139050718398e-8
v -2.3841899121634924e-8 -0.999999999999999 -4.371139050718398e-8
v -2.3841899121634924e-8 -0.999999999999999 -4.371139050718398e-8
v -2.3841899121634924e-8 -0.999999999999999 -4.371139050718398e-8
v -2.3841899121634924e-8 -0.999999999999999 -4.371139050718398e-8
v -2.3841899121634924e-8 -0.999999999999999 -4.371139050718398e-8
v -2.3841899121634924e-8 -0.999999999999999 -4.371139050718398e-8
v -2.3841899121634924e-8 -0.999999999999999 -4.371139050718398e-8
v -2.3841899121634924e-8 -0.999999999999999 -4.371139050718398e-8
v -2.3841899121634924e-8 -0.999999999999999 -4.371139050718398e-8
v -2.3841899121634924e-8 -0.999999999999999 -4.371139050718398e-8
v -2.3841899121634924e-8 -0.999999999999999 -4.371139050718398e-8
v -2.3841899121634924e-8 -0.999999999999999 -4.371139050718398e-8
v -2.3841899121634924e-8 -0.999999999999999 -4.371139050718398e-8
v -2.3841899121634924e-8 -0.999999999999999 -4.371139050718398e-8
vt 0 0
vt 0 0.03125
vt 0.015625 0.03125
vt 0.015625 0
vt 0.03125 0.03125
vt 0.03125 0
vt 0.046875 0.03125
vt 0.046875 0
vt 0.0625 0.03125
vt 0.0625 0
vt 0.078125 0.03125
vt 0.078125 0
vt 0.09375 0.03125
vt 0.09375 0
vt 0.109375 0.03125
vt 0.109375 0
vt 0.125 0.03125
vt 0.125 0
vt 0.140625 0.03125
vt 0.140625 0
vt 0.15625 0.03125
vt 0.15625 0
vt 0.171875 0.03125
vt 0.171875 0
vt 0.1875 0.03125
vt 0.1875 0
vt 0.203125 0.03125
vt 0.203125 0
vt 0.21875 0.03125
vt 0.21875 0
vt 0.234375 0.03125
vt 0.234375 0
vt 0.25 0.03125
vt 0.25 0
vt 0.265625 0.03125
vt 0.265625 0
vt 0.28125 0.03125
vt 0.28125 0
vt 0.296875 0.03125
vt 0.296875 0
vt 0.3125 0.03125
vt 0.3125 0
vt 0.328125 0.03125
vt 0.328125 0
vt 0.34375 0.03125
vt 0.34375 0
vt 0.359375 0.03125
vt 0.359375 0
vt 0.375 0.03125
vt 0.375 0
vt 0.390625 0.03125
vt 0.390625 0
vt 0.40625 0.03125
vt 0.40625 0
vt 0.421875 0.03125
vt 0.421875 0
vt 0.4375 0.03125
vt 0.4375 0
vt 0.453125 0.03125
vt 0.453125 0
vt 0.46875 0.03125
vt 0.46875 0
vt 0.484375 0.03125
vt 0.484375 0
vt 0.5 0.03125
vt 0.5 0
vt 0.515625 0.03125
vt 0.515625 0
vt 0.53125 0.03125
vt 0.53125 0
vt 0.546875 0.03125
vt 0.546875 0
vt 0.5625 0.03125
vt 0.5625 0
vt 0.578125 0.03125
vt 0.578125 0
vt 0.59375 0.03125
vt 0.59375 0
vt 0.609375 0.03125
vt 0.609375 0
vt 0.625 0.03125
vt 0.625 0
vt 0.640625 0.03125
vt 0.640625 0
vt 0.65625 0.03125
vt 0.65625 0
vt 0.671875 0.03125
vt 0.671875 0
vt 0.6875 0.03125
vt 0.6875 0
vt 0.703125 0.03125
vt 0.703125 0
vt 0.71875 0.03125
vt 0.71875 0
vt 0.734375 0.03125
vt 0.734375 0
vt 0.75 0.03125
vt 0.75 0
vt 0.765625 0.03125
vt 0.765625 0
vt 0.78125 0.03125
vt 0.78125 0
vt 0.796875 0.03125
vt 0.796875 0
vt 0.8125 0.03125
vt 0.8125 0
vt 0.828125 0.03125
vt 0.828125 0
vt 0.84375 0.03125
vt 0.84375 0
vt 0.859375 0.03125
vt 0.859375 0
vt 0.875 0.03125
vt 0.875 0
vt 0.890625 0.03125
vt 0.890625 0
vt 0.90625 0.03125
vt 0.90625 0
vt 0.921875 0.03125
vt 0.921875 0
vt 0.9375 0.03125
vt 0.9375 0
vt 0.9531239867210388 0.03125
vt 0.9531239867210388 0
vt 0.9687489867210388 0.03125
vt 0.9687489867210388 0
vt 0.9843739867210388 0.03125
vt 0.9843739867210388 0
vt 0.9999989867210388 0.03125
vt 0 0.0625
vt 0.015625 0.0625
vt 0.03125 0.0625
vt 0.046875 0.0625
vt 0.0625 0.0625
vt 0.078125 0.0625
vt 0.09375 0.0625
vt 0.109375 0.0625
vt 0.125 0.0625
vt 0.140625 0.0625
vt 0.15625 0.0625
vt 0.171875 0.0625
vt 0.1875 0.0625
vt 0.203125 0.0625
vt 0.21875 0.0625
vt 0.234375 0.0625
vt 0.25 0.0625
vt 0.265625 0.0625
vt 0.28125 0.0625
vt 0.296875 0.0625
vt 0.3125 0.0625
vt 0.328125 0.0625
vt 0.34375 0.0625
vt 0.359375 0.0625
vt 0.375 0.0625
vt 0.390625 0.0625
vt 0.40625 0.0625
vt 0.421875 0.0625
vt 0.4375 0.0625
vt 0.453125 0.0625
vt 0.46875 0.0625
vt 0.484375 0.0625
vt 0.5 0.0625
vt 0.515625 0.0625
vt 0.53125 0.0625
vt 0.546875 0.0625
vt 0.5625 0.0625
vt 0.578125 0.0625
vt 0.59375 0.0625
vt 0.609375 0.0625
vt 0.625 0.0625
vt 0.640625 0.0625
vt 0.65625 0.0625
vt 0.671875 0.0625
vt 0.6875 0.0625
vt 0.703125 0.0625
vt 0.71875 0.0625
vt 0.734375 0.0625
vt 0.75 0.0625
vt 0.765625 0.0625
vt 0.78125 0.0625
vt 0.796875 0.0625
vt 0.8125 0.0625
vt 0.828125 0.0625
vt 0.84375 0.0625
vt 0.859375 0.0625
vt 0.875 0.0625
vt 0.890625 0.0625
vt 0.90625 0.0625
vt 0.921875 0.0625
vt 0.9375 0.0625
vt 0.9531239867210388 0.0625
vt 0.9687489867210388 0.0625
vt 0.9843739867210388 0.0625
vt 0.9999989867210388 0.0625
vt 0 0.09375
vt 0.015625 0.09375
vt 0.03125 0.09375
vt 0.046875 0.09375
vt 0.0625 0.09375
vt 0.078125 0.09375
vt 0.09375 0.09375
vt 0.109375 0.09375
vt 0.125 0.09375
vt 0.140625 0.09375
vt 0.15625 0.09375
vt 0.171875 0.09375
vt 0.1875 0.09375
vt 0.203125 0.09375
vt 0.21875 0.09375
vt 0.234375 0.09375
vt 0.25 0.09375
vt 0.265625 0.09375
vt 0.28125 0.09375
vt 0.296875 0.09375
vt 0.3125 0.09375
vt 0.328125 0.09375
vt 0.34375 0.09375
vt 0.359375 0.09375
vt 0.375 0.09375
vt 0.390625 0.09375
vt 0.40625 0.09375
vt 0.421875 0.09375
vt 0.4375 0.09375
vt 0.453125 0.09375
vt 0.46875 0.09375
vt 0.484375 0.09375
vt 0.5 0.09375
vt 0.515625 0.09375
vt 0.53125 0.09375
vt 0.546875 0.09375
vt 0.5625 0.09375
vt 0.578125 0.09375
vt 0.59375 0.09375
vt 0.609375 0.09375
vt 0.625 0.09375
vt 0.640625 0.09375
vt 0.65625 0.09375
vt 0.671875 0.09375
vt 0.6875 0.09375
vt 0.703125 0.09375
vt 0.71875 0.09375
vt 0.734375 0.09375
vt 0.75 0.09375
vt 0.765625 0.09375
vt 0.78125 0.09375
vt 0.796875 0.09375
vt 0.8125 0.09375
vt 0.828125 0.09375
vt 0.84375 0.09375
vt 0.859375 0.09375
vt 0.875 0.09375
vt 0.890625 0.09375
vt 0.90625 0.09375
vt 0.921875 0.09375
vt 0.9375 0.09375
vt 0.9531239867210388 0.09375
vt 0.9687489867210388 0.09375
vt 0.9843739867210388 0.09375
vt 0.9999989867210388 0.09375
vt 0 0.125
vt 0.015625 0.125
vt 0.03125 0.125
vt 0.046875 0.125
vt 0.0625 0.125
vt 0.078125 0.125
vt 0.09375 0.125
vt 0.109375 0.125
vt 0.125 0.125
vt 0.140625 0.125
vt 0.15625 0.125
vt 0.171875 0.125
vt 0.1875 0.125
vt 0.203125 0.125
vt 0.21875 0.125
vt 0.234375 0.125
vt 0.25 0.125
vt 0.265625 0.125
vt 0.28125 0.125
vt 0.296875 0.125
vt 0.3125 0.125
vt 0.328125 0.125
vt 0.34375 0.125
vt 0.359375 0.125
vt 0.375 0.125
vt 0.390625 0.125
vt 0.40625 0.125
vt 0.421875 0.125
vt 0.4375 0.125
vt 0.453125 0.125
vt 0.46875 0.125
vt 0.484375 0.125
vt 0.5 0.125
vt 0.515625 0.125
vt 0.53125 0.125
vt 0.546875 0.125
vt 0.5625 0.125
vt 0.578125 0.125
vt 0.59375 0.125
vt 0.609375 0.125
vt 0.625 0.125
vt 0.640625 0.125
vt 0.65625 0.125
vt 0.671875 0.125
vt 0.6875 0.125
vt 0.703125 0.125
vt 0.71875 0.125
vt 0.734375 0.125
vt 0.75 0.125
vt 0.765625 0.125
vt 0.78125 0.125
vt 0.796875 0.125
vt 0.8125 0.125
vt 0.828125 0.125
vt 0.84375 0.125
vt 0.859375 0.125
vt 0.875 0.125
vt 0.890625 0.125
vt 0.90625 0.125
vt 0.921875 0.125
vt 0.9375 0.125
vt 0.9531239867210388 0.125
vt 0.9687489867210388 0.125
vt 0.9843739867210388 0.125
vt 0.9999989867210388 0.125
vt 0 0.15625
vt 0.015625 0.15625
vt 0.03125 0.15625
vt 0.046875 0.15625
vt 0.0625 0.15625
vt 0.078125 0.15625
vt 0.09375 0.15625
vt 0.109375 0.15625
vt 0.125 0.15625
vt 0.140625 0.15625
vt 0.15625 0.15625
vt 0.171875 0.15625
vt 0.1875 0.15625
vt 0.203125 0.15625
vt 0.21875 0.15625
vt 0.234375 0.15625
vt 0.25 0.15625
vt 0.265625 0.15625
vt 0.28125 0.15625
vt 0.296875 0.15625
vt 0.3125 0.15625
vt 0.328125 0.15625
vt 0.34375 0.15625
vt 0.359375 0.15625
vt 0.375 0.15625
vt 0.390625 0.15625
vt 0.40625 0.15625
vt 0.421875 0.15625
vt 0.4375 0.15625
vt 0.453125 0.15625
vt 0.46875 0.15625
vt 0.484375 0.15625
vt 0.5 0.15625
vt 0.515625 0.15625
vt 0.53125 0.15625
vt 0.546875 0.15625
vt 0.5625 0.15625
vt 0.578125 0.15625
vt 0.59375 0.15625
vt 0.609375 0.15625
vt 0.625 0.15625
vt 0.640625 0.15625
vt 0.65625 0.15625
vt 0.671875 0.15625
vt 0.6875 0.15625
vt 0.703125 0.15625
vt 0.71875 0.15625
vt 0.734375 0.15625
vt 0.75 0.15625
vt 0.765625 0.15625
vt 0.78125 0.15625
vt 0.796875 0.15625
vt 0.8125 0.15625
vt 0.828125 0.15625
vt 0.84375 0.15625
vt 0.859375 0.15625
vt 0.875 0.15625
vt 0.890625 0.15625
vt 0.90625 0.15625
vt 0.921875 0.15625
vt 0.9375 0.15625
vt 0.9531239867210388 0.15625
vt 0.9687489867210388 0.15625
vt 0.9843739867210388 0.15625
vt 0.9999989867210388 0.15625
vt 0 0.1875
vt 0.015625 0.1875
vt 0.03125 0.1875
vt 0.046875 0.1875
vt 0.0625 0.1875
vt 0.078125 0.1875
vt 0.09375 0.1875
vt 0.109375 0.1875
vt 0.125 0.1875
vt 0.140625 0.1875
vt 0.15625 0.1875
vt 0.171875 0.1875
vt 0.1875 0.1875
vt 0.203125 0.1875
vt 0.21875 0.1875
vt 0.234375 0.1875
vt 0.25 0.1875
vt 0.265625 0.1875
vt 0.28125 0.1875
vt 0.296875 0.1875
vt 0.3125 0.1875
vt 0.328125 0.1875
vt 0.34375 0.1875
vt 0.359375 0.1875
vt 0.375 0.1875
vt 0.390625 0.1875
vt 0.40625 0.1875
vt 0.421875 0.1875
vt 0.4375 0.1875
vt 0.453125 0.1875
vt 0.46875 0.1875
vt 0.484375 0.1875
vt 0.5 0.1875
vt 0.515625 0.1875
vt 0.53125 0.1875
vt 0.546875 0.1875
vt 0.5625 0.1875
vt 0.578125 0.1875
vt 0.59375 0.1875
vt 0.609375 0.1875
vt 0.625 0.1875
vt 0.640625 0.1875
vt 0.65625 0.1875
vt 0.671875 0.1875
vt 0.6875 0.1875
vt 0.703125 0.1875
vt 0.71875 0.1875
vt 0.734375 0.1875
vt 0.75 0.1875
vt 0.765625 0.1875
vt 0.78125 0.1875
vt 0.796875 0.1875
vt 0.8125 0.1875
vt 0.828125 0.1875
vt 0.84375 0.1875
vt 0.859375 0.1875
vt 0.875 0.1875
vt 0.890625 0.1875
vt 0.90625 0.1875
vt 0.921875 0.1875
vt 0.9375 0.1875
vt 0.9531239867210388 0.1875
vt 0.9687489867210388 0.1875
vt 0.9843739867210388 0.1875
vt 0.9999989867210388 0.1875
vt 0 0.21875
vt 0.015625 0.21875
vt 0.03125 0.21875
vt 0.046875 0.21875
vt 0.0625 0.21875
vt 0.078125 0.21875
vt 0.09375 0.21875
vt 0.109375 0.21875
vt 0.125 0.21875
vt 0.140625 0.21875
vt 0.15625 0.21875
vt 0.171875 0.21875
vt 0.1875 0.21875
vt 0.203125 0.21875
vt 0.21875 0.21875
vt 0.234375 0.21875
vt 0.25 0.21875
vt 0.265625 0.21875
vt 0.28125 0.21875
vt 0.296875 0.21875
vt 0.3125 0.21875
vt 0.328125 0.21875
vt 0.34375 0.21875
vt 0.359375 0.21875
vt 0.375 0.21875
vt 0.390625 0.21875
vt 0.40625 0.21875
vt 0.421875 0.21875
vt 0.4375 0.21875
vt 0.453125 0.21875
vt 0.46875 0.21875
vt 0.484375 0.21875
vt 0.5 0.21875
vt 0.515625 0.21875
vt 0.53125 0.21875
vt 0.546875 0.21875
vt 0.5625 0.21875
vt 0.578125 0.21875
vt 0.59375 0.21875
vt 0.609375 0.21875
vt 0.625 0.21875
vt 0.640625 0.21875
vt 0.65625 0.21875
vt 0.671875 0.21875
vt 0.6875 0.21875
vt 0.703125 0.21875
vt 0.71875 0.21875
vt 0.734375 0.21875
vt 0.75 0.21875
vt 0.765625 0.21875
vt 0.78125 0.21875
vt 0.796875 0.21875
vt 0.8125 0.21875
vt 0.828125 0.21875
vt 0.84375 0.21875
vt 0.859375 0.21875
vt 0.875 0.21875
vt 0.890625 0.21875
vt 0.90625 0.21875
vt 0.921875 0.21875
vt 0.9375 0.21875
vt 0.9531239867210388 0.21875
vt 0.9687489867210388 0.21875
vt 0.9843739867210388 0.21875
vt 0.9999989867210388 0.21875
vt 0 0.25
vt 0.015625 0.25
vt 0.03125 0.25
vt 0.046875 0.25
vt 0.0625 0.25
vt 0.078125 0.25
vt 0.09375 0.25
vt 0.109375 0.25
vt 0.125 0.25
vt 0.140625 0.25
vt 0.15625 0.25
vt 0.171875 0.25
vt 0.1875 0.25
vt 0.203125 0.25
vt 0.21875 0.25
vt 0.234375 0.25
vt 0.25 0.25
vt 0.265625 0.25
vt 0.28125 0.25
vt 0.296875 0.25
vt 0.3125 0.25
vt 0.328125 0.25
vt 0.34375 0.25
vt 0.359375 0.25
vt 0.375 0.25
vt 0.390625 0.25
vt 0.40625 0.25
vt 0.421875 0.25
vt 0.4375 0.25
vt 0.453125 0.25
vt 0.46875 0.25
vt 0.484375 0.25
vt 0.5 0.25
vt 0.515625 0.25
vt 0.53125 0.25
vt 0.546875 0.25
vt 0.5625 0.25
vt 0.578125 0.25
vt 0.59375 0.25
vt 0.609375 0.25
vt 0.625 0.25
vt 0.640625 0.25
vt 0.65625 0.25
vt 0.671875 0.25
vt 0.6875 0.25
vt 0.703125 0.25
vt 0.71875 0.25
vt 0.734375 0.25
vt 0.75 0.25
vt 0.765625 0.25
vt 0.78125 0.25
vt 0.796875 0.25
vt 0.8125 0.25
vt 0.828125 0.25
vt 0.84375 0.25
vt 0.859375 0.25
vt 0.875 0.25
vt 0.890625 0.25
vt 0.90625 0.25
vt 0.921875 0.25
vt 0.9375 0.25
vt 0.9531239867210388 0.25
vt 0.9687489867210388 0.25
vt 0.9843739867210388 0.25
vt 0.9999989867210388 0.25
vt 0 0.28125
vt 0.015625 0.28125
vt 0.03125 0.28125
vt 0.046875 0.28125
vt 0.0625 0.28125
vt 0.078125 0.28125
vt 0.09375 0.28125
vt 0.109375 0.28125
vt 0.125 0.28125
vt 0.140625 0.28125
vt 0.15625 0.28125
vt 0.171875 0.28125
vt 0.1875 0.28125
vt 0.203125 0.28125
vt 0.21875 0.28125
vt 0.234375 0.28125
vt 0.25 0.28125
vt 0.265625 0.28125
vt 0.28125 0.28125
vt 0.296875 0.28125
vt 0.3125 0.28125
vt 0.328125 0.28125
vt 0.34375 0.28125
vt 0.359375 0.28125
vt 0.375 0.28125
vt 0.390625 0.28125
vt 0.40625 0.28125
vt 0.421875 0.28125
vt 0.4375 0.28125
vt 0.453125 0.28125
vt 0.46875 0.28125
vt 0.484375 0.28125
vt 0.5 0.28125
vt 0.515625 0.28125
vt 0.53125 0.28125
vt 0.546875 0.28125
vt 0.5625 0.28125
vt 0.578125 0.28125
vt 0.59375 0.28125
vt 0.609375 0.28125
vt 0.625 0.28125
vt 0.640625 0.28125
vt 0.65625 0.28125
vt 0.671875 0.28125
vt 0.6875 0.28125
vt 0.703125 0.28125
vt 0.71875 0.28125
vt 0.734375 0.28125
vt 0.75 0.28125
vt 0.765625 0.28125
vt 0.78125 0.28125
vt 0.796875 0.28125
vt 0.8125 0.28125
vt 0.828125 0.28125
vt 0.84375 0.28125
vt 0.859375 0.28125
vt 0.875 0.28125
vt 0.890625 0.28125
vt 0.90625 0.28125
vt 0.921875 0.28125
vt 0.9375 0.28125
vt 0.9531239867210388 0.28125
vt 0.9687489867210388 0.28125
vt 0.9843739867210388 0.28125
vt 0.9999989867210388 0.28125
vt 0 0.3125
vt 0.015625 0.3125
vt 0.03125 0.3125
vt 0.046875 0.3125
vt 0.0625 0.3125
vt 0.078125 0.3125
vt 0.09375 0.3125
vt 0.109375 0.3125
vt 0.125 0.3125
vt 0.140625 0.3125
vt 0.15625 0.3125
vt 0.171875 0.3125
vt 0.1875 0.3125
vt 0.203125 0.3125
vt 0.21875 0.3125
vt 0.234375 0.3125
vt 0.25 0.3125
vt 0.265625 0.3125
vt 0.28125 0.3125
vt 0.296875 0.3125
vt 0.3125 0.3125
vt 0.328125 0.3125
vt 0.34375 0.3125
vt 0.359375 0.3125
vt 0.375 0.3125
vt 0.390625 0.3125
vt 0.40625 0.3125
vt 0.421875 0.3125
vt 0.4375 0.3125
vt 0.453125 0.3125
vt 0.46875 0.3125
vt 0.484375 0.3125
vt 0.5 0.3125
vt 0.515625 0.3125
vt 0.53125 0.3125
vt 0.546875 0.3125
vt 0.5625 0.3125
vt 0.578125 0.3125
vt 0.59375 0.3125
vt 0.609375 0.3125
vt 0.625 0.3125
vt 0.640625 0.3125
vt 0.65625 0.3125
vt 0.671875 0.3125
vt 0.6875 0.3125
vt 0.703125 0.3125
vt 0.71875 0.3125
vt 0.734375 0.3125
vt 0.75 0.3125
vt 0.765625 0.3125
vt 0.78125 0.3125
vt 0.796875 0.3125
vt 0.8125 0.3125
vt 0.828125 0.3125
vt 0.84375 0.3125
vt 0.859375 0.3125
vt 0.875 0.3125
vt 0.890625 0.3125
vt 0.90625 0.3125
vt 0.921875 0.3125
vt 0.9375 0.3125
vt 0.9531239867210388 0.3125
vt 0.9687489867210388 0.3125
vt 0.9843739867210388 0.3125
vt 0.9999989867210388 0.3125
vt 0 0.34375
vt 0.015625 0.34375
vt 0.03125 0.34375
vt 0.046875 0.34375
vt 0.0625 0.34375
vt 0.078125 0.34375
vt 0.09375 0.34375
vt 0.109375 0.34375
vt 0.125 0.34375
vt 0.140625 0.34375
vt 0.15625 0.34375
vt 0.171875 0.34375
vt 0.1875 0.34375
vt 0.203125 0.34375
vt 0.21875 0.34375
vt 0.234375 0.34375
vt 0.25 0.34375
vt 0.265625 0.34375
vt 0.28125 0.34375
vt 0.296875 0.34375
vt 0.3125 0.34375
vt 0.328125 0.34375
vt 0.34375 0.34375
vt 0.359375 0.34375
vt 0.375 0.34375
vt 0.390625 0.34375
vt 0.40625 0.34375
vt 0.421875 0.34375
vt 0.4375 0.34375
vt 0.453125 0.34375
vt 0.46875 0.34375
vt 0.484375 0.34375
vt 0.5 0.34375
vt 0.515625 0.34375
vt 0.53125 0.34375
vt 0.546875 0.34375
vt 0.5625 0.34375
vt 0.578125 0.34375
vt 0.59375 0.34375
vt 0.609375 0.34375
vt 0.625 0.34375
vt 0.640625 0.34375
vt 0.65625 0.34375
vt 0.671875 0.34375
vt 0.6875 0.34375
vt 0.703125 0.34375
vt 0.71875 0.34375
vt 0.734375 0.34375
vt 0.75 0.34375
vt 0.765625 0.34375
vt 0.78125 0.34375
vt 0.796875 0.34375
vt 0.8125 0.34375
vt 0.828125 0.34375
vt 0.84375 0.34375
vt 0.859375 0.34375
vt 0.875 0.34375
vt 0.890625 0.34375
vt 0.90625 0.34375
vt 0.921875 0.34375
vt 0.9375 0.34375
vt 0.9531239867210388 0.34375
vt 0.9687489867210388 0.34375
vt 0.9843739867210388 0.34375
vt 0.9999989867210388 0.34375
vt 0 0.375
vt 0.015625 0.375
vt 0.03125 0.375
vt 0.046875 0.375
vt 0.0625 0.375
vt 0.078125 0.375
vt 0.09375 0.375
vt 0.109375 0.375
vt 0.125 0.375
vt 0.140625 0.375
vt 0.15625 0.375
vt 0.171875 0.375
vt 0.1875 0.375
vt 0.203125 0.375
vt 0.21875 0.375
vt 0.234375 0.375
vt 0.25 0.375
vt 0.265625 0.375
vt 0.28125 0.375
vt 0.296875 0.375
vt 0.3125 0.375
vt 0.328125 0.375
vt 0.34375 0.375
vt 0.359375 0.375
vt 0.375 0.375
vt 0.390625 0.375
vt 0.40625 0.375
vt 0.421875 0.375
vt 0.4375 0.375
vt 0.453125 0.375
vt 0.46875 0.375
vt 0.484375 0.375
vt 0.5 0.375
vt 0.515625 0.375
vt 0.53125 0.375
vt 0.546875 0.375
vt 0.5625 0.375
vt 0.578125 0.375
vt 0.59375 0.375
vt 0.609375 0.375
vt 0.625 0.375
vt 0.640625 0.375
vt 0.65625 0.375
vt 0.671875 0.375
vt 0.6875 0.375
vt 0.703125 0.375
vt 0.71875 0.375
vt 0.734375 0.375
vt 0.75 0.375
vt 0.765625 0.375
vt 0.78125 0.375
vt 0.796875 0.375
vt 0.8125 0.375
vt 0.828125 0.375
vt 0.84375 0.375
vt 0.859375 0.375
vt 0.875 0.375
vt 0.890625 0.375
vt 0.90625 0.375
vt 0.921875 0.375
vt 0.9375 0.375
vt 0.9531239867210388 0.375
vt 0.9687489867210388 0.375
vt 0.9843739867210388 0.375
vt 0.9999989867210388 0.375
vt 0 0.40625
vt 0.015625 0.40625
vt 0.03125 0.40625
vt 0.046875 0.40625
vt 0.0625 0.40625
vt 0.078125 0.40625
vt 0.09375 0.40625
vt 0.109375 0.40625
vt 0.125 0.40625
vt 0.140625 0.40625
vt 0.15625 0.40625
vt 0.171875 0.40625
vt 0.1875 0.40625
vt 0.203125 0.40625
vt 0.21875 0.40625
vt 0.234375 0.40625
vt 0.25 0.40625
vt 0.265625 0.40625
vt 0.28125 0.40625
vt 0.296875 0.40625
vt 0.3125 0.40625
vt 0.328125 0.40625
vt 0.34375 0.40625
vt 0.359375 0.40625
vt 0.375 0.40625
vt 0.390625 0.40625
vt 0.40625 0.40625
vt 0.421875 0.40625
vt 0.4375 0.40625
vt 0.453125 0.40625
vt 0.46875 0.40625
vt 0.484375 0.40625
vt 0.5 0.40625
vt 0.515625 0.40625
vt 0.53125 0.40625
vt 0.546875 0.40625
vt 0.5625 0.40625
vt 0.578125 0.40625
vt 0.59375 0.40625
vt 0.609375 0.40625
vt 0.625 0.40625
vt 0.640625 0.40625
vt 0.65625 0.40625
vt 0.671875 0.40625
vt 0.6875 0.40625
vt 0.703125 0.40625
vt 0.71875 0.40625
vt 0.734375 0.40625
vt 0.75 0.40625
vt 0.765625 0.40625
vt 0.78125 0.40625
vt 0.796875 0.40625
vt 0.8125 0.40625
vt 0.828125 0.40625
vt 0.84375 0.40625
vt 0.859375 0.40625
vt 0.875 0.40625
vt 0.890625 0.40625
vt 0.90625 0.40625
vt 0.921875 0.40625
vt 0.9375 0.40625
vt 0.9531239867210388 0.40625
vt 0.9687489867210388 0.40625
vt 0.9843739867210388 0.40625
vt 0.9999989867210388 0.40625
vt 0 0.4375
vt 0.015625 0.4375
vt 0.03125 0.4375
vt 0.046875 0.4375
vt 0.0625 0.4375
vt 0.078125 0.4375
vt 0.09375 0.4375
vt 0.109375 0.4375
vt 0.125 0.4375
vt 0.140625 0.4375
vt 0.15625 0.4375
vt 0.171875 0.4375
vt 0.1875 0.4375
vt 0.203125 0.4375
vt 0.21875 0.4375
vt 0.234375 0.4375
vt 0.25 0.4375
vt 0.265625 0.4375
vt 0.28125 0.4375
vt 0.296875 0.4375
vt 0.3125 0.4375
vt 0.328125 0.4375
vt 0.34375 0.4375
vt 0.359375 0.4375
vt 0.375 0.4375
vt 0.390625 0.4375
vt 0.40625 0.4375
vt 0.421875 0.4375
vt 0.4375 0.4375
vt 0.453125 0.4375
vt 0.46875 0.4375
vt 0.484375 0.4375
vt 0.5 0.4375
vt 0.515625 0.4375
vt 0.53125 0.4375
vt 0.546875 0.4375
vt 0.5625 0.4375
vt 0.578125 0.4375
vt 0.59375 0.4375
vt 0.609375 0.4375
vt 0.625 0.4375
vt 0.640625 0.4375
vt 0.65625 0.4375
vt 0.671875 0.4375
vt 0.6875 0.4375
vt 0.703125 0.4375
vt 0.71875 0.4375
vt 0.734375 0.4375
vt 0.75 0.4375
vt 0.765625 0.4375
vt 0.78125 0.4375
vt 0.796875 0.4375
vt 0.8125 0.4375
vt 0.828125 0.4375
vt 0.84375 0.4375
vt 0.859375 0.4375
vt 0.875 0.4375
vt 0.890625 0.4375
vt 0.90625 0.4375
vt 0.921875 0.4375
vt 0.9375 0.4375
vt 0.9531239867210388 0.4375
vt 0.9687489867210388 0.4375
vt 0.9843739867210388 0.4375
vt 0.9999989867210388 0.4375
vt 0 0.46875
vt 0.015625 0.46875
vt 0.03125 0.46875
vt 0.046875 0.46875
vt 0.0625 0.46875
vt 0.078125 0.46875
vt 0.09375 0.46875
vt 0.109375 0.46875
vt 0.125 0.46875
vt 0.140625 0.46875
vt 0.15625 0.46875
vt 0.171875 0.46875
vt 0.1875 0.46875
vt 0.203125 0.46875
vt 0.21875 0.46875
vt 0.234375 0.46875
vt 0.25 0.46875
vt 0.265625 0.46875
vt 0.28125 0.46875
vt 0.296875 0.46875
vt 0.3125 0.46875
vt 0.328125 0.46875
vt 0.34375 0.46875
vt 0.359375 0.46875
vt 0.375 0.46875
vt 0.390625 0.46875
vt 0.40625 0.46875
vt 0.421875 0.46875
vt 0.4375 0.46875
vt 0.453125 0.46875
vt 0.46875 0.46875
vt 0.484375 0.46875
vt 0.5 0.46875
vt 0.515625 0.46875
vt 0.53125 0.46875
vt 0.546875 0.46875
vt 0.5625 0.46875
vt 0.578125 0.46875
vt 0.59375 0.46875
vt 0.609375 0.46875
vt 0.625 0.46875
vt 0.640625 0.46875
vt 0.65625 0.46875
vt 0.671875 0.46875
vt 0.6875 0.46875
vt 0.703125 0.46875
vt 0.71875 0.46875
vt 0.734375 0.46875
vt 0.75 0.46875
vt 0.765625 0.46875
vt 0.78125 0.46875
vt 0.796875 0.46875
vt 0.8125 0.46875
vt 0.828125 0.46875
vt 0.84375 0.46875
vt 0.859375 0.46875
vt 0.875 0.46875
vt 0.890625 0.46875
vt 0.90625 0.46875
vt 0.921875 0.46875
vt 0.9375 0.46875
vt 0.9531239867210388 0.46875
vt 0.9687489867210388 0.46875
vt 0.9843739867210388 0.46875
vt 0.9999989867210388 0.46875
vt 0 0.5
vt 0.015625 0.5
vt 0.03125 0.5
vt 0.046875 0.5
vt 0.0625 0.5
vt 0.078125 0.5
vt 0.09375 0.5
vt 0.109375 0.5
vt 0.125 0.5
vt 0.140625 0.5
vt 0.15625 0.5
vt 0.171875 0.5
vt 0.1875 0.5
vt 0.203125 0.5
vt 0.21875 0.5
vt 0.234375 0.5
vt 0.25 0.5
vt 0.265625 0.5
vt 0.28125 0.5
vt 0.296875 0.5
vt 0.3125 0.5
vt 0.328125 0.5
vt 0.34375 0.5
vt 0.359375 0.5
vt 0.375 0.5
vt 0.390625 0.5
vt 0.40625 0.5
vt 0.421875 0.5
vt 0.4375 0.5
vt 0.453125 0.5
vt 0.46875 0.5
vt 0.484375 0.5
vt 0.5 0.5
vt 0.515625 0.5
vt 0.53125 0.5
vt 0.546875 0.5
vt 0.5625 0.5
vt 0.578125 0.5
vt 0.59375 0.5
vt 0.609375 0.5
vt 0.625 0.5
vt 0.640625 0.5
vt 0.65625 0.5
vt 0.671875 0.5
vt 0.6875 0.5
vt 0.703125 0.5
vt 0.71875 0.5
vt 0.734375 0.5
vt 0.75 0.5
vt 0.765625 0.5
vt 0.78125 0.5
vt 0.796875 0.5
vt 0.8125 0.5
vt 0.828125 0.5
vt 0.84375 0.5
vt 0.859375 0.5
vt 0.875 0.5
vt 0.890625 0.5
vt 0.90625 0.5
vt 0.921875 0.5
vt 0.9375 0.5
vt 0.9531239867210388 0.5
vt 0.9687489867210388 0.5
vt 0.9843739867210388 0.5
vt 0.9999989867210388 0.5
vt 0 0.53125
vt 0.015625 0.53125
vt 0.03125 0.53125
vt 0.046875 0.53125
vt 0.0625 0.53125
vt 0.078125 0.53125
vt 0.09375 0.53125
vt 0.109375 0.53125
vt 0.125 0.53125
vt 0.140625 0.53125
vt 0.15625 0.53125
vt 0.171875 0.53125
vt 0.1875 0.53125
vt 0.203125 0.53125
vt 0.21875 0.53125
vt 0.234375 0.53125
vt 0.25 0.53125
vt 0.265625 0.53125
vt 0.28125 0.53125
vt 0.296875 0.53125
vt 0.3125 0.53125
vt 0.328125 0.53125
vt 0.34375 0.53125
vt 0.359375 0.53125
vt 0.375 0.53125
vt 0.390625 0.53125
vt 0.40625 0.53125
vt 0.421875 0.53125
vt 0.4375 0.53125
vt 0.453125 0.53125
vt 0.46875 0.53125
vt 0.484375 0.53125
vt 0.5 0.53125
vt 0.515625 0.53125
vt 0.53125 0.53125
vt 0.546875 0.53125
vt 0.5625 0.53125
vt 0.578125 0.53125
vt 0.59375 0.53125
vt 0.609375 0.53125
vt 0.625 0.53125
vt 0.640625 0.53125
vt 0.65625 0.53125
vt 0.671875 0.53125
vt 0.6875 0.53125
vt 0.703125 0.53125
vt 0.71875 0.53125
vt 0.734375 0.53125
vt 0.75 0.53125
vt 0.765625 0.53125
vt 0.78125 0.53125
vt 0.796875 0.53125
vt 0.8125 0.53125
vt 0.828125 0.53125
vt 0.84375 0.53125
vt 0.859375 0.53125
vt 0.875 0.53125
vt 0.890625 0.53125
vt 0.90625 0.53125
vt 0.921875 0.53125
vt 0.9375 0.53125
vt 0.9531239867210388 0.53125
vt 0.9687489867210388 0.53125
vt 0.9843739867210388 0.53125
vt 0.9999989867210388 0.53125
vt 0 0.5625
vt 0.015625 0.5625
vt 0.03125 0.5625
vt 0.046875 0.5625
vt 0.0625 0.5625
vt 0.078125 0.5625
vt 0.09375 0.5625
vt 0.109375 0.5625
vt 0.125 0.5625
vt 0.140625 0.5625
vt 0.15625 0.5625
vt 0.171875 0.5625
vt 0.1875 0.5625
vt 0.203125 0.5625
vt 0.21875 0.5625
vt 0.234375 0.5625
vt 0.25 0.5625
vt 0.265625 0.5625
vt 0.28125 0.5625
vt 0.296875 0.5625
vt 0.3125 0.5625
vt 0.328125 0.5625
vt 0.34375 0.5625
vt 0.359375 0.5625
vt 0.375 0.5625
vt 0.390625 0.5625
vt 0.40625 0.5625
vt 0.421875 0.5625
vt 0.4375 0.5625
vt 0.453125 0.5625
vt 0.46875 0.5625
vt 0.484375 0.5625
vt 0.5 0.5625
vt 0.515625 0.5625
vt 0.53125 0.5625
vt 0.546875 0.5625
vt 0.5625 0.5625
vt 0.578125 0.5625
vt 0.59375 0.5625
vt 0.609375 0.5625
vt 0.625 0.5625
vt 0.640625 0.5625
vt 0.65625 0.5625
vt 0.671875 0.5625
vt 0.6875 0.5625
vt 0.703125 0.5625
vt 0.71875 0.5625
vt 0.734375 0.5625
vt 0.75 0.5625
vt 0.765625 0.5625
vt 0.78125 0.5625
vt 0.796875 0.5625
vt 0.8125 0.5625
vt 0.828125 0.5625
vt 0.84375 0.5625
vt 0.859375 0.5625
vt 0.875 0.5625
vt 0.890625 0.5625
vt 0.90625 0.5625
vt 0.921875 0.5625
vt 0.9375 0.5625
vt 0.9531239867210388 0.5625
vt 0.9687489867210388 0.5625
vt 0.9843739867210388 0.5625
vt 0.9999989867210388 0.5625
vt 0 0.59375
vt 0.015625 0.59375
vt 0.03125 0.59375
vt 0.046875 0.59375
vt 0.0625 0.59375
vt 0.078125 0.59375
vt 0.09375 0.59375
vt 0.109375 0.59375
vt 0.125 0.59375
vt 0.140625 0.59375
vt 0.15625 0.59375
vt 0.171875 0.59375
vt 0.1875 0.59375
vt 0.203125 0.59375
vt 0.21875 0.59375
vt 0.234375 0.59375
vt 0.25 0.59375
vt 0.265625 0.59375
vt 0.28125 0.59375
vt 0.296875 0.59375
vt 0.3125 0.59375
vt 0.328125 0.59375
vt 0.34375 0.59375
vt 0.359375 0.59375
vt 0.375 0.59375
vt 0.390625 0.59375
vt 0.40625 0.59375
vt 0.421875 0.59375
vt 0.4375 0.59375
vt 0.453125 0.59375
vt 0.46875 0.59375
vt 0.484375 0.59375
vt 0.5 0.59375
vt 0.515625 0.59375
vt 0.53125 0.59375
vt 0.546875 0.59375
vt 0.5625 0.59375
vt 0.578125 0.59375
vt 0.59375 0.59375
vt 0.609375 0.59375
vt 0.625 0.59375
vt 0.640625 0.59375
vt 0.65625 0.59375
vt 0.671875 0.59375
vt 0.6875 0.59375
vt 0.703125 0.59375
vt 0.71875 0.59375
vt 0.734375 0.59375
vt 0.75 0.59375
vt 0.765625 0.59375
vt 0.78125 0.59375
vt 0.796875 0.59375
vt 0.8125 0.59375
vt 0.828125 0.59375
vt 0.84375 0.59375
vt 0.859375 0.59375
vt 0.875 0.59375
vt 0.890625 0.59375
vt 0.90625 0.59375
vt 0.921875 0.59375
vt 0.9375 0.59375
vt 0.9531239867210388 0.59375
vt 0.9687489867210388 0.59375
vt 0.9843739867210388 0.59375
vt 0.9999989867210388 0.59375
vt 0 0.625
vt 0.015625 0.625
vt 0.03125 0.625
vt 0.046875 0.625
vt 0.0625 0.625
vt 0.078125 0.625
vt 0.09375 0.625
vt 0.109375 0.625
vt 0.125 0.625
vt 0.140625 0.625
vt 0.15625 0.625
vt 0.171875 0.625
vt 0.1875 0.625
vt 0.203125 0.625
vt 0.21875 0.625
vt 0.234375 0.625
vt 0.25 0.625
vt 0.265625 0.625
vt 0.28125 0.625
vt 0.296875 0.625
vt 0.3125 0.625
vt 0.328125 0.625
vt 0.34375 0.625
vt 0.359375 0.625
vt 0.375 0.625
vt 0.390625 0.625
vt 0.40625 0.625
vt 0.421875 0.625
vt 0.4375 0.625
vt 0.453125 0.625
vt 0.46875 0.625
vt 0.484375 0.625
vt 0.5 0.625
vt 0.515625 0.625
vt 0.53125 0.625
vt 0.546875 0.625
vt 0.5625 0.625
vt 0.578125 0.625
vt 0.59375 0.625
vt 0.609375 0.625
vt 0.625 0.625
vt 0.640625 0.625
vt 0.65625 0.625
vt 0.671875 0.625
vt 0.6875 0.625
vt 0.703125 0.625
vt 0.71875 0.625
vt 0.734375 0.625
vt 0.75 0.625
vt 0.765625 0.625
vt 0.78125 0.625
vt 0.796875 0.625
vt 0.8125 0.625
vt 0.828125 0.625
vt 0.84375 0.625
vt 0.859375 0.625
vt 0.875 0.625
vt 0.890625 0.625
vt 0.90625 0.625
vt 0.921875 0.625
vt 0.9375 0.625
vt 0.9531239867210388 0.625
vt 0.9687489867210388 0.625
vt 0.9843739867210388 0.625
vt 0.9999989867210388 0.625
vt 0 0.65625
vt 0.015625 0.65625
vt 0.03125 0.65625
vt 0.046875 0.65625
vt 0.0625 0.65625
vt 0.078125 0.65625
vt 0.09375 0.65625
vt 0.109375 0.65625
vt 0.125 0.65625
vt 0.140625 0.65625
vt 0.15625 0.65625
vt 0.171875 0.65625
vt 0.1875 0.65625
vt 0.203125 0.65625
vt 0.21875 0.65625
vt 0.234375 0.65625
vt 0.25 0.65625
vt 0.265625 0.65625
vt 0.28125 0.65625
vt 0.296875 0.65625
vt 0.3125 0.65625
vt 0.328125 0.65625
vt 0.34375 0.65625
vt 0.359375 0.65625
vt 0.375 0.65625
vt 0.390625 0.65625
vt 0.40625 0.65625
vt 0.421875 0.65625
vt 0.4375 0.65625
vt 0.453125 0.65625
vt 0.46875 0.65625
vt 0.484375 0.65625
vt 0.5 0.65625
vt 0.515625 0.65625
vt 0.53125 0.65625
vt 0.546875 0.65625
vt 0.5625 0.65625
vt 0.578125 0.65625
vt 0.59375 0.65625
vt 0.609375 0.65625
vt 0.625 0.65625
vt 0.640625 0.65625
vt 0.65625 0.65625
vt 0.671875 0.65625
vt 0.6875 0.65625
vt 0.703125 0.65625
vt 0.71875 0.65625
vt 0.734375 0.65625
vt 0.75 0.65625
vt 0.765625 0.65625
vt 0.78125 0.65625
vt 0.796875 0.65625
vt 0.8125 0.65625
vt 0.828125 0.65625
vt 0.84375 0.65625
vt 0.859375 0.65625
vt 0.875 0.65625
vt 0.890625 0.65625
vt 0.90625 0.65625
vt 0.921875 0.65625
vt 0.9375 0.65625
vt 0.9531239867210388 0.65625
vt 0.9687489867210388 0.65625
vt 0.9843739867210388 0.65625
vt 0.9999989867210388 0.65625
vt 0 0.6875
vt 0.015625 0.6875
vt 0.03125 0.6875
vt 0.046875 0.6875
vt 0.0625 0.6875
vt 0.078125 0.6875
vt 0.09375 0.6875
vt 0.109375 0.6875
vt 0.125 0.6875
vt 0.140625 0.6875
vt 0.15625 0.6875
vt 0.171875 0.6875
vt 0.1875 0.6875
vt 0.203125 0.6875
vt 0.21875 0.6875
vt 0.234375 0.6875
vt 0.25 0.6875
vt 0.265625 0.6875
vt 0.28125 0.6875
vt 0.296875 0.6875
vt 0.3125 0.6875
vt 0.328125 0.6875
vt 0.34375 0.6875
vt 0.359375 0.6875
vt 0.375 0.6875
vt 0.390625 0.6875
vt 0.40625 0.6875
vt 0.421875 0.6875
vt 0.4375 0.6875
vt 0.453125 0.6875
vt 0.46875 0.6875
vt 0.484375 0.6875
vt 0.5 0.6875
vt 0.515625 0.6875
vt 0.53125 0.6875
vt 0.546875 0.6875
vt 0.5625 0.6875
vt 0.578125 0.6875
vt 0.59375 0.6875
vt 0.609375 0.6875
vt 0.625 0.6875
vt 0.640625 0.6875
vt 0.65625 0.6875
vt 0.671875 0.6875
vt 0.6875 0.6875
vt 0.703125 0.6875
vt 0.71875 0.6875
vt 0.734375 0.6875
vt 0.75 0.6875
vt 0.765625 0.6875
vt 0.78125 0.6875
vt 0.796875 0.6875
vt 0.8125 0.6875
vt 0.828125 0.6875
vt 0.84375 0.6875
vt 0.859375 0.6875
vt 0.875 0.6875
vt 0.890625 0.6875
vt 0.90625 0.6875
vt 0.921875 0.6875
vt 0.9375 0.6875
vt 0.9531239867210388 0.6875
vt 0.9687489867210388 0.6875
vt 0.9843739867210388 0.6875
vt 0.9999989867210388 0.6875
vt 0 0.71875
vt 0.015625 0.71875
vt 0.03125 0.71875
vt 0.046875 0.71875
vt 0.0625 0.71875
vt 0.078125 0.71875
vt 0.09375 0.71875
vt 0.109375 0.71875
vt 0.125 0.71875
vt 0.140625 0.71875
vt 0.15625 0.71875
vt 0.171875 0.71875
vt 0.1875 0.71875
vt 0.203125 0.71875
vt 0.21875 0.71875
vt 0.234375 0.71875
vt 0.25 0.71875
vt 0.265625 0.71875
vt 0.28125 0.71875
vt 0.296875 0.71875
vt 0.3125 0.71875
vt 0.328125 0.71875
vt 0.34375 0.71875
vt 0.359375 0.71875
vt 0.375 0.71875
vt 0.390625 0.71875
vt 0.40625 0.71875
vt 0.421875 0.71875
vt 0.4375 0.71875
vt 0.453125 0.71875
vt 0.46875 0.71875
vt 0.484375 0.71875
vt 0.5 0.71875
vt 0.515625 0.71875
vt 0.53125 0.71875
vt 0.546875 0.71875
vt 0.5625 0.71875
vt 0.578125 0.71875
vt 0.59375 0.71875
vt 0.609375 0.71875
vt 0.625 0.71875
vt 0.640625 0.71875
vt 0.65625 0.71875
vt 0.671875 0.71875
vt 0.6875 0.71875
vt 0.703125 0.71875
vt 0.71875 0.71875
vt 0.734375 0.71875
vt 0.75 0.71875
vt 0.765625 0.71875
vt 0.78125 0.71875
vt 0.796875 0.71875
vt 0.8125 0.71875
vt 0.828125 0.71875
vt 0.84375 0.71875
vt 0.859375 0.71875
vt 0.875 0.71875
vt 0.890625 0.71875
vt 0.90625 0.71875
vt 0.921875 0.71875
vt 0.9375 0.71875
vt 0.9531239867210388 0.71875
vt 0.9687489867210388 0.71875
vt 0.9843739867210388 0.71875
vt 0.9999989867210388 0.71875
vt 0 0.75
vt 0.015625 0.75
vt 0.03125 0.75
vt 0.046875 0.75
vt 0.0625 0.75
vt 0.078125 0.75
vt 0.09375 0.75
vt 0.109375 0.75
vt 0.125 0.75
vt 0.140625 0.75
vt 0.15625 0.75
vt 0.171875 0.75
vt 0.1875 0.75
vt 0.203125 0.75
vt 0.21875 0.75
vt 0.234375 0.75
vt 0.25 0.75
vt 0.265625 0.75
vt 0.28125 0.75
vt 0.296875 0.75
vt 0.3125 0.75
vt 0.328125 0.75
vt 0.34375 0.75
vt 0.359375 0.75
vt 0.375 0.75
vt 0.390625 0.75
vt 0.40625 0.75
vt 0.421875 0.75
vt 0.4375 0.75
vt 0.453125 0.75
vt 0.46875 0.75
vt 0.484375 0.75
vt 0.5 0.75
vt 0.515625 0.75
vt 0.53125 0.75
vt 0.546875 0.75
vt 0.5625 0.75
vt 0.578125 0.75
vt 0.59375 0.75
vt 0.609375 0.75
vt 0.625 0.75
vt 0.640625 0.75
vt 0.65625 0.75
vt 0.671875 0.75
vt 0.6875 0.75
vt 0.703125 0.75
vt 0.71875 0.75
vt 0.734375 0.75
vt 0.75 0.75
vt 0.765625 0.75
vt 0.78125 0.75
vt 0.796875 0.75
vt 0.8125 0.75
vt 0.828125 0.75
vt 0.84375 0.75
vt 0.859375 0.75
vt 0.875 0.75
vt 0.890625 0.75
vt 0.90625 0.75
vt 0.921875 0.75
vt 0.9375 0.75
vt 0.9531239867210388 0.75
vt 0.9687489867210388 0.75
vt 0.9843739867210388 0.75
vt 0.9999989867210388 0.75
vt 0 0.78125
vt 0.015625 0.78125
vt 0.03125 0.78125
vt 0.046875 0.78125
vt 0.0625 0.78125
vt 0.078125 0.78125
vt 0.09375 0.78125
vt 0.109375 0.78125
vt 0.125 0.78125
vt 0.140625 0.78125
vt 0.15625 0.78125
vt 0.171875 0.78125
vt 0.1875 0.78125
vt 0.203125 0.78125
vt 0.21875 0.78125
vt 0.234375 0.78125
vt 0.25 0.78125
vt 0.265625 0.78125
vt 0.28125 0.78125
vt 0.296875 0.78125
vt 0.3125 0.78125
vt 0.328125 0.78125
vt 0.34375 0.78125
vt 0.359375 0.78125
vt 0.375 0.78125
vt 0.390625 0.78125
vt 0.40625 0.78125
vt 0.421875 0.78125
vt 0.4375 0.78125
vt 0.453125 0.78125
vt 0.46875 0.78125
vt 0.484375 0.78125
vt 0.5 0.78125
vt 0.515625 0.78125
vt 0.53125 0.78125
vt 0.546875 0.78125
vt 0.5625 0.78125
vt 0.578125 0.78125
vt 0.59375 0.78125
vt 0.609375 0.78125
vt 0.625 0.78125
vt 0.640625 0.78125
vt 0.65625 0.78125
vt 0.671875 0.78125
vt 0.6875 0.78125
vt 0.703125 0.78125
vt 0.71875 0.78125
vt 0.734375 0.78125
vt 0.75 0.78125
vt 0.765625 0.78125
vt 0.78125 0.78125
vt 0.796875 0.78125
vt 0.8125 0.78125
vt 0.828125 0.78125
vt 0.84375 0.78125
vt 0.859375 0.78125
vt 0.875 0.78125
vt 0.890625 0.78125
vt 0.90625 0.78125
vt 0.921875 0.78125
vt 0.9375 0.78125
vt 0.9531239867210388 0.78125
vt 0.9687489867210388 0.78125
vt 0.9843739867210388 0.78125
vt 0.9999989867210388 0.78125
vt 0 0.8125
vt 0.015625 0.8125
vt 0.03125 0.8125
vt 0.046875 0.8125
vt 0.0625 0.8125
vt 0.078125 0.8125
vt 0.09375 0.8125
vt 0.109375 0.8125
vt 0.125 0.8125
vt 0.140625 0.8125
vt 0.15625 0.8125
vt 0.171875 0.8125
vt 0.1875 0.8125
vt 0.203125 0.8125
vt 0.21875 0.8125
vt 0.234375 0.8125
vt 0.25 0.8125
vt 0.265625 0.8125
vt 0.28125 0.8125
vt 0.296875 0.8125
vt 0.3125 0.8125
vt 0.328125 0.8125
vt 0.34375 0.8125
vt 0.359375 0.8125
vt 0.375 0.8125
vt 0.390625 0.8125
vt 0.40625 0.8125
vt 0.421875 0.8125
vt 0.4375 0.8125
vt 0.453125 0.8125
vt 0.46875 0.8125
vt 0.484375 0.8125
vt 0.5 0.8125
vt 0.515625 0.8125
vt 0.53125 0.8125
vt 0.546875 0.8125
vt 0.5625 0.8125
vt 0.578125 0.8125
vt 0.59375 0.8125
vt 0.609375 0.8125
vt 0.625 0.8125
vt 0.640625 0.8125
vt 0.65625 0.8125
vt 0.671875 0.8125
vt 0.6875 0.8125
vt 0.703125 0.8125
vt 0.71875 0.8125
vt 0.734375 0.8125
vt 0.75 0.8125
vt 0.765625 0.8125
vt 0.78125 0.8125
vt 0.796875 0.8125
vt 0.8125 0.8125
vt 0.828125 0.8125
vt 0.84375 0.8125
vt 0.859375 0.8125
vt 0.875 0.8125
vt 0.890625 0.8125
vt 0.90625 0.8125
vt 0.921875 0.8125
vt 0.9375 0.8125
vt 0.9531239867210388 0.8125
vt 0.9687489867210388 0.8125
vt 0.9843739867210388 0.8125
vt 0.9999989867210388 0.8125
vt 0 0.84375
vt 0.015625 0.84375
vt 0.03125 0.84375
vt 0.046875 0.84375
vt 0.0625 0.84375
vt 0.078125 0.84375
vt 0.09375 0.84375
vt 0.109375 0.84375
vt 0.125 0.84375
vt 0.140625 0.84375
vt 0.15625 0.84375
vt 0.171875 0.84375
vt 0.1875 0.84375
vt 0.203125 0.84375
vt 0.21875 0.84375
vt 0.234375 0.84375
vt 0.25 0.84375
vt 0.265625 0.84375
vt 0.28125 0.84375
vt 0.296875 0.84375
vt 0.3125 0.84375
vt 0.328125 0.84375
vt 0.34375 0.84375
vt 0.359375 0.84375
vt 0.375 0.84375
vt 0.390625 0.84375
vt 0.40625 0.84375
vt 0.421875 0.84375
vt 0.4375 0.84375
vt 0.453125 0.84375
vt 0.46875 0.84375
vt 0.484375 0.84375
vt 0.5 0.84375
vt 0.515625 0.84375
vt 0.53125 0.84375
vt 0.546875 0.84375
vt 0.5625 0.84375
vt 0.578125 0.84375
vt 0.59375 0.84375
vt 0.609375 0.84375
vt 0.625 0.84375
vt 0.640625 0.84375
vt 0.65625 0.84375
vt 0.671875 0.84375
vt 0.6875 0.84375
vt 0.703125 0.84375
vt 0.71875 0.84375
vt 0.734375 0.84375
vt 0.75 0.84375
vt 0.765625 0.84375
vt 0.78125 0.84375
vt 0.796875 0.84375
vt 0.8125 0.84375
vt 0.828125 0.84375
vt 0.84375 0.84375
vt 0.859375 0.84375
vt 0.875 0.84375
vt 0.890625 0.84375
vt 0.90625 0.84375
vt 0.921875 0.84375
vt 0.9375 0.84375
vt 0.9531239867210388 0.84375
vt 0.9687489867210388 0.84375
vt 0.9843739867210388 0.84375
vt 0.9999989867210388 0.84375
vt 0 0.875
vt 0.015625 0.875
vt 0.03125 0.875
vt 0.046875 0.875
vt 0.0625 0.875
vt 0.078125 0.875
vt 0.09375 0.875
vt 0.109375 0.875
vt 0.125 0.875
vt 0.140625 0.875
vt 0.15625 0.875
vt 0.171875 0.875
vt 0.1875 0.875
vt 0.203125 0.875
vt 0.21875 0.875
vt 0.234375 0.875
vt 0.25 0.875
vt 0.265625 0.875
vt 0.28125 0.875
vt 0.296875 0.875
vt 0.3125 0.875
vt 0.328125 0.875
vt 0.34375 0.875
vt 0.359375 0.875
vt 0.375 0.875
vt 0.390625 0.875
vt 0.40625 0.875
vt 0.421875 0.875
vt 0.4375 0.875
vt 0.453125 0.875
vt 0.46875 0.875
vt 0.484375 0.875
vt 0.5 0.875
vt 0.515625 0.875
vt 0.53125 0.875
vt 0.546875 0.875
vt 0.5625 0.875
vt 0.578125 0.875
vt 0.59375 0.875
vt 0.609375 0.875
vt 0.625 0.875
vt 0.640625 0.875
vt 0.65625 0.875
vt 0.671875 0.875
vt 0.6875 0.875
vt 0.703125 0.875
vt 0.71875 0.875
vt 0.734375 0.875
vt 0.75 0.875
vt 0.765625 0.875
vt 0.78125 0.875
vt 0.796875 0.875
vt 0.8125 0.875
vt 0.828125 0.875
vt 0.84375 0.875
vt 0.859375 0.875
vt 0.875 0.875
vt 0.890625 0.875
vt 0.90625 0.875
vt 0.921875 0.875
vt 0.9375 0.875
vt 0.9531239867210388 0.875
vt 0.9687489867210388 0.875
vt 0.9843739867210388 0.875
vt 0.9999989867210388 0.875
vt 0 0.9062502011656761
vt 0.015625 0.9062502011656761
vt 0.03125 0.9062502011656761
vt 0.046875 0.9062502011656761
vt 0.0625 0.9062502011656761
vt 0.078125 0.9062502011656761
vt 0.09375 0.9062502011656761
vt 0.109375 0.9062502011656761
vt 0.125 0.9062502011656761
vt 0.140625 0.9062502011656761
vt 0.15625 0.9062502011656761
vt 0.171875 0.9062502011656761
vt 0.1875 0.9062502011656761
vt 0.203125 0.9062502011656761
vt 0.21875 0.9062502011656761
vt 0.234375 0.9062502011656761
vt 0.25 0.9062502011656761
vt 0.265625 0.9062502011656761
vt 0.28125 0.9062502011656761
vt 0.296875 0.9062502011656761
vt 0.3125 0.9062502011656761
vt 0.328125 0.9062502011656761
vt 0.34375 0.9062502011656761
vt 0.359375 0.9062502011656761
vt 0.375 0.9062502011656761
vt 0.390625 0.9062502011656761
vt 0.40625 0.9062502011656761
vt 0.421875 0.9062502011656761
vt 0.4375 0.9062502011656761
vt 0.453125 0.9062502011656761
vt 0.46875 0.9062502011656761
vt 0.484375 0.9062502011656761
vt 0.5 0.9062502011656761
vt 0.515625 0.9062502011656761
vt 0.53125 0.9062502011656761
vt 0.546875 0.9062502011656761
vt 0.5625 0.9062502011656761
vt 0.578125 0.9062502011656761
vt 0.59375 0.9062502011656761
vt 0.609375 0.9062502011656761
vt 0.625 0.9062502011656761
vt 0.640625 0.9062502011656761
vt 0.65625 0.9062502011656761
vt 0.671875 0.9062502011656761
vt 0.6875 0.9062502011656761
vt 0.703125 0.9062502011656761
vt 0.71875 0.9062502011656761
vt 0.734375 0.9062502011656761
vt 0.75 0.9062502011656761
vt 0.765625 0.9062502011656761
vt 0.78125 0.9062502011656761
vt 0.796875 0.9062502011656761
vt 0.8125 0.9062502011656761
vt 0.828125 0.9062502011656761
vt 0.84375 0.9062502011656761
vt 0.859375 0.9062502011656761
vt 0.875 0.9062502011656761
vt 0.890625 0.9062502011656761
vt 0.90625 0.9062502011656761
vt 0.921875 0.9062502011656761
vt 0.9375 0.9062502011656761
vt 0.9531239867210388 0.9062502011656761
vt 0.9687489867210388 0.9062502011656761
vt 0.9843739867210388 0.9062502011656761
vt 0.9999989867210388 0.9062502011656761
vt 0 0.9375002011656761
vt 0.015625 0.9375002011656761
vt 0.03125 0.9375002011656761
vt 0.046875 0.9375002011656761
vt 0.0625 0.9375002011656761
vt 0.078125 0.9375002011656761
vt 0.09375 0.9375002011656761
vt 0.109375 0.9375002011656761
vt 0.125 0.9375002011656761
vt 0.140625 0.9375002011656761
vt 0.15625 0.9375002011656761
vt 0.171875 0.9375002011656761
vt 0.1875 0.9375002011656761
vt 0.203125 0.9375002011656761
vt 0.21875 0.9375002011656761
vt 0.234375 0.9375002011656761
vt 0.25 0.9375002011656761
vt 0.265625 0.9375002011656761
vt 0.28125 0.9375002011656761
vt 0.296875 0.9375002011656761
vt 0.3125 0.9375002011656761
vt 0.328125 0.9375002011656761
vt 0.34375 0.9375002011656761
vt 0.359375 0.9375002011656761
vt 0.375 0.9375002011656761
vt 0.390625 0.9375002011656761
vt 0.40625 0.9375002011656761
vt 0.421875 0.9375002011656761
vt 0.4375 0.9375002011656761
vt 0.453125 0.9375002011656761
vt 0.46875 0.9375002011656761
vt 0.484375 0.9375002011656761
vt 0.5 0.9375002011656761
vt 0.515625 0.9375002011656761
vt 0.53125 0.9375002011656761
vt 0.546875 0.9375002011656761
vt 0.5625 0.9375002011656761
vt 0.578125 0.9375002011656761
vt 0.59375 0.9375002011656761
vt 0.609375 0.9375002011656761
vt 0.625 0.9375002011656761
vt 0.640625 0.9375002011656761
vt 0.65625 0.9375002011656761
vt 0.671875 0.9375002011656761
vt 0.6875 0.9375002011656761
vt 0.703125 0.9375002011656761
vt 0.71875 0.9375002011656761
vt 0.734375 0.9375002011656761
vt 0.75 0.9375002011656761
vt 0.765625 0.9375002011656761
vt 0.78125 0.9375002011656761
vt 0.796875 0.9375002011656761
vt 0.8125 0.9375002011656761
vt 0.828125 0.9375002011656761
vt 0.84375 0.9375002011656761
vt 0.859375 0.9375002011656761
vt 0.875 0.9375002011656761
vt 0.890625 0.9375002011656761
vt 0.90625 0.9375002011656761
vt 0.921875 0.9375002011656761
vt 0.9375 0.9375002011656761
vt 0.9531239867210388 0.9375002011656761
vt 0.9687489867210388 0.9375002011656761
vt 0.9843739867210388 0.9375002011656761
vt 0.9999989867210388 0.9375002011656761
vt 0 0.968750199303031
vt 0.015625 0.968750199303031
vt 0.03125 0.968750199303031
vt 0.046875 0.968750199303031
vt 0.0625 0.968750199303031
vt 0.078125 0.968750199303031
vt 0.09375 0.968750199303031
vt 0.109375 0.968750199303031
vt 0.125 0.968750199303031
vt 0.140625 0.968750199303031
vt 0.15625 0.968750199303031
vt 0.171875 0.968750199303031
vt 0.1875 0.968750199303031
vt 0.203125 0.968750199303031
vt 0.21875 0.968750199303031
vt 0.234375 0.968750199303031
vt 0.25 0.968750199303031
vt 0.265625 0.968750199303031
vt 0.28125 0.968750199303031
vt 0.296875 0.968750199303031
vt 0.3125 0.968750199303031
vt 0.328125 0.968750199303031
vt 0.34375 0.968750199303031
vt 0.359375 0.968750199303031
vt 0.375 0.968750199303031
vt 0.390625 0.968750199303031
vt 0.40625 0.968750199303031
vt 0.421875 0.968750199303031
vt 0.4375 0.968750199303031
vt 0.453125 0.968750199303031
vt 0.46875 0.968750199303031
vt 0.484375 0.968750199303031
vt 0.5 0.968750199303031
vt 0.515625 0.968750199303031
vt 0.53125 0.968750199303031
vt 0.546875 0.968750199303031
vt 0.5625 0.968750199303031
vt 0.578125 0.968750199303031
vt 0.59375 0.968750199303031
vt 0.609375 0.968750199303031
vt 0.625 0.968750199303031
vt 0.640625 0.968750199303031
vt 0.65625 0.968750199303031
vt 0.671875 0.968750199303031
vt 0.6875 0.968750199303031
vt 0.703125 0.968750199303031
vt 0.71875 0.968750199303031
vt 0.734375 0.968750199303031
vt 0.75 0.968750199303031
vt 0.765625 0.968750199303031
vt 0.78125 0.968750199303031
vt 0.796875 0.968750199303031
vt 0.8125 0.968750199303031
vt 0.828125 0.968750199303031
vt 0.84375 0.968750199303031
vt 0.859375 0.968750199303031
vt 0.875 0.968750199303031
vt 0.890625 0.968750199303031
vt 0.90625 0.968750199303031
vt 0.921875 0.968750199303031
vt 0.9375 0.968750199303031
vt 0.9531239867210388 0.968750199303031
vt 0.9687489867210388 0.968750199303031
vt 0.9843739867210388 0.968750199303031
vt 0.9999989867210388 0.968750199303031
vt 0 1.0000002384190054
vt 0.015625 1.0000002384190054
vt 0.03125 1.0000002384190054
vt 0.046875 1.0000002384190054
vt 0.0625 1.0000002384190054
vt 0.078125 1.0000002384190054
vt 0.09375 1.0000002384190054
vt 0.109375 1.0000002384190054
vt 0.125 1.0000002384190054
vt 0.140625 1.0000002384190054
vt 0.15625 1.0000002384190054
vt 0.171875 1.0000002384190054
vt 0.1875 1.0000002384190054
vt 0.203125 1.0000002384190054
vt 0.21875 1.0000002384190054
vt 0.234375 1.0000002384190054
vt 0.25 1.0000002384190054
vt 0.265625 1.0000002384190054
vt 0.28125 1.0000002384190054
vt 0.296875 1.0000002384190054
vt 0.3125 1.0000002384190054
vt 0.328125 1.0000002384190054
vt 0.34375 1.0000002384190054
vt 0.359375 1.0000002384190054
vt 0.375 1.0000002384190054
vt 0.390625 1.0000002384190054
vt 0.40625 1.0000002384190054
vt 0.421875 1.0000002384190054
vt 0.4375 1.0000002384190054
vt 0.453125 1.0000002384190054
vt 0.46875 1.0000002384190054
vt 0.484375 1.0000002384190054
vt 0.5 1.0000002384190054
vt 0.515625 1.0000002384190054
vt 0.53125 1.0000002384190054
vt 0.546875 1.0000002384190054
vt 0.5625 1.0000002384190054
vt 0.578125 1.0000002384190054
vt 0.59375 1.0000002384190054
vt 0.609375 1.0000002384190054
vt 0.625 1.0000002384190054
vt 0.640625 1.0000002384190054
vt 0.65625 1.0000002384190054
vt 0.671875 1.0000002384190054
vt 0.6875 1.0000002384190054
vt 0.703125 1.0000002384190054
vt 0.71875 1.0000002384190054
vt 0.734375 1.0000002384190054
vt 0.75 1.0000002384190054
vt 0.765625 1.0000002384190054
vt 0.78125 1.0000002384190054
vt 0.796875 1.0000002384190054
vt 0.8125 1.0000002384190054
vt 0.828125 1.0000002384190054
vt 0.84375 1.0000002384190054
vt 0.859375 1.0000002384190054
vt 0.875 1.0000002384190054
vt 0.890625 1.0000002384190054
vt 0.90625 1.0000002384190054
vt 0.921875 1.0000002384190054
vt 0.9375 1.0000002384190054
vt 0.9531239867210388 1.0000002384190054
vt 0.9687489867210388 1.0000002384190054
vt 0.9843739867210388 1.0000002384190054
vn 1.4384800017808162e-8 0.9999999999999968 7.847999095034188e-8
vn 1.7751999374627882e-7 0.9950340254205048 -0.09953536183404832
vn -0.009756180633652255 0.9950340259075308 -0.09905606607217504
vn 1.4384800017808162e-8 0.9999999999999968 7.847999095034188e-8
vn -0.019418400234519753 0.9950340306868507 -0.09762276121587134
vn 1.4384800017808162e-8 0.9999999999999968 7.847999095034188e-8
vn -0.028893600864105643 0.9950340288209426 -0.09524936386910518
vn 1.4384800017808162e-8 0.9999999999999968 7.847999095034188e-8
vn -0.03809050224975987 0.9950340384831855 -0.09195855532903556
vn 1.4384800017808162e-8 0.9999999999999968 7.847999095034188e-8
vn -0.046920605570692164 0.9950340354821609 -0.08778225905594865
vn 1.4384800017808162e-8 0.9999999999999968 7.847999095034188e-8
vn -0.05529890181249317 0.9950340301389474 -0.08276056019491672
vn 1.4384800017808162e-8 0.9999999999999968 7.847999095034188e-8
vn -0.06314460487012968 0.9950340316768341 -0.07694176161708498
vn 1.4384800017808162e-8 0.9999999999999968 7.847999095034188e-8
vn -0.07038220220928981 0.995034025036766 -0.07038206185742875
vn 1.4384800017808162e-8 0.9999999999999968 7.847999095034188e-8
vn -0.07694190190232225 0.9950340302121258 -0.0631444570130103
vn 1.4384800017808162e-8 0.9999999999999968 7.847999095034188e-8
vn -0.08276069988336923 0.9950340209623723 -0.05529885787489695
vn 1.4384800017808162e-8 0.9999999999999968 7.847999095034188e-8
vn -0.08778230255026985 0.9950340336960393 -0.046920562076371006
vn 1.4384800017808162e-8 0.9999999999999968 7.847999095034188e-8
vn -0.0919587022494075 0.9950340265841358 -0.03809045839007362
vn 1.4384800017808162e-8 0.9999999999999968 7.847999095034188e-8
vn -0.09524940736342608 0.9950340259204381 -0.028893557369784804
vn 1.4384800017808162e-8 0.9999999999999968 7.847999095034188e-8
vn -0.09762280490086457 0.9950340292118766 -0.019418256195294907
vn 1.4384800017808162e-8 0.9999999999999968 7.847999095034188e-8
vn -0.09905610963489851 0.9950340226912192 -0.009756066365558374
vn 1.4384800017808162e-8 0.9999999999999968 7.847999095034188e-8
vn -0.09953530943042525 0.9950340306625589 1.068729240046076e-7
vn 1.4384800017808162e-8 0.9999999999999968 7.847999095034188e-8
vn -0.09905610951879365 0.9950340206720163 0.009756273483367266
vn 1.4384800017808162e-8 0.9999999999999968 7.847999095034188e-8
vn -0.09762280471019233 0.995034025570817 0.019418443728840638
vn 1.4384800017808162e-8 0.9999999999999968 7.847999095034188e-8
vn -0.09524940736342608 0.9950340233944791 0.028893644358426444
vn 1.4384800017808162e-8 0.9999999999999968 7.847999095034188e-8
vn -0.09195859847104 0.9950340289863244 0.03809064618097767
vn 1.4384800017808162e-8 0.9999999999999968 7.847999095034188e-8
vn -0.08778230213598895 0.995034024898129 0.04692074942640617
vn 1.4384800017808162e-8 0.9999999999999968 7.847999095034188e-8
vn -0.08276060322891288 0.9950340185696664 0.055299045582064596
vn 1.4384800017808162e-8 0.9999999999999968 7.847999095034188e-8
vn -0.07694180511140603 0.9950340255534623 0.0631446483644506
vn 1.4384800017808162e-8 0.9999999999999968 7.847999095034188e-8
vn -0.07038210535174952 0.9950340188837623 0.07038224570361047
vn 1.4384800017808162e-8 0.9999999999999968 7.847999095034188e-8
vn -0.0631445005073313 0.9950340240887543 0.07694194539664315
vn 1.4384800017808162e-8 0.9999999999999968 7.847999095034188e-8
vn -0.05529880480786412 0.9950340202571079 0.08276074382096546
vn 1.4384800017808162e-8 0.9999999999999968 7.847999095034188e-8
vn -0.04692060517175522 0.9950340193478233 0.08778244215577222
vn 1.4384800017808162e-8 0.9999999999999968 7.847999095034188e-8
vn -0.03809050188439449 0.9950340208995044 0.0919587457437283
vn 1.4384800017808162e-8 0.9999999999999968 7.847999095034188e-8
vn -0.028893600864105643 0.9950340204939746 0.09524945085774683
vn 1.4384800017808162e-8 0.9999999999999968 7.847999095034188e-8
vn -0.019418400234519757 0.9950340221523938 0.09762284820451315
vn 1.4384800017808162e-8 0.9999999999999968 7.847999095034188e-8
vn -0.009756189945990819 0.9950340171573597 0.09905615305181603
vn 1.4384800017808162e-8 0.9999999999999968 7.847999095034188e-8
vn -2.9685501805292515e-8 0.9950340263117365 0.09953535292474641
vn 1.4384800017808162e-8 0.9999999999999968 7.847999095034188e-8
vn 0.009756109859879097 0.9950340179348857 0.09905615312921914
vn 1.4384800017808162e-8 0.9999999999999968 7.847999095034188e-8
vn 0.0194182996896159 0.9950340240958471 0.0976228483951855
vn 1.4384800017808162e-8 0.9999999999999968 7.847999095034188e-8
vn 0.02889350222633523 0.9950340233321865 0.09524945112943414
vn 1.4384800017808162e-8 0.9999999999999968 7.847999095034188e-8
vn 0.03809040144749756 0.9950340247117241 0.09195874609604482
vn 1.4384800017808162e-8 0.9999999999999968 7.847999095034188e-8
vn 0.04692050481036152 0.9950340240437893 0.08778244257005288
vn 1.4384800017808162e-8 0.9999999999999968 7.847999095034188e-8
vn 0.05529870453261083 0.9950340257915916 0.08276074428128942
vn 1.4384800017808162e-8 0.9999999999999968 7.847999095034188e-8
vn 0.06314440356540481 0.9950340227589948 0.07694204215135926
vn 1.4384800017808162e-8 0.9999999999999968 7.847999095034188e-8
vn 0.07038200108053527 0.9950340194055223 0.07038234259805702
vn 1.4384800017808162e-8 0.9999999999999968 7.847999095034188e-8
vn 0.07694180464082719 0.9950340194677944 0.063144744835796
vn 1.4384800017808162e-8 0.9999999999999968 7.847999095034188e-8
vn 0.08276049917490566 0.9950340216248765 0.05529914633468875
vn 1.4384800017808162e-8 0.9999999999999968 7.847999095034188e-8
vn 0.08778219781841752 0.9950340247909956 0.046920946861726286
vn 1.4384800017808162e-8 0.9999999999999968 7.847999095034188e-8
vn 0.09195859777945228 0.995034021503021 0.0380908433348824
vn 1.4384800017808162e-8 0.9999999999999968 7.847999095034188e-8
vn 0.09524931055930054 0.9950340239524729 0.028893944260476662
vn 1.4384800017808162e-8 0.9999999999999968 7.847999095034188e-8
vn 0.09762270820723208 0.9950340291849185 0.019418743685219727
vn 1.4384800017808162e-8 0.9999999999999968 7.847999095034188e-8
vn 0.09905600597313896 0.9950340283310976 0.009756543641992077
vn 1.4384800017808162e-8 0.9999999999999968 7.847999095034188e-8
vn 0.09953540532836372 0.995034021069604 4.164933596671353e-7
vn 1.4384800017808162e-8 0.9999999999999968 7.847999095034188e-8
vn 0.09905610996340455 0.9950340259910986 -0.00975572646519826
vn 1.4384800017808162e-8 0.9999999999999968 7.847999095034188e-8
vn 0.09762290878338596 0.9950340248738849 -0.019417956224791984
vn 1.4384800017808162e-8 0.9999999999999968 7.847999095034188e-8
vn 0.0952495044392267 0.9950340282004976 -0.02889315882995991
vn 1.4384800017808162e-8 0.9999999999999968 7.847999095034188e-8
vn 0.09195879969714175 0.9950340329702694 -0.03809005630321404
vn 1.4384800017808162e-8 0.9999999999999968 7.847999095034188e-8
vn 0.08778259993409514 0.995034026448533 -0.046920159403295414
vn 1.4384800017808162e-8 0.9999999999999968 7.847999095034188e-8
vn 0.08276090149542203 0.9950340263293348 -0.05529845956713401
vn 1.4384800017808162e-8 0.9999999999999968 7.847999095034188e-8
vn 0.07694219960913583 0.9950340261204984 -0.06314415873015677
vn 1.4384800017808162e-8 0.9999999999999968 7.847999095034188e-8
vn 0.07038250074918775 0.995034032341563 -0.07038166004279836
vn 1.4384800017808162e-8 0.9999999999999968 7.847999095034188e-8
vn 0.06314499966051237 0.9950340302529184 -0.0769414560331982
vn 1.4384800017808162e-8 0.9999999999999968 7.847999095034188e-8
vn 0.055299304311516174 0.995034033156461 -0.08276025497211202
vn 1.4384800017808162e-8 0.9999999999999968 7.847999095034188e-8
vn 0.046921204850511745 0.9950340250511444 -0.08778205697006095
vn 1.4384800017808162e-8 0.9999999999999968 7.847999095034188e-8
vn 0.03809110149051097 0.9950340246134955 -0.09195845718969375
vn 1.4384800017808162e-8 0.9999999999999968 7.847999095034188e-8
vn 0.028894202549798548 0.995034030589434 -0.09524916287273286
vn 1.4384800017808162e-8 0.9999999999999968 7.847999095034188e-8
vn 0.01941899996366169 0.995034028506442 -0.0976226641444114
vn 1.4384800017808162e-8 0.9999999999999968 7.847999095034188e-8
vn 0.009756670462657198 0.9950340211518302 -0.099056065598743
vn 1.4384800017808162e-8 0.9999999999999968 7.847999095034188e-8
vn 1.7751999374627882e-7 0.9950340254205048 -0.09953536183404832
vn 3.4916597681948194e-7 0.9804910025235685 -0.19656396915560492
vn -0.019266698677537095 0.9804909048461783 -0.19561794354299877
vn -0.0383477992989364 0.98049101410062 -0.19278697455187702
vn -0.057059602153772836 0.9804910026333249 -0.1880999616085838
vn -0.07522189653442884 0.9804908980846249 -0.18160194122026704
vn -0.09265969346060074 0.9804909936981846 -0.17335395145347568
vn -0.10920500453304328 0.9804910148758131 -0.1634369503286698
vn -0.12469899688894723 0.9804909939309707 -0.1519459476101529
vn -0.1389919885085866 0.9804909312048052 -0.13899194564996475
vn -0.15194599046877746 0.980490992739967 -0.12469895403032272
vn -0.16343699318729527 0.9804910125052575 -0.10920496167441787
vn -0.1733539943121002 0.9804909901709246 -0.09265965060197628
vn -0.18160198550378182 0.9804909011277747 -0.07522174995789867
vn -0.18810000554675427 0.9804910025326069 -0.05705945903979727
vn -0.19278701815410604 0.9804910111317392 -0.038347656005394644
vn -0.19561798715979123 0.9804909009377744 -0.0192664547279307
vn -0.19656401201423998 0.9804909939315268 1.7943762802412895e-7
vn -0.19561798602955063 0.9804908935883553 0.019266840219695908
vn -0.19278701666689682 0.9804910002155052 0.03834794259247662
vn -0.18810000338766117 0.9804909862897986 0.05705974526774609
vn -0.18160198967411373 0.9804908783116556 0.07522203728988704
vn -0.17335399700935236 0.9804909623977652 0.09265993944086973
vn -0.16343699318729527 0.9804910029582523 0.10920504739166853
vn -0.15194599046877744 0.9804909818384336 0.12469903974757156
vn -0.1389919885085866 0.9804909190537391 0.1389920313672082
vn -0.12469899688894726 0.9804909806474298 0.15194603332740178
vn -0.10920500453304328 0.9804910005876967 0.16343703604592044
vn -0.09265959743466437 0.9804909873427922 0.17335403872653965
vn -0.07522179281651925 0.9804908899016502 0.1816020283624022
vn -0.0570595018984223 0.9804909918163439 0.1881000484053791
vn -0.0383477992989364 0.9804909972466428 0.19278706026912748
vn -0.01926669867753709 0.9804908877447097 0.19561802926023966
vn -6.383560000354391e-8 0.9804909853394538 0.19656405487286596
vn 0.019266497586551332 0.9804908915448746 0.19561803001841166
vn 0.038347598429102576 0.9804910048103858 0.19278706175633314
vn 0.05705940164307006 0.980490997443579 0.18810004948492312
vn 0.07522159278911525 0.9804909047384595 0.18160203111040799
vn 0.09265939799617286 0.9804910056190547 0.1733540419578431
vn 0.10920500453304328 0.9804910005876967 0.16343703604592044
vn 0.12469899688894726 0.9804909806474298 0.15194603332740178
vn 0.1389919885085866 0.9804909190537391 0.1389920313672082
vn 0.15194599046877744 0.9804909818384336 0.12469903974757156
vn 0.16343698023397324 0.9804908954343967 0.10920603216972252
vn 0.17335399210253 0.9804909346447432 0.09266024229190092
vn 0.18160100488933859 0.9804910292138929 0.07522244780823951
vn 0.1880999913477888 0.9804909596691195 0.057060242394252184
vn 0.19278701371999635 0.9804909852279153 0.03834834061231355
vn 0.1956179783507608 0.9804908852682457 0.01926734158759712
vn 0.19656401201419288 0.9804909939312672 7.483165822550247e-7
vn 0.19561798942021966 0.9804909122676343 -0.019265855178866195
vn 0.1927870233317368 0.9804910374645004 -0.03834695668075866
vn 0.18810096275284896 0.9804908601976559 -0.057058749375641905
vn 0.1816019950708797 0.9804909527816532 -0.0752210535661544
vn 0.17335497986512036 0.9804908827062286 -0.09265894390680456
vn 0.16343800208483056 0.9804909564060996 -0.10920395542456789
vn 0.15194700275538184 0.9804909632828043 -0.12469795216608305
vn 0.13899298688618958 0.9804909312037843 -0.1389909472720847
vn 0.12469998745311797 0.980490869823563 -0.1519459355225569
vn 0.109205989311102 0.9804909073520002 -0.1634369373753525
vn 0.09266069433612997 0.9804909009199236 -0.17335394122540984
vn 0.07522299921077813 0.9804909950753454 -0.18160096080663837
vn 0.05706069709920493 0.9804909424571653 -0.18809994313133743
vn 0.03834899806111186 0.9804909701650194 -0.19278695955009031
vn 0.019267698546570452 0.9804908859503249 -0.19561793977308314
vn 3.4916597681948194e-7 0.9804910025235685 -0.19656396915560492
vn 4.902967895847511e-7 0.9565135744383422 -0.2916878158493176
vn -0.02859039152837607 0.9565136917401788 -0.29028287415179793
vn -0.05690538106142001 0.9565136503894813 -0.2860828799925707
vn -0.08467236304836864 0.9565135875218093 -0.2791278341942329
vn -0.11162396760989106 0.9565137310273125 -0.26948389972544934
vn -0.1375009676720549 0.9565137467022795 -0.25724489549613194
vn -0.16205295688211102 0.9565137593720938 -0.2425288999225225
vn -0.18504495334303808 0.9565137421193892 -0.22547688657384635
vn -0.20625396377761618 0.9565137856294721 -0.2062539219670688
vn -0.22547788685927345 0.9565135222983766 -0.18504487076876663
vn -0.24252894173306871 0.9565137558543766 -0.16205291507156486
vn -0.25724497059124163 0.9565138736253683 -0.13749994424618575
vn -0.26948394153599425 0.9565137241270335 -0.11162392579934627
vn -0.2791278782939418 0.9565135868663978 -0.08467222507469908
vn -0.28608292344056485 0.9565136458466048 -0.056905238993749836
vn -0.2902829117924061 0.9565136875682425 -0.028590148931485294
vn -0.29168696714649234 0.9565138332490625 2.562225079020062e-7
vn -0.29028291430825925 0.9565136723513953 0.028590632479043095
vn -0.28608291852819806 0.9565136244473547 0.05690562338621301
vn -0.2791278757737105 0.9565135537449004 0.08467260754433671
vn -0.26948394153599425 0.9565137143685559 0.11162400942043567
vn -0.2572449373066776 0.9565137294473871 0.13750100948260024
vn -0.24252894173306871 0.9565137416872564 0.16205299869265688
vn -0.22547692838439187 0.9565137241749071 0.18504499515358325
vn -0.20625396377761623 0.9565137675981772 0.20625400558816329
vn -0.18504394749553013 0.9565136837955733 0.22547795947075075
vn -0.16205295688211102 0.9565137381695393 0.24252898354361452
vn -0.13749998605673705 0.9565138563705173 0.2572450124017926
vn -0.11162396760989106 0.9565137074682768 0.2694839833465387
vn -0.08467226688523792 0.9565135709641875 0.27912792010448034
vn -0.05690538106142003 0.9565136253793168 0.28608296361365304
vn -0.02859049202899999 0.956513663612185 0.29028295693811484
vn -1.0156395235849496e-7 0.9565135489382885 0.29168789947042684
vn 0.028590192388248337 0.9565136718131801 0.2902829594269545
vn 0.056905180547160795 0.9565136363289006 0.2860829668885561
vn 0.084672067161805 0.9565135872566104 0.2791279248589033
vn 0.11162396760989106 0.9565137074682768 0.2694839833465387
vn 0.13749995549632513 0.9565136126782751 0.25724593485546715
vn 0.16205195062351438 0.9565136603979126 0.24252996262585944
vn 0.18504394749553013 0.9565136837955733 0.22547795947075075
vn 0.2062539175573101 0.956513572249568 0.2062549577455839
vn 0.22547692838439187 0.9565137241749071 0.18504499515358325
vn 0.2425289026849297 0.956513586013201 0.16205397599136767
vn 0.2572449373066776 0.9565137294473871 0.13750100948260024
vn 0.2694839148178739 0.9565136061063749 0.11162500162513553
vn 0.2791269433225988 0.9565137627645988 0.08467332019763886
vn 0.286082907126556 0.9565135863261175 0.056906321472813944
vn 0.29028290766089815 0.9565136504475849 0.028591432761750423
vn 0.29168696714634895 0.9565138332485571 0.0000010565603397951085
vn 0.29028291925876615 0.9565137121706696 -0.028589250009293264
vn 0.28608293601291934 0.9565137074477253 -0.05690414033122099
vn 0.27912790435508367 0.9565136761724999 -0.08467113029427084
vn 0.2694848871609296 0.9565135763472679 -0.11162290918633254
vn 0.25724592632924415 0.9565137620894621 -0.13749893207030026
vn 0.24252992081531702 0.9565136780827489 -0.16205190881297163
vn 0.22547796064926046 0.9565138768895415 -0.18504294793152645
vn 0.20625496215522535 0.9565137856284751 -0.20625292358904845
vn 0.1850459591902587 0.9565137807293967 -0.22547589729750026
vn 0.16205397765013368 0.9565138348319545 -0.24252792025422157
vn 0.13750194928721118 0.9565136145440353 -0.2572448622113219
vn 0.1116259699661354 0.9565137790195036 -0.26948289996760083
vn 0.08467406988347577 0.9565137140993818 -0.2791268826701833
vn 0.05690728849478055 0.9565138276165908 -0.2860819080166214
vn 0.028591791092542226 0.9565136534339067 -0.29028286252660657
vn 4.902967895847511e-7 0.9565135744383422 -0.2916878158493176
vn 6.606039137598413e-7 0.9233368765311972 -0.38399090150311654
vn -0.037637695145204486 0.9233368673441715 -0.3821419020563022
vn -0.07491288479468801 0.9233367786842871 -0.37661286863390836
vn -0.11146699877420736 0.923337014465358 -0.36745593736184207
vn -0.14694699523299412 0.9233370161627552 -0.3547609549762408
vn -0.18101198081995792 0.9233368329589261 -0.33864990137458406
vn -0.2133339515227941 0.9233368219653525 -0.319276899149615
vn -0.2436009852643535 0.9233369612695167 -0.29682893378478337
vn -0.27152291796944494 0.9233366839632354 -0.27152287760911487
vn -0.29682897414512543 0.9233369589428473 -0.2436009449040114
vn -0.31927693950995095 0.9233368173344371 -0.21333391116245812
vn -0.3386499417349206 0.9233368260683515 -0.18101194045962157
vn -0.354761884858324 0.9233366735378258 -0.14694690317210388
vn -0.36745688921284825 0.92333664510044 -0.11146692058490214
vn -0.3766129146697544 0.9233367794111264 -0.0749126443975988
vn -0.38214194530998663 0.9233368592763483 -0.03763745390416142
vn -0.383990941863527 0.9233368597465819 2.868983164039321e-7
vn -0.3821419395232783 0.9233368420040284 0.03763793638624232
vn -0.37661290037584394 0.9233367378178426 0.07491322891452001
vn -0.36745597772218647 0.9233369935309688 0.11146703913455139
vn -0.3547609953365853 0.9233369942324015 0.1469470355933382
vn -0.3386499417349206 0.9233368102437809 0.18101202118029402
vn -0.31927693950995095 0.9233367986841897 0.21333399188312968
vn -0.2968289172554381 0.9233367076732892 0.2436019666259182
vn -0.2715219704368407 0.9233369195297415 0.27152302407608647
vn -0.2436009852643535 0.9233369353199024 0.2968290145054671
vn -0.21333395152279405 0.9233367940532744 0.3192769798702865
vn -0.18101198081995792 0.9233368033532063 0.3386499820952566
vn -0.14694695496309607 0.9233366553789623 0.354761910667796
vn -0.11146696094523066 0.9233366241660126 0.36745692957317644
vn -0.07491298851744618 0.9233367385447598 0.3766129464117118
vn -0.037637795585555314 0.9233368304407736 0.38214198133029836
vn -8.792209591108028e-8 0.9233368429618392 0.38399098222387507
vn 0.037637397544158284 0.9233368442932027 0.38214198706341174
vn 0.07491258676623876 0.923336773072395 0.37661294167387205
vn 0.11146596884022034 0.9233367336191176 0.367456955492871
vn 0.14694695496309607 0.9233366553789623 0.354761910667796
vn 0.18101198081995792 0.9233368033532063 0.3386499820952566
vn 0.21333395152279405 0.9233367940532744 0.3192769798702865
vn 0.24360091386498894 0.9233366521949755 0.29682995380776034
vn 0.2715219704368407 0.9233369195297415 0.27152302407608647
vn 0.2968289172554381 0.9233367076732892 0.2436019666259182
vn 0.3192759768609197 0.9233368919386448 0.21333502896755854
vn 0.3386489980422684 0.9233369566682084 0.18101303979453692
vn 0.3547609708377934 0.9233368471838387 0.14694801871013685
vn 0.3674559518021154 0.9233368840768941 0.11146803123933723
vn 0.3766128751510641 0.9233366759745532 0.0749141179665902
vn 0.38214192371667755 0.9233368038118448 0.03763903378998703
vn 0.3839909418631865 0.9233368597457146 0.0000013948402101038197
vn 0.38214197273998496 0.9233369007447405 -0.03763615805963459
vn 0.3766129351560442 0.9233368757803692 -0.0749113535940716
vn 0.3674569665249709 0.9233368531273045 -0.11146494251213263
vn 0.35476197290342154 0.9233369500547484 -0.14694495311261085
vn 0.33865089814467275 0.9233366763645406 -0.18101091477004874
vn 0.31927797509238787 0.9233369148575025 -0.2133319391988317
vn 0.29682997798742566 0.9233369030842634 -0.24359993343748262
vn 0.27152399479693284 0.9233369357934516 -0.2715209444022223
vn 0.24360295052774847 0.9233367729263474 -0.2968279068014566
vn 0.2133359519313998 0.9233367185670733 -0.31927586153562065
vn 0.18101397243740439 0.9233368067501014 -0.3386489082854933
vn 0.14694895987132087 0.9233367376202585 -0.3547608661528422
vn 0.11146897562051351 0.9233368005025698 -0.367455875326264
vn 0.0749153976911597 0.9233369505497265 -0.37661194741843673
vn 0.037639693643636264 0.923336790888855 -0.382141889948595
vn 6.606039137598413e-7 0.9233368765311972 -0.38399090150311654
vn 8.10493610763566e-7 0.8812836259183717 -0.4725877386131706
vn -0.046321689403686486 0.8812837677132073 -0.4703118346969404
vn -0.09219727531479827 0.8812837675507988 -0.46350683217833666
vn -0.13718498584836836 0.8812838332671923 -0.4522378631645818
vn -0.1808519323289167 0.8812837000036994 -0.4366138095396052
vn -0.2227759553608017 0.8812838556912679 -0.41678488385618645
vn -0.2625559224943092 0.8812837619950366 -0.39294187662685975
vn -0.29980687956826957 0.8812836773286219 -0.36531481634020607
vn -0.334169894886281 0.8812837162056603 -0.3341698563641447
vn -0.36531497595498624 0.8812839297174371 -0.2998059431779149
vn -0.3929420035034454 0.8812839923536472 -0.26255495939691376
vn -0.41678492237832876 0.8812838472108662 -0.22277591683865955
vn -0.4366139269250238 0.8812838463559729 -0.1808509357651537
vn -0.45223790168672295 0.8812838194957912 -0.1371849473262273
vn -0.4635068878936946 0.8812837840104638 -0.0921968378812424
vn -0.4703118776015923 0.8812837573920763 -0.04632145014751306
vn -0.4725870015609542 0.8812840211620457 2.857111633971703e-7
vn -0.47031186672643127 0.8812837329643155 0.046322025309569186
vn -0.4635068358312053 0.8812837306858786 0.09219760932976412
vn -0.45223790168672306 0.8812838075026983 0.1371850243705092
vn -0.43661384806174064 0.8812836730134116 0.18085197085105167
vn -0.4167848256330876 0.8812836334045546 0.2227769436348011
vn -0.392941915148998 0.8812837333423146 0.2625559610164469
vn -0.36531485486234067 0.8812836482552261 0.29980691809040366
vn -0.3341698948862811 0.8812836869915989 0.33416993340841683
vn -0.2998059817000606 0.8812839006440754 0.3653150144771315
vn -0.2625549979190622 0.8812839637009618 0.39294204202559335
vn -0.22277595536080164 0.8812838192547707 0.4167849609004703
vn -0.18085097428729585 0.8812838193657234 0.4366139654471655
vn -0.13718498584836833 0.8812837937312971 0.45223794020886354
vn -0.09219737873626932 0.8812837185544948 0.46350690476509904
vn -0.04632178977070187 0.8812837224911829 0.47031190954995233
vn -9.150726292818573e-8 0.8812835846037197 0.47258781565758745
vn 0.04632138830263186 0.8812837389153395 0.4703119183149802
vn 0.09219678036914544 0.8812837675897073 0.4635069305549316
vn 0.13718398466016346 0.8812839183693604 0.4522380010307701
vn 0.18085097428729585 0.8812838193657234 0.4366139654471655
vn 0.22277595536080164 0.8812838192547707 0.4167849609004703
vn 0.2625548975427068 0.8812836288581928 0.3929428600736676
vn 0.299805857289884 0.8812835873327344 0.3653158724071873
vn 0.3341688849349864 0.8812836957674159 0.33417092021274497
vn 0.36531485486234067 0.8812836482552261 0.29980691809040366
vn 0.3929409346287778 0.8812838591821435 0.2625570060731391
vn 0.41678399511359837 0.881284002787021 0.22277703617930145
vn 0.43661294914012416 0.8812839021884872 0.1808530242672116
vn 0.45223784071961826 0.881283687166661 0.13718599839339296
vn 0.46350679284769963 0.8812836489596092 0.0921986066081056
vn 0.4703118167672536 0.8812836914335639 0.046323322660582845
vn 0.4725877771347384 0.881283605259774 0.0000017837014266861128
vn 0.4703119114572572 0.8812838283521215 -0.046319756329773566
vn 0.46350694935776693 0.881283906755091 -0.09219535558552013
vn 0.4522388335059784 0.8812836592255274 -0.13718290509832715
vn 0.4366149046882967 0.8812837757689566 -0.18084891918516147
vn 0.41678592041259604 0.8812838779926355 -0.2227739278642964
vn 0.392942933620994 0.8812838871517501 -0.26255392048878046
vn 0.3653167970889686 0.8812835675004707 -0.29980478885151324
vn 0.33417189496856214 0.8812837249787442 -0.33416783313285786
vn 0.2998078823598663 0.8812837341049269 -0.3653138563988083
vn 0.2625579060817991 0.8812836581912967 -0.39294078403610255
vn 0.22277891101404843 0.8812836385936432 -0.4167837630649055
vn 0.18085394399364865 0.8812837596473596 -0.436612855884658
vn 0.13718798213909875 0.8812838641860831 -0.45223689398571637
vn 0.0922002969447526 0.8812839263780886 -0.4635059291432196
vn 0.046324083357121675 0.8812836813186882 -0.470311760795436
vn 8.10493610763566e-7 0.8812836259183717 -0.4725877386131706
vn 9.117208597519514e-7 0.8307619330560625 -0.556627892387835
vn -0.05455918451720952 0.8307617932543504 -0.5539477757457223
vn -0.10859295714386724 0.8307616966608553 -0.545932755034837
vn -0.16158093957916955 0.8307617768778721 -0.5326598070470807
vn -0.21301200275333756 0.8307620845538115 -0.5142569839592047
vn -0.26239294937973967 0.8307618721812335 -0.49090187598514373
vn -0.3092459920132674 0.8307620177232612 -0.46281895632321063
vn -0.3531210117179013 0.83076204578162 -0.4302789494874966
vn -0.3935959153257029 0.8307618874547846 -0.3935948955353537
vn -0.43027898580126034 0.8307620424089377 -0.3531209754041376
vn -0.462818992636973 0.8307620110103717 -0.3092459556995051
vn -0.4909019122988998 0.830761862192789 -0.2623929130659838
vn -0.51425702027297 0.830762071385973 -0.21301196643957251
vn -0.5326599316999976 0.830761891324868 -0.16157994022675615
vn -0.5459328374269249 0.8307617761699981 -0.10859193466301648
vn -0.5539478211791766 0.8307617851022852 -0.054558847353180645
vn -0.5566279287018084 0.8307619087253915 2.805887155823053e-7
vn -0.5539478060922356 0.8307617577065189 0.054559417683602965
vn -0.5459327913485853 0.8307616680506248 0.10859299345761506
vn -0.5326598320198414 0.830761755090724 0.1615809692729137
vn -0.5142569316120429 0.8307618636949348 0.21301299049373823
vn -0.4909019122988998 0.8307618392536676 0.26239298569349506
vn -0.4628189926369731 0.8307619839752273 0.3092460283270293
vn -0.43027898580126034 0.8307620115381167 0.35312104803166433
vn -0.39359493184911054 0.8307618530455781 0.3935959516394591
vn -0.353120863483907 0.8307616418578717 0.4302798510155839
vn -0.309245853541273 0.8307615883435399 0.46281981958473717
vn -0.2623920217891671 0.8307620559101438 0.4909020608648374
vn -0.21301200275333756 0.8307620395960327 0.5142570565867345
vn -0.16157997654051345 0.8307618609786762 0.5326599680137544
vn -0.10859295714386724 0.8307616489338925 0.5459328276623328
vn -0.054559284800631595 0.8307617402677024 0.5539478453333148
vn -1.2183998865342458e-7 0.83076188439444 0.5566279650155787
vn 0.054558686814275524 0.8307617674526653 0.5539478634601143
vn 0.10859197097676877 0.8307617475598086 0.5459328737406767
vn 0.16157997654051345 0.8307618609786762 0.5326599680137544
vn 0.21301200275333756 0.8307620395960327 0.5142570565867345
vn 0.2623920217891671 0.8307620559101438 0.4909020608648374
vn 0.3092449470817395 0.8307618530823735 0.4628199500535309
vn 0.3531199708307603 0.830761943213451 0.43028000175315345
vn 0.39359493184911054 0.8307618530455781 0.3935959516394591
vn 0.43027883959143215 0.8307617189244048 0.3531219145983709
vn 0.46281807203441067 0.8307621151622991 0.30924705367943905
vn 0.49090099825617806 0.830762043871265 0.2623940479011028
vn 0.5142568142213694 0.8307616878188603 0.21301395982246515
vn 0.5326590113768485 0.8307620746712797 0.16158203144814498
vn 0.5459319959173283 0.8307620539796275 0.10859403989755884
vn 0.5539477714486485 0.8307616759315405 0.054561014566208696
vn 0.5566279287006277 0.8307619087235493 0.000002110563534471262
vn 0.5539478954100538 0.8307618666419698 -0.05455685203823863
vn 0.5459328970561049 0.8307618669094006 -0.10859094069550862
vn 0.5326608269271791 0.8307617143161964 -0.1615778991188709
vn 0.5142579946612357 0.830761985639273 -0.21300994846179594
vn 0.4909030320619539 0.8307621295112152 -0.2623899717641111
vn 0.4628208386061506 0.8307617632964736 -0.3092438584619483
vn 0.43028094364800085 0.830761905617184 -0.3531189115704386
vn 0.39359791207886635 0.8307618874497537 -0.39359289877750586
vn 0.35312394165881267 0.8307618783696774 -0.4302768681616863
vn 0.30924795504227637 0.8307618879719955 -0.4628178775667335
vn 0.2623958874380586 0.8307616293453872 -0.49090071650282907
vn 0.21301498638119992 0.8307619785886765 -0.5142559192740951
vn 0.16158395161613273 0.8307618297694846 -0.5326588108519124
vn 0.10859597591757073 0.8307618853338751 -0.5459318674441125
vn 0.05456187686547847 0.8307616524990766 -0.5539477216578472
vn 9.117208597519514e-7 0.8307619330560625 -0.556627892387835
vn 0.000001086709864594819 0.7722589101397233 -0.6353079377031472
vn -0.06227122657666172 0.7722593407308943 -0.6322482147025191
vn -0.12394205572473359 0.7722593411159214 -0.6231002141565432
vn -0.1844200897592874 0.7722593638516304 -0.607951236068035
vn -0.24312197603802613 0.7722589330097233 -0.5869479066783094
vn -0.29948208506260804 0.772259262490023 -0.5602910959714766
vn -0.3529580190620398 0.7722591294474626 -0.5282390308987477
vn -0.4030351305431664 0.7722592525775047 -0.4910991044142582
vn -0.44923099235668973 0.772259005601689 -0.4492299453212285
vn -0.49109913817078343 0.7722592487281045 -0.4030350967866413
vn -0.5282390646552675 0.7722591217856843 -0.3529579853055201
vn -0.5602911297280022 0.772259251089697 -0.2994820513060827
vn -0.5869479212177239 0.7722589334825881 -0.2431219394347782
vn -0.6079519187116998 0.7722588599093549 -0.18441994964283576
vn -0.6231002479130721 0.7722593192970229 -0.12394202196820504
vn -0.6322482681124725 0.77225933982205 -0.062270695566943375
vn -0.63530732355376 0.7722594153772702 3.387256868296593e-7
vn -0.6322482405389673 0.7722593006984949 0.06227146071878996
vn -0.6231001641790698 0.7722592189514803 0.1239430681581894
vn -0.6079512698245649 0.7722593292159765 0.18442012351581671
vn -0.586947921217724 0.7722589122281892 0.24312200694780095
vn -0.5602911297280023 0.7722592249081404 0.299482118819133
vn -0.5282388906156291 0.7722587998856317 0.3529589500782962
vn -0.49109913817078343 0.7722592134936525 0.40303516429969094
vn -0.449229979077743 0.7722589663287106 0.4492310261132035
vn -0.40303408027815685 0.7722591337745639 0.4911001531623672
vn -0.35295801906203966 0.7722590832673343 0.5282390984117863
vn -0.29948208506260804 0.7722592135078142 0.5602911634845268
vn -0.24312103932334123 0.7722590915937931 0.5869480860255596
vn -0.18441998339934415 0.7722588252736772 0.6079519524682077
vn -0.12394303440166496 0.772259197132628 0.6231001979355938
vn -0.0622713267694628 0.7722592806210088 0.6322482782555385
vn -1.2127406072279702e-7 0.7722593876071473 0.6353073573103174
vn 0.062270629130660546 0.7722593143005979 0.6322483058290009
vn 0.12394205572473359 0.772259286642765 0.6231002816696001
vn 0.1844190004447127 0.7722590034790543 0.6079520242753628
vn 0.24312103932334123 0.7722590915937931 0.5869480860255596
vn 0.29948101018103124 0.7722589871822688 0.5602920499678409
vn 0.3529571902278576 0.7722593340059922 0.5282392856528919
vn 0.40303408027815685 0.7722591337745639 0.4911001531623672
vn 0.4492291944205389 0.7722593071150606 0.44923122493259554
vn 0.49109819133774435 0.7722592838561353 0.40303618319302964
vn 0.5282381415266859 0.7722592272602252 0.3529591360878373
vn 0.5602902998250777 0.7722594100099672 0.2994831941411437
vn 0.5869471422058696 0.772259164002904 0.2431230878997281
vn 0.6079510159424342 0.7722590711544991 0.18442204107468466
vn 0.623100072662989 0.7722591340646149 0.12394405714333022
vn 0.632248163314581 0.7722592195721459 0.06227325084784623
vn 0.635307971458325 0.7722588823678076 0.000002352236324464484
vn 0.6322489559603622 0.7722589487168674 -0.06226856200163024
vn 0.623100994888973 0.7722590463189432 -0.12393996751221237
vn 0.6079522460680085 0.77225929829354 -0.18441703473386836
vn 0.5869489935993409 0.7722590520313963 -0.24311897389609477
vn 0.5602930307539219 0.7722590635611591 -0.2994789782876696
vn 0.5282410459510009 0.772259115219428 -0.3529550344351226
vn 0.49110125407153643 0.7722594274413165 -0.4030321761067897
vn 0.4492329891095612 0.7722590055969603 -0.449227948562957
vn 0.4030380262565144 0.7722590831299686 -0.4910969944059052
vn 0.3529610567691425 0.7722591191864441 -0.5282370161563725
vn 0.2994851585186181 0.7722594087862215 -0.5602892515194574
vn 0.2431250801353776 0.7722592703667932 -0.5869461770398666
vn 0.18442404743652735 0.7722592789903667 -0.6079501433015772
vn 0.12394599378122984 0.7722589629243606 -0.6230998995414575
vn 0.062274212255378034 0.772259183263304 -0.6322481129694789
vn 0.000001086709864594819 0.7722589101397233 -0.6353079377031472
vn 0.0000012659397530506711 0.7063409252299513 -0.7078718085527165
vn -0.0693837091960867 0.7063411040870842 -0.704463019309908
vn -0.13809901431853944 0.7063411159124867 -0.6942700412777083
vn -0.20548402670584434 0.7063410970606965 -0.6773910018385566
vn -0.2708910303803896 0.7063410898524685 -0.6539880078758923
vn -0.3336880712290082 0.7063412150917746 -0.6242870805824353
vn -0.3932728714266358 0.70634081205804 -0.5885737896143842
vn -0.44906907677455327 0.7063411746915718 -0.5471920222556073
vn -0.5005409188060579 0.7063409998790404 -0.5005408879309111
vn -0.5471920531307615 0.70634117040248 -0.44906904589939906
vn -0.5885740313937298 0.7063410804508802 -0.39327202752854934
vn -0.6242871114575912 0.7063412023892864 -0.3336880403538524
vn -0.6539880387510428 0.7063410731067655 -0.2708909995052394
vn -0.6773910327137074 0.706341076432985 -0.20548399583069393
vn -0.6942700721528601 0.7063410916014765 -0.13809898344338833
vn -0.7044630749486255 0.7063411011564444 -0.06938317412045095
vn -0.7078718394283815 0.7063408942883939 3.894290381454848e-7
vn -0.704463035618172 0.7063410556554325 0.06938403665973174
vn -0.6942699762137978 0.7063409829576387 0.13810002144289893
vn -0.6773908945716025 0.7063409195177118 0.2054849906108897
vn -0.6539880387510428 0.7063410494247183 0.27089106125553936
vn -0.6242869212162577 0.7063409218693552 0.3336889900657131
vn -0.5885731633239943 0.706341184555091 0.39327313970839384
vn -0.5471920531307614 0.7063411311436124 0.4490691076497067
vn -0.5005402052417637 0.7063412916282044 0.5005411897911429
vn -0.44906804751295526 0.7063410293821102 0.5471930545194478
vn -0.39327205840369966 0.7063410375330222 0.5885740622688793
vn -0.3336880712290082 0.7063411605148591 0.6242871423327462
vn -0.27089008079533905 0.7063412221555321 0.6539882583124287
vn -0.20548402670584434 0.7063410378412885 0.677391063588857
vn -0.1380990143185395 0.7063410552174663 0.6942701030280105
vn -0.06938390197861072 0.7063410330072543 0.704463071591739
vn -1.2011297358567645e-7 0.7063408633463875 0.707871870303564
vn 0.06938310860432749 0.7063410720773592 0.7044631105579676
vn 0.13809802654026024 0.7063411524247857 0.6942702006113408
vn 0.20548306245611772 0.706341180302495 0.6773912075400251
vn 0.27088991695702336 0.7063407662626198 0.653988818563859
vn 0.3336878475989453 0.7063407115015291 0.6242877698948592
vn 0.3932711646404655 0.7063413361065517 0.5885743011460347
vn 0.44906804751295526 0.7063410293821102 0.5471930545194478
vn 0.5005399501978531 0.7063409350462595 0.5005419480262432
vn 0.5471911360142451 0.7063411783340728 0.449070150930869
vn 0.5885729061842101 0.7063409355956666 0.39327397168858197
vn 0.6242860771283338 0.7063411494001184 0.33369008760800145
vn 0.6539871129824101 0.7063411343973015 0.2708930746831043
vn 0.6773902114346606 0.7063412510323515 0.2054861030399824
vn 0.6942698802740713 0.706340886386125 0.13810099769187112
vn 0.7044629427509731 0.7063409626994765 0.06938592583093436
vn 0.7078718394261111 0.7063408942860322 0.0000025889146694845774
vn 0.7044631925786203 0.706341218623225 -0.06938078390876684
vn 0.6942708818906275 0.7063408886665018 -0.13809595054391224
vn 0.677392000426014 0.7063410314661556 -0.20548096025221096
vn 0.6539891597793382 0.7063411799386383 -0.27088801452631167
vn 0.6242887369706792 0.7063408034720099 -0.33368584363450293
vn 0.5885758417379647 0.706340797149424 -0.3932698269696806
vn 0.5471941976520236 0.7063413476081698 -0.4490661540519758
vn 0.5005439437049362 0.7063409787991349 -0.5005378927607677
vn 0.4490719399381804 0.7063409865161142 -0.5471899154110954
vn 0.39327503299201494 0.7063410788511401 -0.5885720251188779
vn 0.33369205626551396 0.7063411410277852 -0.6242850343207494
vn 0.2708949097099471 0.7063408049388401 -0.6539867087117224
vn 0.20548798103935229 0.706341005229658 -0.6773898980495111
vn 0.13810302037722016 0.7063412230836764 -0.6942691353757168
vn 0.06938708714400807 0.7063409378922874 -0.7044628532400511
vn 0.0000012659397530506711 0.7063409252299513 -0.7078718085527165
vn 0.00000140478961163249 0.6336427803947203 -0.7736257666673692
vn -0.07582866443677455 0.6336427107555194 -0.7699005966721497
vn -0.15092696925452992 0.6336427916875005 -0.7587607412709972
vn -0.22457191267457122 0.6336427211380219 -0.7403136889092947
vn -0.2960539480451958 0.6336428837057132 -0.7147368437235907
vn -0.3646849159252202 0.6336428335461441 -0.6822768291479848
vn -0.42980391658847816 0.6336429089432698 -0.6432458761866381
vn -0.49078289419706167 0.6336428284651727 -0.598020832996821
vn -0.5470359459876053 0.6336429419616796 -0.5470359182901918
vn -0.5980208606942294 0.633642823777652 -0.49078286649965336
vn -0.6432467625779552 0.6336427446666197 -0.42980283219673276
vn -0.6822768568453934 0.6336428196637587 -0.36468488822781187
vn -0.7147368734042713 0.6336428536372668 -0.29605394074510794
vn -0.7403138720899474 0.633642857439129 -0.2245709242256546
vn -0.7587607689684039 0.6336427651182399 -0.15092694155712374
vn -0.7699006426193709 0.6336427059854965 -0.07582823778551973
vn -0.7736257943654881 0.6336427465790291 3.8930329242934126e-7
vn -0.7699005952265427 0.6336426498022498 0.07582918845272124
vn -0.758760636127793 0.6336426809355487 0.1509279628158994
vn -0.7403137166066983 0.6336426789615294 0.22457194037197406
vn -0.7147368734042713 0.6336428277554056 0.29605399613992717
vn -0.6822768568453934 0.6336427877819891 0.3646849436226279
vn -0.6432459038840501 0.63364286203877 0.4298039442858892
vn -0.5980208606942294 0.6336427808720465 0.49078292189446926
vn -0.5470356470709986 0.6336425354755535 0.5470366880472696
vn -0.490782116508712 0.6336431128110205 0.5980211699450022
vn -0.4298028598941377 0.6336426977621287 0.6432467902753592
vn -0.3646840263460957 0.633643020120585 0.6822771313626627
vn -0.29605303037077596 0.6336430174811756 0.7147371052391438
vn -0.22457095192306467 0.6336428152626715 0.7403138997873566
vn -0.15092696925452992 0.6336427253545238 0.7587607966658094
vn -0.07582886444574734 0.6336426337829892 0.7699006403227788
vn -5.9474582703902876e-8 0.633642712762826 0.7736258220629424
vn 0.07582806547394003 0.6336426786831102 0.7699006820608569
vn 0.1509259753924675 0.6336428635223087 0.7587608789724737
vn 0.22457095192306467 0.6336428152626715 0.7403138997873566
vn 0.2960528047974548 0.6336425639553919 0.7147376007428161
vn 0.3646837798094024 0.6336425966054611 0.6822776564647388
vn 0.42980204031868613 0.6336429737999514 0.6432470659799768
vn 0.4907818275882605 0.6336427073309655 0.5980218366877681
vn 0.5470349294370861 0.6336428997853749 0.5470369836924591
vn 0.5980199350543571 0.633642866630528 0.4907839390667032
vn 0.643245018061854 0.6336429893723226 0.42980508228487935
vn 0.6822758184229336 0.6336427644306641 0.364686926938685
vn 0.714735949113071 0.6336429269347085 0.2960560152928042
vn 0.7403129161997827 0.6336428869260664 0.22457399216243618
vn 0.7587600833549796 0.6336430845298708 0.1509290473521098
vn 0.7699001012935641 0.6336429933598026 0.07583133253602493
vn 0.7736257943623573 0.6336427465763553 0.0000028955665947346774
vn 0.7699007843591704 0.6336428542866008 -0.07582555937587017
vn 0.7587610866343276 0.6336430893736663 -0.15092398317858663
vn 0.740314654009119 0.6336426760784415 -0.2245688582851808
vn 0.7147379998446303 0.6336429742474842 -0.2960509631210466
vn 0.6822786671843075 0.6336426657156358 -0.3646817687929962
vn 0.6432487478500793 0.6336427627117914 -0.4297998344023336
vn 0.59802301797167 0.6336430112370158 -0.49077999580926535
vn 0.5470389229440633 0.633642947603715 -0.5470329347820613
vn 0.4907860403943093 0.6336430502946062 -0.5980180159221143
vn 0.4298069143749129 0.6336428908865999 -0.6432438909032784
vn 0.36468888532098714 0.6336427838221929 -0.6822747536245184
vn 0.2960580271442783 0.6336430585267737 -0.7147349991040547
vn 0.2245760403120024 0.6336431384157751 -0.740312079636952
vn 0.1509319634695255 0.6336428014535852 -0.7587597396866061
vn 0.07583249990017764 0.6336429955295062 -0.7698999845273955
vn 0.00000140478961163249 0.6336427803947203 -0.7736257666673692
vn 0.000001489549602887974 0.5548628876485083 -0.8319418104099228
vn -0.08154477702006986 0.5548628779424897 -0.8279357680533708
vn -0.1623040326368843 0.5548630928902547 -0.8159560951044277
vn -0.2414999273176476 0.5548628498401075 -0.7961187116083162
vn -0.31837002375416873 0.5548630335878114 -0.7686140396405083
vn -0.39217496509744865 0.5548629743485345 -0.7337069418016382
vn -0.4622021175830241 0.5548631085152012 -0.6917341493020395
vn -0.5277783067074842 0.5548633399900242 -0.6430993180715523
vn -0.5882720808031964 0.554863107865023 -0.5882711028750653
vn -0.6430999621265459 0.5548629382121057 -0.5277779443207763
vn -0.6917341735558767 0.554863098482036 -0.46220209332918716
vn -0.7337072434407126 0.5548631677019775 -0.39217412720672734
vn -0.7686140638943424 0.5548630139070185 -0.3183699995003353
vn -0.7961189291743904 0.5548629549109404 -0.24149896868873272
vn -0.8159562624585537 0.5548631401690736 -0.16230302965866913
vn -0.8279358330514506 0.5548628726225018 -0.08154415328217005
vn -0.8319418346645974 0.5548628512837204 4.513677116195923e-7
vn -0.8279357586049384 0.5548628156013564 0.08154529714336951
vn -0.8159561193582642 0.5548630501291434 0.16230405689071997
vn -0.7961183907169809 0.5548632123542148 0.24150015225288404
vn -0.7686138067036116 0.5548628367372561 0.31837092918868753
vn -0.7337069660554696 0.5548629251346697 0.3921749893512791
vn -0.6917338403498909 0.5548628392460371 0.4622029032130999
vn -0.643099031134019 0.5548629794246536 0.5277790354101635
vn -0.5882711271289025 0.5548630564366834 0.5882721050570328
vn -0.5277779685746062 0.5548628870314032 0.6430999863803748
vn -0.4622017990530005 0.5548627015730481 0.6917346885585749
vn -0.39217415146056744 0.5548631184881361 0.733707267694552
vn -0.31837002375416873 0.5548629663934324 0.7686140881481749
vn -0.24149899294256374 0.5548629095552182 0.7961189534282207
vn -0.1623040326368843 0.5548630215571015 0.8159561436120991
vn -0.08154497684807425 0.5548627964600543 0.8279358029795398
vn -1.3087097140908203e-7 0.5548628149184505 0.8319418589184923
vn 0.08154408940360959 0.5548628504482152 0.8279358542035837
vn 0.16230305391250838 0.5548630974079986 0.8159562867123921
vn 0.24149899294256374 0.5548629095552182 0.7961189534282207
vn 0.3183691303771442 0.5548631464144105 0.7686143282388128
vn 0.39217382273799695 0.5548627174256187 0.7337077467017261
vn 0.462200990804991 0.5548629356875125 0.6917350408206309
vn 0.527776913853248 0.5548628434621052 0.6431008895567545
vn 0.5882701138487929 0.5548630564355332 0.5882731183347975
vn 0.6430986849886124 0.554862691308415 0.5277797600892817
vn 0.691732997336814 0.5548629515985942 0.46220402998970445
vn 0.7337059236996363 0.5548629031452385 0.39217697056469425
vn 0.7686128878067341 0.5548629214476934 0.3183729999543354
vn 0.7961180040899475 0.5548629537242759 0.2415020210023312
vn 0.8159558441669491 0.554862886841182 0.1623059985831435
vn 0.8279353172071203 0.5548631570340574 0.08154745543144794
vn 0.8319418346606378 0.554862851280962 0.0000031389730157461704
vn 0.8279360382976798 0.5548629892593809 -0.08154127567120287
vn 0.8159569870065747 0.554862967673924 -0.162299976769063
vn 0.7961196740384849 0.5548627967327648 -0.2414968766066157
vn 0.7686151995104614 0.5548631187981656 -0.3183670750549851
vn 0.7337090093402187 0.5548630316738206 -0.39217101587793524
vn 0.6917366524439396 0.5548627690069544 -0.462198778920485
vn 0.6431021626664886 0.5548631128569845 -0.5277750793324204
vn 0.5882751206328666 0.5548631078581543 -0.5882680630311123
vn 0.5277818963657124 0.5548628772189792 -0.6430967713749529
vn 0.4622058938865153 0.5548628955596119 -0.6917317968604382
vn 0.39217893242471663 0.5548629198635178 -0.7337048624090897
vn 0.3183749905118876 0.5548630080940115 -0.7686120007295103
vn 0.2415050091692623 0.5548630299314478 -0.7961170445113256
vn 0.1623090417243305 0.5548631007447898 -0.8159550933761042
vn 0.08154862608847692 0.5548631563586675 -0.8279352023550989
vn 0.000001489549602887974 0.5548628876485083 -0.8319418104099228
vn 0.0000015873904821206656 0.47076018306915773 -0.882261214173089
vn -0.08647689646358585 0.4707600086819586 -0.8780129615237968
vn -0.1721208982200333 0.47076076868363154 -0.865308439265633
vn -0.256107090779286 0.4707602014825188 -0.8442712779389745
vn -0.3376270040254885 0.4707600559692424 -0.8151030461583422
vn -0.4158950129960397 0.4707600454432943 -0.7780850324863288
vn -0.49015818576633186 0.47076021576840676 -0.7335732902552692
vn -0.5597009936728089 0.4707599908843405 -0.6819969418291009
vn -0.6238529800917715 0.4707599644574615 -0.6238529595141995
vn -0.681997349733079 0.47076023311628934 -0.5597002929009001
vn -0.7335737556332748 0.4707598651918544 -0.4901578259812236
vn -0.7780850530639043 0.47076002961146407 -0.4158949924184648
vn -0.815103066735918 0.4707600350980997 -0.33762698344791314
vn -0.8442712985165566 0.4707601757730434 -0.25610707020170437
vn -0.8653090347320569 0.4707600089923359 -0.17211998240939952
vn -0.8780130373853 0.47075999941287955 -0.08647617668598333
vn -0.8822612347516764 0.47076014450480785 5.096467373313054e-7
vn -0.8780129341712402 0.4707599451354956 0.08647752010803009
vn -0.8653088791348031 0.4707599197936469 0.17212100861414265
vn -0.8442712985165566 0.47076015338344934 0.25610711135686715
vn -0.815103066735918 0.47076000558180814 0.3376270246030633
vn -0.7780847153708741 0.47075980295743375 0.4158958807510648
vn -0.7335729638614504 0.47075990934320805 0.4901589685466356
vn -0.681996962406674 0.47075993660799625 0.5597010142503809
vn -0.6238523573607476 0.47076021760780823 0.6238533912172692
vn -0.5596999085595316 0.47075986137124 0.6819979217564983
vn -0.49015784655879135 0.4707598117008445 0.7335737762108416
vn -0.4158950129960397 0.47075997742093506 0.7780850736414783
vn -0.33762612784048285 0.4707601469074351 0.8151033565647563
vn -0.25610615021391303 0.4707602411770641 0.8442715411225946
vn -0.17212098803657172 0.4707598894934402 0.8653088997123733
vn -0.08647709612488139 0.47075992373418685 0.8780129874048508
vn -2.4869906918827113e-7 0.47076010594000556 0.8822612553293344
vn 0.08647630487450089 0.4707599561885054 0.8780130479353075
vn 0.17212000298697389 0.47075996364487 0.8653090553096303
vn 0.2561059246637857 0.4707598226199478 0.8442718429267568
vn 0.33762612784048285 0.4707601469074351 0.8151033565647563
vn 0.41589421070509586 0.47076019265335534 0.7780853722535602
vn 0.49015709689886877 0.47076004569960483 0.7335741269514479
vn 0.5596991998555395 0.47076015543353983 0.6819983003917666
vn 0.6238519857142245 0.4707599388083763 0.6238539732449835
vn 0.6819960463849318 0.47076002220292174 0.5597020584300425
vn 0.7335721263027123 0.4707600479212683 0.49016008894327856
vn 0.7780839915237918 0.4707599765733578 0.41589703844948855
vn 0.81510215789069 0.470760091077249 0.33762909953213616
vn 0.844270360755112 0.4707601886256831 0.256110137939802
vn 0.8653083250035555 0.4707601757658948 0.17212309430290013
vn 0.878012547435095 0.4707602530428118 0.08647977047612312
vn 0.8822612347473489 0.47076014450238163 0.0000031905984770694337
vn 0.8780132553539989 0.4707601396154578 -0.0864732003103183
vn 0.8653094895629193 0.4707602380633536 -0.172117069260706
vn 0.8442724559553185 0.4707602458569457 -0.25610312578311695
vn 0.8151048472742439 0.4707598863184984 -0.33762289226802433
vn 0.7780871370518128 0.4707600879003106 -0.4158910275476083
vn 0.7335761246809915 0.470760093895734 -0.49015406077405727
vn 0.6820001154645831 0.47076010061436563 -0.559697034274658
vn 0.623855979220191 0.4707599933434394 -0.6238499385737738
vn 0.5597041625696512 0.4707601779835706 -0.6819942120187549
vn 0.49016195096267906 0.47075998705386396 -0.7335709211913365
vn 0.41590011090747436 0.4707601665933285 -0.7780822342761542
vn 0.33763199725885673 0.4707600190160378 -0.8151009992160574
vn 0.2561119907170336 0.4707599906020558 -0.8442699091281829
vn 0.17212598295109663 0.470759973415861 -0.8653078604881714
vn 0.08648106749378835 0.4707598228199004 -0.8780126503551704
vn 0.0000015873904821206656 0.47076018306915773 -0.882261214173089
vn 0.0000016376202191704444 0.38214308833901606 -0.9241031652537703
vn -0.09057805028820211 0.3821427962656718 -0.9196534673822748
vn -0.1802839569468421 0.38214295835119505 -0.9063467626963678
vn -0.26825292796684114 0.3821429243778637 -0.8843116826013049
vn -0.35363901422808286 0.38214303637365016 -0.853760005719943
vn -0.4356191304096099 0.3821431621098284 -0.8149862433648049
vn -0.5134047219905024 0.38214278227980897 -0.7683635112297442
vn -0.5862451277625499 0.3821431167985769 -0.7143411569118364
vn -0.6534396962178507 0.3821428380115889 -0.6534396795138566
vn -0.7143416550781119 0.38214284545263416 -0.5862446976217592
vn -0.7683639275879888 0.38214297085077303 -0.5134039585072412
vn -0.8149862600688129 0.38214314552716355 -0.435619113705602
vn -0.8537600224239456 0.3821430145126655 -0.3536389975240807
vn -0.8843117135240032 0.3821428697461539 -0.2682529038545816
vn -0.9063469468298225 0.3821429860897664 -0.18028297244791378
vn -0.919653539244378 0.3821427930151189 -0.09057733437175959
vn -0.9241031819589043 0.3821430479456267 5.046581020856266e-7
vn -0.9196532643745202 0.382143097775468 0.09057883940445423
vn -0.9063467794003669 0.38214291085305463 0.1802839736508403
vn -0.8843117135240032 0.38214284629473755 0.26825293726257293
vn -0.8537600224239456 0.3821429835965594 0.35363903093208443
vn -0.8149858992603423 0.38214292528479554 0.43561998193562085
vn -0.7683631205948598 0.3821430293538433 0.5134051227110971
vn -0.7143411736158426 0.3821430599481412 0.5862451444665551
vn -0.6534391182493818 0.3821430248214042 0.6534401482322755
vn -0.5862440558695547 0.3821430251922621 0.7143420855966142
vn -0.5134039752112413 0.3821429148229157 0.7683639442919878
vn -0.4356187894140385 0.3821427776264417 0.8149866059128799
vn -0.35363901422808275 0.38214296173557466 0.8537600391279466
vn -0.26825292796684114 0.38214284706887564 0.8843117160092988
vn -0.18028395694684204 0.382142879115839 0.9063467961043644
vn -0.09057832760717059 0.3821430788143819 0.9196533226614001
vn -2.4635702594684535e-7 0.38214300755184677 0.9241031986629895
vn 0.09057755059099618 0.38214274189347097 0.9196535391912953
vn 0.18028298915191487 0.3821429385916609 0.9063469635338228
vn 0.26825197719581884 0.38214294061171006 0.8843119639986609
vn 0.35363781542365225 0.38214277566912014 0.8537606189713177
vn 0.4356179836996936 0.3821429293739304 0.8149869654214875
vn 0.5134032136055788 0.38214311874171486 0.7683643517614673
vn 0.5862436241476506 0.3821427177241098 0.7143426043829807
vn 0.65343810496915 0.3821430248205752 0.6534411615098236
vn 0.7143402160515807 0.382143117471781 0.5862462737624263
vn 0.7683623292972968 0.38214314022995943 0.5134062244383274
vn 0.8149852109150438 0.38214309062247936 0.43562112469353587
vn 0.8537588440534488 0.3821429034548781 0.3536419623568368
vn 0.8843107773687493 0.38214288771255583 0.26825596433292437
vn 0.9063462765820055 0.38214311318596744 0.18028607259151175
vn 0.9196530697243629 0.3821430265554732 0.09058111614226878
vn 0.9241031819540072 0.38214304794347903 0.000003308614341932324
vn 0.9196537917196187 0.382142913030367 -0.09057426453686192
vn 0.906347625275372 0.38214282155777773 -0.18027991038813554
vn 0.8843126484450047 0.3821428358847524 -0.26824987005055734
vn 0.8537617690650233 0.382142906530919 -0.3536348974169029
vn 0.8149880084453002 0.3821430058191433 -0.43561596526513297
vn 0.768365940254067 0.38214299390212886 -0.5134009291664763
vn 0.7143447752135161 0.38214291404385853 -0.5862408509914838
vn 0.6534431117525241 0.38214308194223506 -0.6534361213055707
vn 0.5862490143010368 0.3821430561194793 -0.714337999752727
vn 0.5134081001316381 0.3821430957221985 -0.7683610981244927
vn 0.43562390120195427 0.3821429258148655 -0.8149838041036424
vn 0.35364400672519714 0.3821430209285684 -0.8537579446558237
vn 0.26825802392701353 0.38214307305214523 -0.8843100724955227
vn 0.18028992218825884 0.3821428457020805 -0.9063456236094857
vn 0.09058269277387156 0.38214300651724237 -0.9196529227593403
vn 0.0000016376202191704444 0.38214308833901606 -0.9241031652537703
vn 0.000001460480159367179 0.28986006686724375 -0.957069037025848
vn -0.09380938516299446 0.28985899136647464 -0.9524607941429142
vn -0.18671510097876126 0.28985920094413387 -0.9386794525792708
vn -0.27782296915256205 0.2898600180918135 -0.9158578316109265
vn -0.36625476208590607 0.28985985840481887 -0.8842164394168064
vn -0.4511588552262936 0.2898599707579945 -0.8440597637034211
vn -0.5317189925115593 0.2898600277580667 -0.7957738857933109
vn -0.6071588987236094 0.2898599826025448 -0.7398238048254372
vn -0.6767500162778696 0.2898600491356171 -0.6767500036076846
vn -0.7398247642797608 0.2898599443016665 -0.6071577479105665
vn -0.7957738984634949 0.2898600162158596 -0.5317189798413755
vn -0.8440597763736024 0.28985995358374894 -0.4511588425561125
vn -0.8842167664421966 0.2898599603271236 -0.36625389191333413
vn -0.9158581132727597 0.2898600515568606 -0.27782200572293625
vn -0.93867919700359 0.289860071339472 -0.1867150346270268
vn -0.9524605881379427 0.28985990704009845 -0.09380864744057346
vn -0.9570690496969415 0.2898600250326786 4.983052012688643e-7
vn -0.9524604783614409 0.2898598421050408 0.09380996266034942
vn -0.938679021182284 0.28986000773241344 0.18671601728195375
vn -0.9158578442811101 0.2898599659143654 0.27782298182274456
vn -0.8842162381661249 0.289860060457253 0.3662550880398307
vn -0.8440590948624287 0.2898600151373707 0.45116007802617153
vn -0.7957731581963434 0.28986002831707564 0.5317200811312673
vn -0.7398238174956192 0.28985992372405733 0.6071589113937904
vn -0.6767495530649231 0.2898597871913788 0.6767505790140085
vn -0.607157760580747 0.28985988542318725 0.7398247769499403
vn -0.5317189925115593 0.28985995818929944 0.7957739111336776
vn -0.4511588552262936 0.2898598969679415 0.8440597890437825
vn -0.36625390458351564 0.28985990566731173 0.8842167791123772
vn -0.2778220236233333 0.28986000612761276 0.9158581222206509
vn -0.1867150472972133 0.28986002214692463 0.9386792096737755
vn -0.0938095771733613 0.2898589028322954 0.9524608021747736
vn -3.6660703518132563e-7 0.2898599831978955 0.9570690623671739
vn 0.09380866011075292 0.2898598613062147 0.9524606008081212
vn 0.18671406586332923 0.28986009159209863 0.9386793834483659
vn 0.2778211131318582 0.2898601082034921 0.915858366108229
vn 0.3662530051372635 0.28985999081911223 0.8842171237599211
vn 0.4511581875432663 0.2898591037223109 0.8440604183362548
vn 0.5317178363065348 0.2898598856557151 0.7957747101040301
vn 0.6071566920873467 0.2898598279144063 0.7398256763690902
vn 0.6767490038363879 0.28985998605796526 0.6767510430645325
vn 0.7398229450542604 0.2898599684496646 0.6071599531108756
vn 0.7957723523486451 0.2898601281478323 0.5317212327410166
vn 0.8440584159069894 0.2898601561459214 0.45116125766254084
vn 0.8842155834459456 0.28985984188311115 0.3662568416491952
vn 0.9158571936423239 0.2898600380432864 0.27782505142472547
vn 0.9386786600225456 0.2898599242437262 0.186717962541635
vn 0.95246016343081 0.2898600455757768 0.0938125314452361
vn 0.9570690496914933 0.2898600250309008 0.0000034216405515911327
vn 0.9524608960353947 0.2898599877889238 -0.09380527171997341
vn 0.9386800157011425 0.28986002527137134 -0.18671099023084517
vn 0.9158590311972455 0.2898600293042445 -0.2778190029248997
vn 0.8842182790582022 0.2898601167143801 -0.36625011633810745
vn 0.8440618498886442 0.2898599995115221 -0.45115493374864063
vn 0.795776726892615 0.28985994473875293 -0.5317147857377332
vn 0.7398278949854585 0.2898599928025336 -0.607153909955211
vn 0.6767540106165459 0.28986004521687847 -0.6767460109238099
vn 0.6071620879088889 0.2898600877448291 -0.7398211463175939
vn 0.531723106347121 0.2898600852801953 -0.7957711160490345
vn 0.45116399684943903 0.2898600404004826 -0.8440569915153064
vn 0.36626006348981766 0.28986009412518243 -0.8842141662098469
vn 0.2778280842153209 0.2898601258907439 -0.9158562458376569
vn 0.18672099773853407 0.28986005217685146 -0.9386780167637674
vn 0.09381410324389676 0.2898600537686102 -0.9524600061219379
vn 0.000001460480159367179 0.28986006686724375 -0.957069037025848
vn 0.0000014237094973965845 0.19479694987473994 -0.9808435901393612
vn -0.09613975030908546 0.19479713894992676 -0.9761204961824282
vn -0.19135299207867754 0.19479703518642838 -0.9619969581579325
vn -0.28472393935640516 0.19479699191515965 -0.9386087631692853
vn -0.3753530545254806 0.194797056124218 -0.9061811029720991
vn -0.46236678959753114 0.19479694508601994 -0.8650266481805208
vn -0.5449277200140951 0.19479691211136996 -0.8155415029243546
vn -0.6222410034566036 0.194797022228097 -0.7582019874336822
vn -0.6935611434371792 0.19479705449354792 -0.6935611349223298
vn -0.7582024903851942 0.19479714001597337 -0.6222403537342196
vn -0.815541970057321 0.1947970151399991 -0.5449269840699493
vn -0.8650270421412126 0.19479702463519483 -0.4623660190343792
vn -0.906181445601931 0.1947971151852103 -0.37535219669307174
vn -0.9386090395588443 0.19479701921152306 -0.28472300954564467
vn -0.9619969666727809 0.19479700150050872 -0.19135298356383
vn -0.9761206093686043 0.19479691576324873 -0.09613905332896862
vn -0.9808435986550846 0.19479690700085575 4.930036625977261e-7
vn -0.9761204592911101 0.1947970770059347 0.09614025038066233
vn -0.9619965940680272 0.1947979056111254 0.19135393638761236
vn -0.9386085928341013 0.19479790447871065 0.28472387653425124
vn -0.9061811114869482 0.1947970001065776 0.3753530630403288
vn -0.8650263990977363 0.1947970600800702 0.46236720715051316
vn -0.8155412001706913 0.1947970133924078 0.5449281369112321
vn -0.75820199594853 0.19479696188701398 0.6222410119714504
vn -0.6935606824569039 0.19479688094453132 0.6935616446460947
vn -0.6222399277799091 0.1947969252672027 0.7582028951295935
vn -0.5449269925847972 0.194796955672009 0.8155419785721677
vn -0.46236594462927955 0.19479792067501034 0.865026880130188
vn -0.375352205207924 0.1947970591675924 0.9061814541167822
vn -0.28472393935640516 0.19479690985937057 0.9386087801989764
vn -0.19135299207867754 0.19479695108597825 0.9619969751876274
vn -0.09613994961539364 0.1947970498473756 0.9761204943339263
vn -4.832988020306973e-7 0.19479686412683944 0.980843607169928
vn 0.09613886253745695 0.1947968726606314 0.9761206367614823
vn 0.19135202776938437 0.19479698496300435 0.9619971601402303
vn 0.28472301806049294 0.19479696573797778 0.9386090480736916
vn 0.37535182570516834 0.1947968695666009 0.9061816520691918
vn 0.46236521998048535 0.19479705479557366 0.86502746245155
vn 0.5449262651551213 0.19479707052940323 0.8155424371896616
vn 0.6222392865716554 0.19479704899790887 0.7582033895654277
vn 0.6935596691765274 0.19479688094409878 0.6935626579237065
vn 0.7582011284197776 0.1947969980957129 0.622242057720205
vn 0.8155399868891693 0.19479696362780166 0.544929970497313
vn 0.865025587422198 0.19479688639807838 0.46236879885487037
vn 0.9061802468863877 0.1947970362436119 0.3753551316068968
vn 0.9386076633545484 0.19479791203081218 0.28472693543209265
vn 0.9619961555503093 0.1947980084406462 0.1913560362622073
vn 0.9761200226854635 0.19479800001787687 0.09614281305206966
vn 0.9808435986494956 0.19479690699961785 0.0000034189835539869007
vn 0.9761209469819939 0.19479698627476214 -0.09613548252984098
vn 0.9619977761754438 0.19479696381163855 -0.19134895223979723
vn 0.9386099637860087 0.19479699566790507 -0.28471997885709677
vn 0.9061831768935051 0.19479704127188693 -0.3753480553125504
vn 0.8650291350849918 0.19479705448574627 -0.46236209080956037
vn 0.8155444317909405 0.194797124398073 -0.5449232607450646
vn 0.7582055613855706 0.19479690960370916 -0.6222366838212257
vn 0.6935651369370136 0.1947970544902667 -0.6935571414003735
vn 0.6222449016111622 0.19479698499170148 -0.7581987978472782
vn 0.544931758383342 0.19479793501986353 -0.8155385602270661
vn 0.4623718484017547 0.19479797006816194 -0.8650237133529162
vn 0.37535792540966684 0.19479800226406543 -0.9061788819797557
vn 0.28472993021298687 0.1947979906963502 -0.9386067385553825
vn 0.19135895539946987 0.19479699339056272 -0.9619957804244365
vn 0.09614450626517719 0.1947970545799832 -0.9761200445856996
vn 0.0000014237094973965845 0.19479694987473994 -0.9808435901393612
vn 0.0000016416406293569013 0.09786797793462354 -0.9951994065976392
vn -0.09754671945494438 0.09786806903671426 -0.9904072286623332
vn -0.19415396242173066 0.09786802965823044 -0.9760768861348768
vn -0.28889112417438717 0.0978679807497758 -0.9523464583423514
vn -0.38084616818281486 0.09786798240899422 -0.9194444269229434
vn -0.46913419103975146 0.09786787436003133 -0.8776872962312529
vn -0.552903085935368 0.09786795188768214 -0.8274781214971534
vn -0.6313482164954274 0.09786796397339252 -0.7692992208209664
vn -0.7037122445197947 0.09786807368450127 -0.703712240241846
vn -0.7692996326114271 0.09786788220099511 -0.6313477274033822
vn -0.8274781336189614 0.09786784395579572 -0.5529030868985307
vn -0.8776875455953835 0.09786777448441097 -0.4691337453479764
vn -0.9194444218148067 0.09786806217516342 -0.380846160017026
vn -0.9523465432248824 0.09786797493370525 -0.28889084632433853
vn -0.9760770767425605 0.09786802005879738 -0.19415300900956634
vn -0.9904072805594355 0.09786803783543235 -0.09754622383826961
vn -0.9951994003012561 0.09786804197376675 4.911751497916854e-7
vn -0.9904071746048954 0.09786811257378852 0.09754722462680764
vn -0.9760766912940219 0.09786805695203762 0.1941549281912454
vn -0.9523461883418337 0.09786790045663009 0.288892041446267
vn -0.919444083443352 0.09786779361773862 0.380847045929741
vn -0.877687300509193 0.0978678154885912 0.4691341953176904
vn -0.8274776530242344 0.09786783242792044 0.5529038081993694
vn -0.7692992250989101 0.09786790274914524 0.6313482207733703
vn -0.703711743296871 0.09786793426676674 0.7037127608537695
vn -0.6313471379382286 0.09786788093841753 0.7693001165330935
vn -0.552903085935368 0.09786787954724316 0.8274781300530386
vn -0.46913295776935504 0.09786805479399976 0.8776879353081113
vn -0.38084581290779645 0.09786811124947839 0.9194445603684103
vn -0.2888908506022835 0.09786792067749281 0.9523465475028264
vn -0.19415396242173064 0.09786794432687417 0.9760768946907682
vn -0.09754691778177849 0.09786807646191842 0.9904072083950717
vn -4.857071845954262e-7 0.09786799847223843 0.9951994045792038
vn 0.09754602886469407 0.0978679921999286 0.9904073042720772
vn 0.1941530132875133 0.0978679689064129 0.9760770810205063
vn 0.28888996217923607 0.09786783798840543 0.9523468254998043
vn 0.38084498829710317 0.09786785280357457 0.9194449294419962
vn 0.4691322028389002 0.09786809743792005 0.8776883340704732
vn 0.5529019221569654 0.09786804847185582 0.8274788876844192
vn 0.631346634257578 0.09786800522613816 0.769300514080606
vn 0.7037107233458177 0.09786803019635248 0.7037137674606001
vn 0.7692983233563977 0.09786811038921814 0.6313492873599205
vn 0.8274768615443311 0.09786796417169882 0.5529049694094196
vn 0.8776862519689693 0.09786800366318836 0.46913611773518876
vn 0.9194432080751466 0.09786810108206448 0.38084908023398617
vn 0.9523456113307838 0.09786804397374187 0.2888938949644823
vn 0.9760762798338313 0.09786791891812319 0.19415706629526497
vn 0.9904069434430518 0.0978676886076741 0.0975499969573703
vn 0.9951994108707168 0.09786793443244049 0.0000035363691903526753
vn 0.9904076483282904 0.09786797022144646 -0.09754255757134714
vn 0.9760776901957577 0.09786798455108192 -0.19414994283291337
vn 0.9523477414221146 0.09786788747918733 -0.28888692599104926
vn 0.9194461300051178 0.09786803131328277 -0.3808420439834271
vn 0.877689629755397 0.09786807893046427 -0.46912978262554894
vn 0.8274808670396514 0.09786811078286216 -0.5528989487918206
vn 0.7693028237607156 0.09786800549417798 -0.6313438198433411
vn 0.703716252502417 0.09786786540301538 -0.7037082612030442
vn 0.6313520463605261 0.09786794397276283 -0.7692960802570881
vn 0.5529079342042413 0.09786802253472691 -0.8274748736119668
vn 0.46913888623670963 0.09786811493138925 -0.8776847597516753
vn 0.3808520157053961 0.09786804362408907 -0.9194419982632565
vn 0.28889692828345 0.0978681075672197 -0.9523446846334567
vn 0.19415994163536124 0.09786801663618637 -0.9760756980807647
vn 0.09755157849916507 0.09786792129483465 -0.9904067646748729
vn 0.0000016416406293569013 0.09786797793462354 -0.9951994065976392
vn 0.0000017535800225205415 4.252091045924402e-8 -0.9999999999984616
vn -0.09801717298873856 4.350090813468684e-8 -0.9951847234555471
vn -0.19509006282538438 4.287149070905294e-8 -0.9807853319594383
vn -0.29028504772722746 4.06387074268463e-8 -0.956940223350445
vn -0.3826837379513337 4.276501215812837e-8 -0.9238794059332599
vn -0.471397060692145 3.8549997269637606e-8 -0.8819210912382155
vn -0.5555699052447249 3.5154222643655515e-8 -0.8314698313146223
vn -0.6343932950686794 3.259888076165577e-8 -0.7730104444132061
vn -0.7071067811865476 3.0908620686020865e-8 -0.707106781186547
vn -0.7730108514092332 2.7730191417098957e-8 -0.6343927991422758
vn -0.8314698313146229 2.4284733116210167e-8 -0.5555699052447245
vn -0.8819210912382162 1.941494087370731e-8 -0.47139706069214465
vn -0.9238797446055949 1.672760259413288e-8 -0.3826829203237331
vn -0.9569405730967365 1.3879192189065742e-8 -0.29028389476732847
vn -0.9807853319594393 1.0908618812119706e-8 -0.19509006282538416
vn -0.9951847721489026 4.284445320316471e-9 -0.09801667859572047
vn -0.9999999999998814 -2.128333848980064e-14 4.869060035161384e-7
vn -0.9951846750701978 -1.9035291549961586e-9 0.09801766425203647
vn -0.9807851420932169 -9.718179892823241e-9 0.1950910173462336
vn -0.9569402233504458 -1.3879243447658282e-8 0.2902850477272272
vn -0.9238792638425511 -1.553717292651766e-8 0.38268408098815093
vn -0.8819210912382162 -1.941494087370731e-8 0.47139706069214465
vn -0.8314690690059051 -2.547526303931569e-8 0.5555710461196236
vn -0.7730099122343453 -3.011120132387974e-8 0.6343939435299242
vn -0.7071062745469407 -3.090864283192671e-8 0.7071072878257906
vn -0.6343922447562194 -3.3789399127030256e-8 0.7730113063811964
vn -0.5555699052447248 -3.7535182339416237e-8 0.831469831314622
vn -0.471397060692145 -3.8549997269637606e-8 0.8819210912382155
vn -0.3826829203237333 -4.157454801549574e-8 0.923879744605594
vn -0.2902841569438708 -4.1829199665020434e-8 0.9569404935665459
vn -0.19509006282538438 -4.287149070905294e-8 0.9807853319594383
vn -0.09801737222172531 -4.111994796663173e-8 0.9951847038327839
vn -4.869060035161388e-7 -4.2520910459304355e-8 0.9999999999998807
vn 0.09801638343567516 -4.4691391214105e-8 0.9951848012194462
vn 0.19509006282538438 -4.525245154088539e-8 0.9807853319594382
vn 0.2902838947673287 -4.540064149261179e-8 0.9569405730967354
vn 0.3826820561844933 -4.276504426776534e-8 0.9238801025427522
vn 0.4713950600097254 -3.855004401394565e-8 0.8819221606232751
vn 0.5555691768146899 -3.753520426924946e-8 0.8314703180351338
vn 0.6343917844457607 -3.9741813276138865e-8 0.7730116841469615
vn 0.7071052612666383 -3.4480128498890616e-8 0.7071083011031888
vn 0.7730090262757476 -2.6539808504295577e-8 0.6343950230701844
vn 0.8314683250931936 -2.4284831651081653e-8 0.5555721594597042
vn 0.8819200359488968 -1.941502722983148e-8 0.4713990349925383
vn 0.923878404064372 -1.4346782899972109e-8 0.38268615666557465
vn 0.9569393831153541 -1.1498404792600277e-8 0.2902878175928259
vn 0.9807847561348078 -7.337304764711187e-9 0.19509295767296544
vn 0.9951843826390772 -1.9036572093570815e-9 0.09802063329360199
vn 0.9999999999933127 -1.5985911402302162e-13 0.000003657150045885925
vn 0.9951851331462078 3.0938049420722023e-9 -0.09801301324193937
vn 0.9807859454233653 8.527523120958562e-9 -0.1950869787043598
vn 0.9569414133204268 1.1498111093990887e-8 -0.2902811248984407
vn 0.9238813184383003 1.791791693384654e-8 -0.38267912072741517
vn 0.8819232159037728 2.0605247280477445e-8 -0.47139308570443306
vn 0.8314723110910964 2.4284570891487676e-8 -0.5555661939758668
vn 0.7730134800413732 2.892053067147994e-8 -0.6343895961271153
vn 0.7071107746862021 3.328940534994023e-8 -0.7071027876643382
vn 0.6343977785329068 3.259872089992554e-8 -0.7730067649073401
vn 0.5555747849081897 3.634456002124917e-8 -0.8314665708098057
vn 0.47140218587622884 3.974035796565197e-8 -0.8819183517486819
vn 0.38268907104000355 4.0383956989878865e-8 -0.9238771968755034
vn 0.2902899373828502 4.540056209011934e-8 -0.9569387400739185
vn 0.19509602745561702 4.4061919056773943e-8 -0.9807841455035023
vn 0.098022124970903 4.231040638138794e-8 -0.9951842357152705
vn 0.0000017535800225205415 4.252091045924402e-8 -0.9999999999984616
vn 0.0000016428305893789533 -0.09786789093152319 -0.9951994151535242
vn -0.09754671853027351 -0.09786807838239069 -0.9904072278299031
vn -0.1941539605812952 -0.09786804025670451 -0.9760768854382881
vn -0.2888911241743872 -0.09786789749299955 -0.9523464668982391
vn -0.38084616818281486 -0.09786790202860506 -0.919444435478831
vn -0.46913419103975146 -0.09786779763016666 -0.8776873047871313
vn -0.552903085935368 -0.09786787954724316 -0.8274781300530386
vn -0.6313482100503562 -0.09786800002815908 -0.7692992215235236
vn -0.7037122445197947 -0.09786801216401982 -0.7037122487977424
vn -0.7692996326114271 -0.09786782700682063 -0.6313477359592623
vn -0.8274781336189614 -0.09786779561946984 -0.5529030954544077
vn -0.8776875455953835 -0.0978677334714339 -0.4691337539038476
vn -0.9194444218148067 -0.09786802888053259 -0.3808461685729227
vn -0.9523465432248824 -0.09786794967806367 -0.288890854880228
vn -0.9760770767425605 -0.09786800308540101 -0.19415301756546005
vn -0.9904072711711059 -0.09786812523749346 -0.09754623146950327
vn -0.9951994003012561 -0.09786804197380933 4.826192533899059e-7
vn -0.9904071746048951 -0.0978681211016378 0.09754721607090468
vn -0.9760766912940216 -0.097868073925601 0.1941549196353469
vn -0.9523461883418337 -0.0978679257123754 0.2888920328903819
vn -0.9194440747277209 -0.09786792284227402 0.38084703376372014
vn -0.8776872921893826 -0.09786795243143019 0.4691341823147712
vn -0.8274776530242346 -0.09786788076430862 0.5529037996434892
vn -0.7692992250989101 -0.09786795794336212 0.6313482122174836
vn -0.703711743296871 -0.09786799578729295 0.7037127522978798
vn -0.6313471379382286 -0.09786794819277277 0.7693001079772083
vn -0.552903085935368 -0.09786795188768214 0.8274781214971534
vn -0.46913295776935504 -0.09786813152391954 0.8776879267522103
vn -0.38084581290779645 -0.09786819162987848 0.9194445518125044
vn -0.2888908506022835 -0.09786800393427611 0.9523465389469369
vn -0.1941539605812952 -0.09786812558805995 0.9760768768823881
vn -0.09754691778177849 -0.09786816304607056 0.9904071998391686
vn -4.857071845954262e-7 -0.09786808547533768 0.9951993960233074
vn 0.0975460279400297 -0.0978681747139141 0.9904072863278468
vn 0.1941530132875133 -0.09786805423778544 0.9760770724646126
vn 0.2888899621792361 -0.09786792124521305 0.9523468169439222
vn 0.3808449882971031 -0.09786793318400691 0.9194449208861127
vn 0.4691322028389002 -0.09786817416787472 0.8776883255145687
vn 0.5529019221569654 -0.09786812081236104 0.827478879128519
vn 0.6313459816936728 -0.09786813822530056 0.7693010327040812
vn 0.7037107233458177 -0.0978680917169667 0.7037137589047021
vn 0.7692983233563977 -0.09786816558352823 0.6313492788040157
vn 0.8274768615443311 -0.0978680125081885 0.5529049608535278
vn 0.8776862519689693 -0.09786804467637207 0.4691361091792938
vn 0.9194432080751468 -0.09786813437694987 0.3808490716780832
vn 0.9523456113307838 -0.09786806922964923 0.2888938864085846
vn 0.9760762798338313 -0.09786793589187351 0.1941570577393786
vn 0.9904069434430518 -0.09786769713576574 0.0975499884015044
vn 0.9951994108707084 -0.09786793443274855 0.0000035301932233965154
vn 0.9904076576853933 -0.09786796261863862 -0.0975424701912437
vn 0.9760776901957577 -0.0978679675779536 -0.19414995138880403
vn 0.9523477414221146 -0.09786786222388849 -0.28888693454693104
vn 0.9194461300051178 -0.09786799801901178 -0.38084205253932113
vn 0.877689629755397 -0.09786803791783365 -0.4691297911814468
vn 0.8274808670396514 -0.09786806244689805 -0.5528989573477209
vn 0.7693028237607156 -0.09786795030034512 -0.6313438283992319
vn 0.7037157506541813 -0.09786773502688802 -0.7037087811885888
vn 0.6313520463605262 -0.0978678767187597 -0.7692960888129731
vn 0.5529079342042413 -0.09786795019457187 -0.8274748821678585
vn 0.46913888623670963 -0.09786803820174633 -0.8776847683075747
vn 0.3808520157053962 -0.09786796324391224 -0.9194420068191497
vn 0.28889692828345 -0.0978680243105985 -0.9523446931893552
vn 0.19415994163536124 -0.09786793130493397 -0.9760757066366552
vn 0.09755157849916507 -0.09786783471072057 -0.9904067732307551
vn 0.0000016428305893789533 -0.09786789093152319 -0.9951994151535242
vn 0.0000014249004649844019 -0.1947980249192007 -0.9808433766333685
vn -0.09613973267787194 -0.19479801685371514 -0.9761203227217878
vn -0.19135294920803464 -0.19479790635786343 -0.9619967902794585
vn -0.28472389010752486 -0.1947978651302229 -0.9386085968830382
vn -0.3753529890796274 -0.1947979430127196 -0.9061809394304221
vn -0.46236672876665635 -0.19479783517652352 -0.8650264802537327
vn -0.544928022819677 -0.19479796011115216 -0.8155410502742161
vn -0.6222408991690437 -0.19479791428964446 -0.7582018438316438
vn -0.6935610078067147 -0.19479795966353586 -0.693561016321605
vn -0.7582023247716585 -0.19479804227124514 -0.6222402730763597
vn -0.8155418116460129 -0.1947979260485837 -0.5449268955229771
vn -0.865026871615299 -0.19479793827587935 -0.4623659531441689
vn -0.9061812650304613 -0.1947980484802753 -0.37535214827688
vn -0.9386088554688188 -0.1947979443686085 -0.28472298345107033
vn -0.9619967784114868 -0.19479794860272678 -0.19135296586698253
vn -0.9761203722348549 -0.19479805801051328 -0.09613914657110811
vn -0.9808433681193552 -0.19479806779342423 4.771642590448796e-7
vn -0.9761202673609221 -0.19479805437496464 0.09614021873789587
vn -0.9619965940680272 -0.19479792233981788 0.19135391935783697
vn -0.9386085928341013 -0.19479792937006302 0.2847238595044756
vn -0.9061809309155322 -0.19479799903034928 0.37535298056473654
vn -0.8650262141410295 -0.19479806621504417 0.46236712928982826
vn -0.8155410417593255 -0.19479801957914672 0.5449280143047853
vn -0.7582018353167552 -0.1947979746307159 0.6222408906541541
vn -0.6935600214339301 -0.19479804091501365 0.693561979872195
vn -0.6222397869655842 -0.1947979571218159 0.7582027455886662
vn -0.5449268870080882 -0.19479798551656222 0.8155418031311229
vn -0.4623659446292795 -0.19479799629806505 0.8650268631004085
vn -0.375352139761986 -0.1947981044978824 0.9061812565155664
vn -0.28472389010752486 -0.19479794718599602 0.9386085798532635
vn -0.19135294920803464 -0.1947979904582974 0.9619967732496801
vn -0.09613993198419057 -0.19479809842146578 0.9761202868138004
vn -4.880601537491695e-7 -0.1947981106674302 0.9808433596044586
vn 0.09613893874987327 -0.19479810864783803 0.9761203825980037
vn 0.19135199304274553 -0.19479803289423178 0.961996954849186
vn 0.28472297493618093 -0.1947979978421438 0.9386088469539283
vn 0.37535176025927747 -0.19479791489695428 0.9061814544681769
vn 0.4623651591494573 -0.19479809613214785 0.8650272604652338
vn 0.5449261595783345 -0.19479810037395578 0.8155422617485286
vn 0.622239158957475 -0.1947980774677322 0.7582032300608919
vn 0.6935600214339301 -0.19479804091501365 0.693561979872195
vn 0.7582009677879398 -0.19479801083945267 0.6222419364028946
vn 0.8155398284778173 -0.1947979698146843 0.544929847890946
vn 0.8650251604447474 -0.19479805711342288 0.46236910444186746
vn 0.9061800769744157 -0.19479802464605112 0.3753550288575317
vn 0.9386076633545481 -0.19479793692243194 0.28472691840231634
vn 0.9619961555503093 -0.19479802516952233 0.19135601923242287
vn 0.9761200226854635 -0.1947980084229482 0.09614279602228641
vn 0.9808433681137626 -0.19479806779244144 0.000003403146170747233
vn 0.9761207564917409 -0.1947979411093225 -0.09613548192816536
vn 0.9619975912671833 -0.19479790235529865 -0.19134892639916384
vn 0.9386097769715718 -0.19479793516101487 -0.2847199519359008
vn 0.9061829963222479 -0.19479797456733422 -0.37534800689613
vn 0.8650289770522704 -0.19479797241883479 -0.46236199973766623
vn 0.8155442733796142 -0.1947980353069159 -0.5449231721979555
vn 0.7582049995443825 -0.19479796626756 -0.6222370376343133
vn 0.6935650013067977 -0.19479795966060376 -0.6935570227994001
vn 0.6222447673968616 -0.1947978825859286 -0.7581986773842752
vn 0.5449321667640659 -0.19479802447173222 -0.815538265986171
vn 0.4623710881062978 -0.1947979899885365 -0.8650241152591205
vn 0.37535792540966684 -0.19479792304338672 -0.9061788990095353
vn 0.28472900891820996 -0.1947979645204199 -0.9386070234657076
vn 0.191358912528434 -0.19479786456213302 -0.9619956125461114
vn 0.09614448153157536 -0.19479791828766932 -0.9761198746577262
vn 0.0000014249004649844019 -0.1947980249192007 -0.9808433766333685
vn 0.0000014628601931923929 -0.2898599831976048 -0.957069062366214
vn -0.09380935918909725 -0.28985982077971756 -0.9524605442883611
vn -0.1867150472972133 -0.28986002214692463 -0.9386792096737755
vn -0.2778220236233333 -0.28986000612761276 -0.9158581222206509
vn -0.36625390458351564 -0.28985990566731173 -0.8842167791123772
vn -0.45115926880501056 -0.2898601521864038 -0.8440594803364294
vn -0.5317189925115593 -0.28985995818929944 -0.7957739111336776
vn -0.607158244725514 -0.28986009887494274 -0.7398242959933399
vn -0.6767500162778696 -0.2898599899722486 -0.6767500289480535
vn -0.7398242833231513 -0.28986010467395984 -0.6071582573957032
vn -0.7957738984634949 -0.2898599697315065 -0.5317190051817422
vn -0.8440597763736024 -0.2898599141421871 -0.4511588678964741
vn -0.884216555873581 -0.28986016658003644 -0.36625423703932236
vn -0.9158581132727597 -0.2898600272688872 -0.27782203106330694
vn -0.93867919700359 -0.28986005501632334 -0.18671505996739962
vn -0.9524605881379427 -0.28985989883908453 -0.09380867278093227
vn -0.9570690496969415 -0.289860025032721 4.7296483177561136e-7
vn -0.952460382562154 -0.28986013731434457 0.09381002316205089
vn -0.938679021182284 -0.2898600240556458 0.18671599194158506
vn -0.9158578442811101 -0.289859990202422 0.2778229564823792
vn -0.8842162381661249 -0.2898600924762902 0.3662550626994567
vn -0.8440590948624287 -0.28986005457903824 0.45116005268580117
vn -0.7957731581963432 -0.2898600748015227 0.5317200557908954
vn -0.7398238174956192 -0.2898599768035767 0.6071588860534275
vn -0.6767490038363879 -0.2898600452214224 0.6767510177241638
vn -0.6071571329875441 -0.28986011250734 0.739825203030809
vn -0.5317189925115593 -0.2898600277580667 0.7957738857933109
vn -0.4511588552262936 -0.2898599707579945 0.8440597637034211
vn -0.36625390458351553 -0.2898599829680004 0.8842167537720146
vn -0.27782202362333325 -0.2898600861944757 0.9158580968802794
vn -0.1867150472972133 -0.2898601042088706 0.9386791843334027
vn -0.09380955119945757 -0.2898598987790428 0.9524605016396004
vn -3.7017802383552e-7 -0.289860066867533 0.957069037026803
vn 0.0938087541482604 -0.28986020408021035 0.9524604872306934
vn 0.18671406586332923 -0.2898601736540597 0.9386793581079871
vn 0.2778211131318582 -0.2898601882703764 0.9158583407678489
vn 0.3662530051372635 -0.28986006811983117 0.8842170984195513
vn 0.45115808630836474 -0.28986009378517213 0.8440601324487643
vn 0.5317178363065348 -0.28985995522455216 0.7957746847636696
vn 0.6071571329875441 -0.28986011250734 0.739825203030809
vn 0.6767490038363879 -0.2898600452214224 0.6767510177241638
vn 0.7398229450542604 -0.2898600215292751 0.6071599277705086
vn 0.7957723523486449 -0.28986017463238 0.531721207400636
vn 0.8440584159069896 -0.28986019558769227 0.45116123232215827
vn 0.8842153522345849 -0.2898601547488098 0.3662571522327791
vn 0.9158571936423239 -0.289860062331524 0.27782502608435383
vn 0.9386786600225456 -0.2898599405671286 0.1867179372012736
vn 0.95246016343081 -0.2898600537771281 0.09381250610486444
vn 0.9570690496914777 -0.28986002503119424 0.0000034010600223747197
vn 0.9524608960353947 -0.289859979588205 -0.09380529706033928
vn 0.9386800157011427 -0.2898600089485762 -0.186711015571214
vn 0.9158590311972455 -0.2898600050165336 -0.2778190282652685
vn 0.8842182790582022 -0.2898600846957753 -0.3662501416784836
vn 0.844061196871477 -0.2898600503817371 -0.4511561227874302
vn 0.795776364199679 -0.2898601348283865 -0.5317152249262846
vn 0.7398274200089122 -0.2898601724214051 -0.607154402970768
vn 0.6767540106165458 -0.28985998605385904 -0.6767460362641785
vn 0.6071620879088889 -0.2898600230676059 -0.739821171657966
vn 0.5317231063471212 -0.28986001571167025 -0.7957711413894063
vn 0.45116399684943903 -0.2898599666106719 -0.8440570168556741
vn 0.3662600634898177 -0.2898600168247199 -0.8842141915502193
vn 0.2778280842153209 -0.2898600458240428 -0.9158562711780317
vn 0.18672099773853407 -0.28985997011500764 -0.9386780421041356
vn 0.09381410324389676 -0.28985997050190654 -0.9524600314623062
vn 0.0000014628601931923929 -0.2898599831976048 -0.957069062366214
vn 0.0000016388101792003276 -0.3821430075513452 -0.9241031986617766
vn -0.09057812809195029 -0.3821430857774987 -0.9196533394186145
vn -0.18028395694684204 -0.382142879115839 -0.9063467961043644
vn -0.26825292796684114 -0.38214284706887564 -0.8843117160092988
vn -0.35363901422808275 -0.38214296173557466 -0.8537600391279466
vn -0.4356191304096098 -0.3821430908614629 -0.8149862767728197
vn -0.5134047219905025 -0.38214271510733255 -0.7683635446377263
vn -0.5862451277625499 -0.3821430543488849 -0.7143411903198477
vn -0.6534401315282717 -0.3821430248214485 -0.6534391349533855
vn -0.7143416550781119 -0.3821427942014909 -0.5862447310297472
vn -0.7683639275879889 -0.3821429259675698 -0.5134039919152406
vn -0.8149862600688129 -0.38214310744412766 -0.4356191471136169
vn -0.8537600224239456 -0.3821429835965594 -0.35363903093208443
vn -0.8843117135240032 -0.38214284629473755 -0.26825293726257293
vn -0.9063469468298228 -0.38214297032892613 -0.18028300585591575
vn -0.9196533872214131 -0.3821431538568777 -0.09057735551726201
vn -0.9241031819589037 -0.3821430479456691 4.724400541187982e-7
vn -0.9196532643745202 -0.38214310569412063 0.09057880599644154
vn -0.9063467794003669 -0.3821429266139795 0.18028394024284358
vn -0.8843115000540896 -0.3821432164429242 0.26825311367949145
vn -0.8537600224239456 -0.3821430145126655 0.3536389975240807
vn -0.814985899260342 -0.3821429633679043 0.4356199485276218
vn -0.7683631205948598 -0.38214307423714544 0.5134050893030887
vn -0.7143411736158426 -0.38214311119932065 0.5862451110585438
vn -0.6534391182493818 -0.38214308194695773 0.653440114824267
vn -0.5862440558695547 -0.38214308764203236 0.7143420521886055
vn -0.5134039752112413 -0.38214298199542707 0.7683639108839886
vn -0.4356187894140385 -0.3821428488748358 0.8149865725048925
vn -0.3536381218535222 -0.3821431872170449 0.8537603078355844
vn -0.26825292796684114 -0.3821429243778637 0.8843116826013049
vn -0.1802839569468421 -0.38214295835119505 0.9063467626963678
vn -0.09057832760717059 -0.38214315921303155 0.9196532892533857
vn -2.4159704371876046e-7 -0.3821430883395174 0.9241031652549826
vn 0.09057764178085101 -0.3821431874419285 0.9196533450714692
vn 0.18028298915191487 -0.38214301782703153 0.9063469301258209
vn 0.26825197719581884 -0.3821430179207198 0.8843119305906588
vn 0.3536381218535222 -0.3821431872170449 0.8537603078355844
vn 0.4356179836996936 -0.38214300062235596 0.8149869320134867
vn 0.5134028295882429 -0.3821428828118987 0.768364725691515
vn 0.5862440558695547 -0.38214308764203236 0.7143420521886055
vn 0.6534386829382254 -0.3821428380112408 0.6534406927921401
vn 0.7143402160515807 -0.38214316872305903 0.58624624035441
vn 0.7683623292972966 -0.3821431851133579 0.5134061910303093
vn 0.8149852109150438 -0.38214312870568806 0.4356210912855225
vn 0.8537588440534488 -0.3821429343712405 0.35364192894884006
vn 0.8843107773687493 -0.38214291116423676 0.2682559309249294
vn 0.9063462765820053 -0.3821431289470758 0.18028603918349734
vn 0.9196530697243629 -0.3821430344743248 0.0905810827342623
vn 0.9241031819540038 -0.3821430479437654 0.0000032763964076524825
vn 0.9196537917196187 -0.38214290511211146 -0.09057429794485777
vn 0.906347625275372 -0.38214280579720517 -0.18027994379612308
vn 0.8843128763687644 -0.38214292306270364 -0.26824899448366
vn 0.8537617690650233 -0.3821428756151713 -0.35363493082489716
vn 0.8149880084453002 -0.3821429677363826 -0.4356159986731356
vn 0.768366316392687 -0.3821431370393854 -0.5134002596871478
vn 0.7143443229425693 -0.38214311226988174 -0.5862412728769705
vn 0.6534431117525241 -0.3821430248170306 -0.6534361547135792
vn 0.5862490143010369 -0.3821429936700634 -0.7143380331607331
vn 0.5134081001316381 -0.38214302854993304 -0.768361131532502
vn 0.43562390120195427 -0.3821428545667134 -0.8149838375116366
vn 0.35364400672519714 -0.382142946290673 -0.853757978063826
vn 0.26825802392701353 -0.38214299574329796 -0.8843101059035294
vn 0.18028992218825884 -0.3821427664668241 -0.9063456570174725
vn 0.09058269277387156 -0.3821429261186249 -0.9196529561673412
vn 0.0000016388101792003276 -0.3821430075513452 -0.9241031986617766
vn 0.000001586199731527241 -0.47076088236944963 -0.8822608410375138
vn -0.0864769318208417 -0.4707611542563307 -0.8780123438233092
vn -0.172121047686656 -0.4707611005597395 -0.8653082289814599
vn -0.25610697618350414 -0.4707609110146507 -0.844270917070343
vn -0.3376268636652887 -0.47076077163386887 -0.8151026909673558
vn -0.41589482377345255 -0.47076077423339213 -0.7780846926920141
vn -0.49015794432444143 -0.47076092123529295 -0.733572998857875
vn -0.5597007395380899 -0.4707606929038649 -0.6819966658109029
vn -0.6238530682754858 -0.47076101899483536 -0.6238520755741752
vn -0.6819970138618602 -0.47076100386627134 -0.5597000538880859
vn -0.7335729637943382 -0.47076094393328444 -0.4901579750009519
vn -0.7780846721144052 -0.4707607900652141 -0.41589484435106183
vn -0.8151029396409075 -0.47076095470172874 -0.3376260080578333
vn -0.8442708964927281 -0.4707609367241136 -0.2561069967611196
vn -0.8653086241297627 -0.4707607776622454 -0.17211994428739189
vn -0.8780126317068472 -0.47076077290806567 -0.0864760848686923
vn -0.8822608204609046 -0.4707609209348543 4.6849131662617005e-7
vn -0.8780122774233172 -0.4707611718470849 0.0864775102271065
vn -0.8653082084038367 -0.47076114590721496 0.17212102710903193
vn -0.8442708964927281 -0.4707609591136977 0.25610695560588836
vn -0.815102670389747 -0.4707608220212797 0.33762684308767904
vn -0.7780842624422475 -0.4707612121682581 0.415895133005396
vn -0.7335726065312345 -0.4707607570479808 0.49015868917176464
vn -0.681996106970271 -0.4707611035508715 0.5597010750936257
vn -0.6238520549965557 -0.4707610735337613 0.6238530476978654
vn -0.5597000333104672 -0.470761058142576 0.6819969932842406
vn -0.49015720476347674 -0.4707612314230848 0.7335732939573769
vn -0.4158940021942532 -0.4707610356554288 0.7780849736677059
vn -0.337625987480217 -0.4707610050891129 0.81510291906329
vn -0.2561060191370805 -0.47076109783404935 0.8442711032173482
vn -0.17212104768665604 -0.47076117620738966 0.8653081878262121
vn -0.08647713148214882 -0.4707612228251482 0.8780122873939694
vn -2.4155896848639937e-7 -0.4707609594997226 0.882260799883369
vn 0.08647626064038533 -0.4707608103623774 0.8780125943132101
vn 0.17211992370978346 -0.4707608230096897 0.8653086035521533
vn 0.2561060191370805 -0.47076109783404935 0.8442711032173482
vn 0.33762508488978255 -0.47076117202219947 0.8151031965152954
vn 0.4158940021942532 -0.4707610356554288 0.7780849736677059
vn 0.49015686555590304 -0.4707608914866219 0.7335737387578251
vn 0.5596989457207296 -0.47076097669726275 0.6819979420629825
vn 0.6238516921027124 -0.47076077153684054 0.6238536384783059
vn 0.6819957292115021 -0.47076083277519803 0.5597017631400437
vn 0.7335717792642614 -0.4707608724283474 0.49015981644517465
vn 0.7780836340933516 -0.47076078791206855 0.4158967887835781
vn 0.8151017897498803 -0.47076088938235966 0.3376288752083734
vn 0.8442699587312387 -0.47076099435612895 0.2561099821888657
vn 0.8653079178518842 -0.47076097115802734 0.17212296574596883
vn 0.8780121220839823 -0.470761060912762 0.08647969126837325
vn 0.8822608204565838 -0.47076092093266586 0.0000031470617809047694
vn 0.8780128423213017 -0.4707609091678467 -0.0864732046262382
vn 0.8653090702710842 -0.4707610265587021 -0.17211702059932701
vn 0.8442720592052817 -0.47076100631607554 -0.2561030358616417
vn 0.815104116996263 -0.4707610402194111 -0.33762304641016483
vn 0.7780863543896471 -0.47076121537206833 -0.4158912156009566
vn 0.7335757776425961 -0.47076083270104935 -0.4901538705862428
vn 0.6819997664099513 -0.4707608324622267 -0.5596968440470637
vn 0.6238560716978597 -0.4707610364942852 -0.623849058927351
vn 0.5597039084347251 -0.47076088000324623 -0.6819939360005061
vn 0.49016208025769303 -0.47076106509779153 -0.7335701429757372
vn 0.4158999216850418 -0.4707608953835866 -0.778081894481564
vn 0.33763095431010964 -0.4707609016167352 -0.8151009214819004
vn 0.2561118761213931 -0.4707607001343335 -0.8442695482596848
vn 0.1721260426005826 -0.47076110883409933 -0.8653072309116292
vn 0.08648110285130074 -0.4707609683942105 -0.8780120326545462
vn 0.000001586199731527241 -0.47076088236944963 -0.8822608410375138
vn 0.0000014865696435275992 -0.5548628149178421 -0.83194185891758
vn -0.08154477702006986 -0.5548628055620403 -0.8279358165610236
vn -0.1623040326368843 -0.5548630215571015 -0.8159561436120991
vn -0.24150012799904122 -0.5548631881110793 -0.7961184149708233
vn -0.31837002375416873 -0.5548629663934324 -0.7686140881481749
vn -0.39217496509744854 -0.5548629102058309 -0.7337069903092996
vn -0.4622021175830242 -0.5548630480418761 -0.6917341978097129
vn -0.5277783067074842 -0.5548632837684913 -0.643099366579246
vn -0.5882720808031964 -0.5548630564367251 -0.5882711513827389
vn -0.6430999621265459 -0.5548628920722879 -0.5277779928284354
vn -0.6917341735558767 -0.5548630580750414 -0.4622021418368606
vn -0.7337072434407126 -0.5548631334170224 -0.39217417571440705
vn -0.7686140638943424 -0.5548629860742256 -0.31837004800800184
vn -0.7961183907169809 -0.5548632123542148 -0.24150015225288404
vn -0.8159562624585537 -0.5548631259800892 -0.16230307816634734
vn -0.8279350785587124 -0.5548640312908448 -0.08154392970449058
vn -0.8319415044460299 -0.5548633464015406 4.0048140916991124e-7
vn -0.827935422038043 -0.5548633136819645 0.0815453252158417
vn -0.8159561193582641 -0.5548630643182131 0.1623040083830484
vn -0.7961183907169809 -0.5548632334668276 0.241500103745198
vn -0.7686138067036116 -0.554862864570126 0.3183708806810341
vn -0.7337069660554696 -0.5548629594196958 0.3921749408436176
vn -0.6917338403498909 -0.554862879653098 0.46220285470544564
vn -0.643099031134019 -0.5548630255645625 0.5277789869024967
vn -0.5882711271289025 -0.5548631078650647 0.5882720565493591
vn -0.5277779685746062 -0.5548629432529905 0.6430999378727157
vn -0.4622021175830241 -0.5548631085152012 0.6917341493020395
vn -0.3921741514605674 -0.5548631826308638 0.733707219186872
vn -0.31837002375416873 -0.5548630335878114 0.7686140396405083
vn -0.24149917417725203 -0.5548634019485196 0.7961185552729072
vn -0.1623040326368843 -0.5548630928902547 0.8159560951044277
vn -0.08154497684807425 -0.5548628688405025 0.8279357544718878
vn -1.2670696364573657e-7 -0.5548628876491196 0.8319418104108391
vn 0.08154408940360959 -0.554862922828668 0.8279358056959271
vn 0.16230305391250835 -0.5548631687411641 0.8159562382047137
vn 0.24149899294256374 -0.5548629791541491 0.7961189049205589
vn 0.3183691303771442 -0.5548632136088105 0.7686142797311306
vn 0.3921732572650388 -0.5548634208713764 0.7337075169746075
vn 0.462200990804991 -0.5548629961609116 0.6917349923129672
vn 0.5277772438945384 -0.5548632313682319 0.6431002840169554
vn 0.5882701138487928 -0.554863107864003 0.5882730698271237
vn 0.643099031134019 -0.5548630255645625 0.5277789869024967
vn 0.691732997336814 -0.5548629920057537 0.46220398148204034
vn 0.7337062010862112 -0.5548631457137674 0.39217610842102923
vn 0.7686131449990997 -0.5548630986187758 0.318372070266478
vn 0.7961180040899476 -0.5548629748370522 0.24150197249466784
vn 0.815955844166949 -0.5548629010304215 0.16230595007548623
vn 0.8279353172071203 -0.5548631641631606 0.08154740692376737
vn 0.831941834660647 -0.5548628512812402 0.0000030868953681634415
vn 0.8279360382976798 -0.5548629821308136 -0.08154132417886815
vn 0.8159569870065747 -0.5548629534852065 -0.16230002527672607
vn 0.7961198673483685 -0.5548629049328472 -0.24149599073835268
vn 0.7686151995104614 -0.5548630909656285 -0.31836712356266084
vn 0.7337090093402187 -0.5548629973891377 -0.39217106438560306
vn 0.6917361616963386 -0.5548630750701203 -0.4621991459591278
vn 0.6431021626664886 -0.5548630667174173 -0.5277751278400947
vn 0.5882751206328666 -0.5548630564301221 -0.588268111538786
vn 0.5277818963657124 -0.5548628209976688 -0.6430968198826064
vn 0.4622058938865153 -0.5548628350864925 -0.691731845368093
vn 0.3921789324247165 -0.5548628557209961 -0.7337049109167463
vn 0.31837499051188756 -0.5548629408998107 -0.7686120492371745
vn 0.2415050091692623 -0.5548629603326797 -0.7961170930189917
vn 0.1623090417243305 -0.5548630294117243 -0.8159551418837763
vn 0.08154862608847692 -0.5548630839782674 -0.827935250862776
vn 0.0000014865696435275992 -0.5548628149178421 -0.83194185891758
vn 0.0000013994395094387586 -0.6336427127622067 -0.7736258220621862
vn -0.07582866443677455 -0.6336426434486658 -0.7699006520669548
vn -0.15092696925452992 -0.6336427253545238 -0.7587607966658094
vn -0.22457191267457122 -0.633642656417738 -0.7403137443041007
vn -0.2960539480451958 -0.6336428212214282 -0.7147368991184111
vn -0.3646849159252202 -0.6336427738996038 -0.682276884542801
vn -0.42980391658847805 -0.6336428527089238 -0.6432459315814608
vn -0.49078289419706167 -0.6336427761845258 -0.598020888391637
vn -0.5470359459876052 -0.6336428941382758 -0.5470359736850178
vn -0.5980208606942294 -0.6336427808720465 -0.49078292189446926
vn -0.643246171349933 -0.633643129960878 -0.42980314900781513
vn -0.6822771036652443 -0.63364303400302 -0.36468405404351417
vn -0.7147368734042713 -0.6336428277554056 -0.29605399613992717
vn -0.7403138720899474 -0.6336428378065119 -0.2245709796204745
vn -0.7587607689684039 -0.6336427519237844 -0.15092699695193587
vn -0.7699006543634536 -0.6336427090219883 -0.07582809317134404
vn -0.7736257943654877 -0.6336427465790605 3.3569248350319863e-7
vn -0.7699005952265427 -0.6336426564314459 0.07582913305791833
vn -0.7587607689684039 -0.6336427651182399 0.15092694155712374
vn -0.7403137166066983 -0.6336426985942305 0.22457188497716804
vn -0.7147368734042713 -0.6336428536372668 0.29605394074510794
vn -0.6822768568453934 -0.6336428196637587 0.36468488822781187
vn -0.6432459038840501 -0.6336428996134238 0.4298038888910664
vn -0.5980202322391557 -0.6336432066710457 0.4907831379257655
vn -0.5470359459876053 -0.6336429419616796 0.5470359182901918
vn -0.490782116508712 -0.6336431650916918 0.5980211145501568
vn -0.4298028598941376 -0.6336427539965495 0.6432467348805498
vn -0.3646840263460957 -0.633643079767147 0.6822770759678249
vn -0.29605303037077596 -0.6336430799654786 0.7147370498443062
vn -0.22457191267457122 -0.6336427211380219 0.7403136889092947
vn -0.15092696925452992 -0.6336427916875005 0.7587607412709972
vn -0.07582892273901158 -0.6336431643147569 0.7699001979434886
vn -6.066408089497363e-8 -0.6336427803953445 0.7736257666681312
vn 0.07582806547394003 -0.6336427459899665 0.7699006266660489
vn 0.15092597539246752 -0.6336429298552926 0.7587608235776496
vn 0.22457095192306473 -0.6336428799829691 0.7403138443925368
vn 0.29605303037077596 -0.6336430799654786 0.7147370498443062
vn 0.3646837798094025 -0.6336426562520688 0.6822776010699383
vn 0.42980204031868613 -0.6336430300343964 0.6432470105851433
vn 0.4907818275882605 -0.6336427596116952 0.598021781292958
vn 0.5470349294370861 -0.633642947608867 0.5470369282976324
vn 0.5980199350543571 -0.6336429095362226 0.4907838836718798
vn 0.643245018061854 -0.6336430269470756 0.4298050268900454
vn 0.6822760578288345 -0.633643035648093 0.36468600780426774
vn 0.7147359491130713 -0.6336429528167463 0.2960559598979763
vn 0.7403129161997827 -0.6336429065589467 0.22457393676761198
vn 0.7587600833549796 -0.6336430977245054 0.15092899195726858
vn 0.7699001012935641 -0.6336429999891862 0.075831277141192
vn 0.773625794362352 -0.6336427465766018 0.0000028425517037469805
vn 0.7699007843591704 -0.6336428476577171 -0.07582561477069037
vn 0.7587610866343276 -0.6336430761794695 -0.15092403857342712
vn 0.740314654009119 -0.6336426564460049 -0.22456891367998486
vn 0.7147379998446303 -0.6336429483658833 -0.29605101851587645
vn 0.6822786671843075 -0.6336426338341389 -0.3646818241877987
vn 0.6432481915652599 -0.6336431237133155 -0.4298001347357336
vn 0.59802301797167 -0.6336429683316614 -0.4907800512040977
vn 0.5470389229440633 -0.6336428997805722 -0.5470329901768879
vn 0.4907860403943093 -0.6336429980142056 -0.5980180713169498
vn 0.4298069143749129 -0.6336428346524275 -0.6432439462980998
vn 0.36468888532098714 -0.6336427241758341 -0.6822748090193301
vn 0.2960580271442783 -0.6336429960426501 -0.7147350544988904
vn 0.2245760403120024 -0.6336430736956319 -0.7403121350317944
vn 0.1509319634695255 -0.6336427351206961 -0.7587597950814191
vn 0.07583239619188062 -0.6336429332347838 -0.769900046012089
vn 0.0000013994395094387586 -0.6336427127622067 -0.7736258220621862
vn 0.0000012629697858043368 -0.706341817921692 -0.7078709177904429
vn -0.0693835117878705 -0.7063420344271746 -0.7044621059313714
vn -0.13809901844341044 -0.7063420299895099 -0.694269110486175
vn -0.20548402932900806 -0.7063420005326276 -0.6773900589573786
vn -0.27089085792561957 -0.70634152609753 -0.6539876081414191
vn -0.3336878479337042 -0.7063416097599144 -0.6242867533939397
vn -0.39327200799893614 -0.7063419481262874 -0.5885730031539385
vn -0.44906877059358297 -0.7063415781317921 -0.5471917527520471
vn -0.500540832975295 -0.7063417535762717 -0.5005399101761966
vn -0.5471919410874182 -0.7063419152541199 -0.4490680108448218
vn -0.588572972278749 -0.7063419566631641 -0.39327203887412565
vn -0.624286722518765 -0.7063416224623953 -0.33368787880887907
vn -0.6539877659523626 -0.7063417323196786 -0.2708899392156777
vn -0.6773900280821868 -0.706342021160295 -0.2054840602042002
vn -0.6942696958298601 -0.7063416575911714 -0.1380979804474692
vn -0.7044626000296248 -0.7063415738512199 -0.0693831839056318
vn -0.7078708869157753 -0.7063418488642442 3.3897674335910224e-7
vn -0.7044620506567094 -0.7063420437884798 0.06938397769843739
vn -0.6942690796109819 -0.706342066373477 0.1380989875682167
vn -0.6773900280821868 -0.7063420391242803 0.20548399845381557
vn -0.6539870183122856 -0.7063420190480306 0.27089099653948967
vn -0.6242858823145447 -0.7063418757249924 0.3336889146196641
vn -0.5885727224181072 -0.7063417388940194 0.39327280394340897
vn -0.5471910353687164 -0.7063419990803411 0.449068982615477
vn -0.500539879301016 -0.7063417973349018 0.5005408021001134
vn -0.449067979969634 -0.7063419588020263 0.5471919102122296
vn -0.3932717705923848 -0.706341584166156 0.5885735985692666
vn -0.3336878479337042 -0.7063416643367958 0.6242866916435895
vn -0.27088990834049814 -0.7063417727473678 0.6539877350771822
vn -0.20548402932900806 -0.7063420597519476 0.6773899972069939
vn -0.13809901844341044 -0.7063420906844438 0.6942690487357878
vn -0.06938371198512316 -0.7063420861543668 0.7044620343483831
vn -1.2011297979960198e-7 -0.7063418798062918 0.7078708560406336
vn 0.06938305663918333 -0.7063416124239055 0.7044625738886358
vn 0.13809794957229304 -0.7063416939751187 0.6942696649546832
vn 0.20548291689964537 -0.7063417282359185 0.6773906803426729
vn 0.27088990834049814 -0.7063417727473678 0.6539877350771822
vn 0.33368695999034914 -0.706341912243171 0.6242868857673207
vn 0.3932709185792397 -0.7063418445941302 0.588573855327607
vn 0.4490677224256426 -0.7063415583633257 0.5471926384778167
vn 0.5005388660210968 -0.7063417973335383 0.5005418153780374
vn 0.5471907857969553 -0.7063416866600573 0.4490697781248879
vn 0.5885719039064664 -0.7063418176442469 0.3932738874867474
vn 0.6242856881895062 -0.70634162781728 0.33368980256248376
vn 0.6539868336068366 -0.7063418386426318 0.2708919128579698
vn 0.6773897459875692 -0.7063417577105426 0.2054858957332044
vn 0.6942688877322842 -0.706341873231181 0.1381009400664708
vn 0.7044619577895492 -0.7063419508326348 0.06938586686972355
vn 0.707870886913512 -0.7063418488620812 0.0000025247844022590285
vn 0.7044627220294397 -0.7063416956996058 -0.06938070471736318
vn 0.6942698912106365 -0.7063418511872869 -0.13809600797882432
vn 0.6773909957951781 -0.7063419761944731 -0.20548102462588488
vn 0.6539887258282825 -0.7063416198085288 -0.27088791522650685
vn 0.6242879509674099 -0.7063418941810855 -0.33368500535922907
vn 0.5885749935268382 -0.7063419502910547 -0.393269025291735
vn 0.5471938663981006 -0.7063417596266527 -0.4490659096210952
vn 0.5005428595301151 -0.7063417535720944 -0.5005378836153306
vn 0.4490718912999348 -0.7063417903932798 -0.5471889176402566
vn 0.39327498258656146 -0.7063419379884204 -0.5885710277530672
vn 0.3336918454236307 -0.7063415550978032 -0.6242846785239797
vn 0.27089395715999576 -0.7063418831854421 -0.6539859387114082
vn 0.20548796376974754 -0.706341883159803 -0.6773889878349263
vn 0.13810293496818543 -0.7063416430648546 -0.6942687250810128
vn 0.06938698612725343 -0.706341863485715 -0.7044619351275865
vn 0.0000012629697858043368 -0.706341817921692 -0.7078709177904429
vn 0.0000010849297376290996 -0.7722597951408539 -0.6353068619240856
vn -0.06227107835403675 -0.7722596990699316 -0.6322477916078825
vn -0.12394196021692583 -0.7722596991037931 -0.6230997894701176
vn -0.18441995502722952 -0.7722597281264328 -0.6079508142126654
vn -0.2431209825152143 -0.7722599103978578 -0.5869470322381138
vn -0.2994818281973037 -0.772259600417764 -0.5602907674968385
vn -0.35295796682311387 -0.7722598742436938 -0.5282379769471404
vn -0.40303482724074824 -0.7722596142611021 -0.49109878457629463
vn -0.44922984655907616 -0.7722597099370915 -0.44922988031562244
vn -0.4910989612699442 -0.7722599317577267 -0.40303400357926766
vn -0.5282386810660435 -0.7722594702073755 -0.3529577970531752
vn -0.5602907337402969 -0.7722596118180839 -0.29948186195384546
vn -0.5869469792645667 -0.772259940928781 -0.24312101342515852
vn -0.6079507804561181 -0.7722597466395541 -0.1844199887837771
vn -0.6230997557135717 -0.7722597209226746 -0.12394199397347223
vn -0.6322477735447065 -0.7722597431531066 -0.06227071505016949
vn -0.6353068281678788 -0.7722598229114298 2.765623560091569e-7
vn -0.6322477459712424 -0.7722597149173749 0.062271345175915836
vn -0.6230996719796381 -0.7722596422479742 0.12394290513739882
vn -0.6079507804561181 -0.7722597627620594 0.18441992127068166
vn -0.5869468482133174 -0.7722597677884567 0.24312187978002273
vn -0.5602907337402969 -0.7722596379996182 0.29948179444076145
vn -0.528237943190587 -0.7722599127619926 0.35295793306655976
vn -0.4910987508197525 -0.7722596533449241 0.4030347934842054
vn -0.4492290412236458 -0.7722601140535668 0.44922999094367705
vn -0.40303396880108394 -0.7722599638841033 0.49109893929245085
vn -0.35295690964295184 -0.7722597759685392 0.5282388270056629
vn -0.29948095295739563 -0.7722598767693669 0.5602908544210696
vn -0.2431209825152143 -0.7722599617103968 0.5869469647250026
vn -0.18441995502722952 -0.7722597812751807 0.6079507466995698
vn -0.12394196021692586 -0.7722597535769067 0.6230997219570248
vn -0.06227117854684696 -0.7722597495058118 0.6322477201347646
vn -1.1770697353554531e-7 -0.7722598506815929 0.6353067944113537
vn 0.06227058110080265 -0.7722597783484128 0.6322477437481521
vn 0.12394196021692586 -0.7722597535769067 0.6230997219570248
vn 0.18441898827298273 -0.7722599053167615 0.6079508823947178
vn 0.2431209825152143 -0.7722599617103968 0.5869469647250026
vn 0.29948095295739563 -0.7722598767693669 0.5602908544210696
vn 0.35295690964295184 -0.7722597759685392 0.5282388270056629
vn 0.4030337769756949 -0.7722595813248073 0.4910996982983588
vn 0.44922885706764965 -0.7722597388702029 0.44923082006672127
vn 0.4910978039866081 -0.7722597237074393 0.4030358123775609
vn 0.5282377503925858 -0.7722596538993793 0.35295878799003017
vn 0.5602898579432496 -0.7722598419991104 0.29948290689360313
vn 0.5869466780910716 -0.7722596004104176 0.24312282215332648
vn 0.6079499215097213 -0.7722599539735838 0.18442195212349938
vn 0.6230990170913074 -0.7722600008212213 0.1239439632715287
vn 0.6322476727070669 -0.7722596386283547 0.062273035112322725
vn 0.6353068281662141 -0.7722598229094937 0.0000022763929355097082
vn 0.6322478414630083 -0.7722598725172246 -0.062268421090040715
vn 0.6230999315364952 -0.7722598960296844 -0.12394001897464693
vn 0.607951756699722 -0.7722596995949054 -0.1844169675146745
vn 0.586947908542447 -0.7722598680438687 -0.24311900145096368
vn 0.5602919285112924 -0.772259853928109 -0.2994790023624908
vn 0.5282399599155654 -0.7722598675302692 -0.35295501377729815
vn 0.4911008667205663 -0.7722597968238698 -0.403031940317221
vn 0.4492320452410078 -0.7722600644370241 -0.44922707220770264
vn 0.40303689049857944 -0.772259749187394 -0.4910968791208709
vn 0.3529607761845731 -0.7722594687891264 -0.5282366925353823
vn 0.2994849183397479 -0.7722597552531943 -0.5602889023560174
vn 0.2431248932546625 -0.7722596457227207 -0.5869457605845084
vn 0.1844239127047866 -0.7722596432652707 -0.6079497214461522
vn 0.1239459674225728 -0.7722597643723819 -0.6230989114829169
vn 0.06227406337490669 -0.7722595602565454 -0.6322476671551627
vn 0.0000010849297376290996 -0.7722597951408539 -0.6353068619240856
vn 9.045888865242708e-7 -0.8307618843941064 -0.556627965015355
vn -0.05455918451720952 -0.8307617448266921 -0.5539478483732266
vn -0.10859295714386724 -0.8307616489338925 -0.5459328276623328
vn -0.16158093957916952 -0.8307617303112672 -0.5326598796745835
vn -0.21301200275333756 -0.8307620395960327 -0.5142570565867345
vn -0.26239294937973967 -0.8307618292652231 -0.490901948612655
vn -0.30924599201326747 -0.8307619772623378 -0.4628190289507349
vn -0.3531210117179013 -0.8307620081654343 -0.43027902211502334
vn -0.3935959153257029 -0.8307618530456212 -0.3935949681628667
vn -0.43027981470183685 -0.8307616452305967 -0.3531208997976541
vn -0.4628189926369731 -0.8307619839752273 -0.3092460283270293
vn -0.4909019122988998 -0.8307618392536676 -0.26239298569349506
vn -0.51425702027297 -0.8307620527638713 -0.2130120390671023
vn -0.5326599316999978 -0.8307618771990971 -0.16158001285427048
vn -0.5459328374269248 -0.8307617666765859 -0.10859200729052089
vn -0.553947824219066 -0.8307617848915566 -0.05455881969725757
vn -0.5566279287018084 -0.8307619087254128 2.0855521288727845e-7
vn -0.5539478030523132 -0.8307617579172502 0.05455944533951858
vn -0.5459327913485853 -0.830761677544123 0.10859292083011926
vn -0.5326598320198414 -0.8307617692165786 0.1615808966454101
vn -0.5142569316120429 -0.8307618823171196 0.21301291786622492
vn -0.4909019122988998 -0.830761862192789 0.2623929130659838
vn -0.4628188430145136 -0.8307617653860047 0.3092468394720244
vn -0.43027883959143215 -0.8307617497953014 0.35312184197086965
vn -0.3935949318491105 -0.8307618874548275 0.393595879011946
vn -0.353120863483907 -0.8307616794741297 0.4302797783880891
vn -0.309245853541273 -0.8307616288045324 0.4628197469572469
vn -0.26239294937973967 -0.8307618721812335 0.49090187598514373
vn -0.21301189130671327 -0.830761636502588 0.5142577539303409
vn -0.16157997654051345 -0.8307619075452887 0.53265989538624
vn -0.10859295714386724 -0.8307616966608553 0.545932755034837
vn -0.054559381369851286 -0.8307617843052142 0.5539477697784834
vn -1.206509806513453e-7 -0.8307619330564018 0.5566278923880623
vn 0.054558783383504714 -0.8307618114902265 0.5539477879053126
vn 0.10859197097676876 -0.8307617952867754 0.5459328011131721
vn 0.16157997654051345 -0.8307619075452887 0.53265989538624
vn 0.21301189130671327 -0.830761636502588 0.5142577539303409
vn 0.26239190576785315 -0.8307616916871685 0.4909027392596092
vn 0.3092449470817396 -0.8307618935433776 0.4628198774260177
vn 0.3531199708307603 -0.8307619808297223 0.4302799291256324
vn 0.3935949318491105 -0.8307618874548275 0.393595879011946
vn 0.43027883959143215 -0.8307617497953014 0.35312184197086965
vn 0.4628188430145136 -0.8307617653860047 0.3092468394720244
vn 0.49090099825617806 -0.830762066810479 0.2623939752735736
vn 0.5142568142213694 -0.8307617064411299 0.21301388719496722
vn 0.5326590113768485 -0.830762088797227 0.16158195882061346
vn 0.5459319959173283 -0.8307620634732173 0.10859396727002932
vn 0.5539477714486485 -0.8307616807014129 0.054560941938712415
vn 0.5566279287006276 -0.8307619087237305 0.000002037936018049836
vn 0.5539478954100538 -0.8307618618724548 -0.05455692466575116
vn 0.5459328970561049 -0.8307618574160754 -0.10859101332302097
vn 0.5326608269271791 -0.8307617001906039 -0.1615779717463697
vn 0.5142579946612357 -0.8307619670173477 -0.21301002108931832
vn 0.4909030320619539 -0.8307621065723511 -0.2623900443916458
vn 0.4628208386061506 -0.8307617362615123 -0.30924393108945086
vn 0.43028094364800085 -0.8307618747465435 -0.3531189841979534
vn 0.39359791207886635 -0.8307618530407648 -0.39359297140501887
vn 0.35312394165881267 -0.8307618407536738 -0.43027694078919837
vn 0.3092488615009999 -0.830761582769851 -0.46281781972398983
vn 0.26239588743805864 -0.8307615864294784 -0.4909007891303193
vn 0.21301498638119992 -0.8307619336309907 -0.5142559919016156
vn 0.16158395161613268 -0.8307617832029667 -0.5326588834794198
vn 0.10859597591757073 -0.8307618376069899 -0.5459319400716247
vn 0.05456177658207251 -0.8307616086306291 -0.5539477973253955
vn 9.045888865242708e-7 -0.8307618843941064 -0.556627965015355
vn 8.348560173683581e-7 -0.8812840005043413 -0.47258704008295355
vn -0.04632168940368647 -0.8812837265972353 -0.47031191174121634
vn -0.09219727531479827 -0.8812837270297391 -0.46350690922261273
vn -0.13718498584836833 -0.8812837937312971 -0.45223794020886354
vn -0.18085097428729585 -0.8812838193657234 -0.4366139654471655
vn -0.22277595536080164 -0.8812838192547707 -0.4167849609004703
vn -0.2625559224943092 -0.8812837276429615 -0.3929419536711356
vn -0.2998059817000606 -0.8812839006440754 -0.3653150144771315
vn -0.33417001285631837 -0.8812839817466657 -0.3341690380995083
vn -0.3653149759549863 -0.8812839035075646 -0.29980602022220587
vn -0.3929420035034454 -0.881283969400359 -0.26255503644121025
vn -0.41678492237832865 -0.8812838277351726 -0.22277599388294345
vn -0.4366139269250238 -0.8812838305454779 -0.18085101280943774
vn -0.45223790168672306 -0.8812838075026983 -0.1371850243705092
vn -0.4635068878936947 -0.8812837759503566 -0.09219691492552134
vn -0.47031187979284217 -0.8812837574485535 -0.04632142682477039
vn -0.47258700156095795 -0.8812840211620728 1.7420285398110255e-7
vn -0.47031106513425497 -0.8812841637601115 0.046321967984139324
vn -0.4635068358312054 -0.8812837387460467 0.09219753228548919
vn -0.45223790168672295 -0.8812838194957912 0.1371849473262273
vn -0.4366139269250238 -0.8812838463559729 0.1808509357651537
vn -0.41678492237832876 -0.8812838472108662 0.22277591683865955
vn -0.392941915148998 -0.8812837562956835 0.26255588397217106
vn -0.36531497595498624 -0.8812839297174371 0.2998059431779149
vn -0.33416899957735974 -0.8812840109606933 0.3341699743341693
vn -0.29980598170006056 -0.8812839325809263 0.3653149374328405
vn -0.2625549979190622 -0.8812839980530445 0.3929419649812968
vn -0.2227759553608017 -0.8812838556912679 0.41678488385618645
vn -0.18085097428729585 -0.8812838575357272 0.43661388840288146
vn -0.13718498584836836 -0.8812838332671923 0.4522378631645818
vn -0.09219727531479827 -0.8812837675507988 0.46350683217833666
vn -0.04632188642041909 -0.8812837596531697 0.47031183039556645
vn -6.417400465151461e-8 -0.8812840418195165 0.4725869630388172
vn 0.04632138830263187 -0.881283780031312 0.4703118412707032
vn 0.09219668433490638 -0.881283815980589 0.4635068576497449
vn 0.13718398466016346 -0.8812839579052606 0.45223792398647733
vn 0.18085097428729585 -0.8812838575357272 0.43661388840288146
vn 0.2227759553608017 -0.8812838556912679 0.41678488385618645
vn 0.2625549979190622 -0.8812839980530445 0.3929419649812968
vn 0.29980598170006056 -0.8812839325809263 0.3653149374328405
vn 0.33416899957735974 -0.8812840109606933 0.3341699743341693
vn 0.36531399693195366 -0.881283987775597 0.29980696545601165
vn 0.39294105125907175 -0.8812841147699967 0.2625559736312982
vn 0.4167839951135985 -0.8812840222628058 0.22277695913500228
vn 0.4366130303669161 -0.8812840797517042 0.18085196291445163
vn 0.4522370543469455 -0.8812840939580902 0.13718597746149572
vn 0.46350603583319444 -0.881284051518974 0.09219856443838943
vn 0.47031103996099294 -0.8812841090695229 0.04632326405108478
vn 0.472587001560247 -0.8812840211608142 0.0000017090278539233182
vn 0.4703119114572572 -0.8812838243027162 -0.04631983337405653
vn 0.4635069534967985 -0.8812839065648201 -0.09219533659554677
vn 0.45223802342658037 -0.881284053909413 -0.137183040104128
vn 0.4366149046882966 -0.8812837599586376 -0.18084899622943928
vn 0.41678592041259593 -0.8812838585171157 -0.222774004908583
vn 0.3929430471753964 -0.881284089934515 -0.2625530698826578
vn 0.3653160510687201 -0.8812841227258097 -0.2998040657879013
vn 0.3341709996603018 -0.8812839905216712 -0.33416802814786695
vn 0.2998080023960349 -0.8812840342275591 -0.3653130338694438
vn 0.2625580064577714 -0.8812839586803781 -0.3929400430314555
vn 0.22277900079130333 -0.8812839605923158 -0.4167830342146257
vn 0.18085394399364865 -0.8812837214774462 -0.43661293292893344
vn 0.13718798213909875 -0.8812838246502727 -0.45223697103000093
vn 0.09220019352333202 -0.8812838943326224 -0.4635060106451559
vn 0.046324001424917494 -0.8812840578952352 -0.47031106322485317
vn 8.348560173683581e-7 -0.8812840005043413 -0.47258704008295355
vn 7.185261829759805e-7 -0.9233371985659486 -0.38399012714374525
vn -0.03763770630755358 -0.9233371912324454 -0.38214111837236875
vn -0.07491280783508553 -0.923337100520652 -0.37661209489922004
vn -0.11146601280666638 -0.9233370809161194 -0.36745606947536424
vn -0.1469469952329941 -0.9233369851485623 -0.35476103569692913
vn -0.18101203167873534 -0.9233371163686948 -0.33864910146563243
vn -0.2133330610539596 -0.9233372864751678 -0.31927615079429505
vn -0.24360105141923336 -0.9233372048138809 -0.29682812190547847
vn -0.2715220361831368 -0.9233371788336452 -0.2715220765434891
vn -0.29682808154512497 -0.9233372071405084 -0.24360109177958686
vn -0.319276110433938 -0.9233372911060858 -0.21333310141431674
vn -0.33864906110528276 -0.9233371232592285 -0.1810120720390851
vn -0.3547609953365853 -0.9233369942324015 -0.1469470355933382
vn -0.36745602911501607 -0.9233370921057991 -0.1114660531670147
vn -0.3766120629470026 -0.9233371343225154 -0.07491255184472038
vn -0.38214109102933874 -0.9233372129352184 -0.0376374515068419
vn -0.3839900867834848 -0.9233372153509205 1.39939699091027e-7
vn -0.3821410751186595 -0.9233372025905812 0.03763786682790087
vn -0.3766120488633636 -0.9233371063428387 0.07491296751145837
vn -0.36745597772218647 -0.9233370032757238 0.11146695841386317
vn -0.3547601391129246 -0.9233373260372421 0.14694701780905325
vn -0.33864906110528276 -0.9233371390838037 0.1810119913183853
vn -0.3192760354695944 -0.9233371131053689 0.21333398401816292
vn -0.29682808154512497 -0.9233372284367898 0.24360101105887946
vn -0.27152203618313686 -0.9233372025708568 0.27152199582278413
vn -0.24360004426290827 -0.9233371912418867 0.29682899067418
vn -0.2133330610539596 -0.9233373143871733 0.31927607007358044
vn -0.18101203167873534 -0.9233371459743374 0.3386490207449326
vn -0.14694601371124075 -0.923337147654904 0.3547610193001504
vn -0.11146601280666636 -0.9233371130401473 0.36745598875466734
vn -0.0749129041490637 -0.9233371267455065 0.37661201144587186
vn -0.03763780674790429 -0.9233372211447921 0.3821410362049862
vn -3.089160508841884e-8 -0.9233372321356679 0.38399004642313694
vn 0.037637411146488366 -0.9233372312843203 0.3821410506689849
vn 0.07491231144762622 -0.923337167973793 0.37661202826212176
vn 0.11146601280666636 -0.9233371130401473 0.36745598875466734
vn 0.14694601371124075 -0.923337147654904 0.3547610193001504
vn 0.18101105867507905 -0.9233373186058063 0.33864907014070905
vn 0.2133330610539596 -0.9233373143871733 0.31927607007358044
vn 0.24360004426290827 -0.9233371912418867 0.29682899067418
vn 0.27152105050911496 -0.9233371950983479 0.27152300690428055
vn 0.29682808154512497 -0.9233372284367898 0.24360101105887946
vn 0.3192751396068875 -0.9233374059431795 0.21333405732588245
vn 0.33864899804226845 -0.9233369724928683 0.18101295907385168
vn 0.35476006981500535 -0.9233371995613432 0.14694797981281937
vn 0.3674550813675743 -0.9233372359524948 0.1114679859006897
vn 0.37661203972746676 -0.9233370378013213 0.0749138582413066
vn 0.38214106075881205 -0.9233371678940631 0.037638863791310345
vn 0.38399008678314434 -0.9233372153501527 0.0000013034199327166248
vn 0.38214110972847315 -0.9233372581165108 -0.037636153222337335
vn 0.3766121090084773 -0.9233372203281702 -0.07491126020055161
vn 0.3674560700072492 -0.9233371948591319 -0.11146506719370392
vn 0.3547610971557294 -0.9233372649562577 -0.14694508868268055
vn 0.3386500551064353 -0.9233371519549061 -0.18101006600797387
vn 0.31927706165889713 -0.9233371978356135 -0.21333208148691007
vn 0.2968300272259084 -0.9233371144655135 -0.2435990722223012
vn 0.2715231279537495 -0.9233374218746465 -0.27152015827944115
vn 0.24360206381930563 -0.9233372579637573 -0.29682712571283754
vn 0.21333504723980973 -0.9233371860131172 -0.31927511419552684
vn 0.18101402512279255 -0.9233370994778343 -0.3386480819917709
vn 0.146949001694666 -0.9233370461369624 -0.35476004585072707
vn 0.11146901836572594 -0.9233371055631334 -0.3674550958074693
vn 0.07491513062215435 -0.9233372894502203 -0.3766111696625391
vn 0.037639503073655094 -0.9233371287006267 -0.38214109249235506
vn 7.185261829759805e-7 -0.9233371985659486 -0.38399012714374525
vn 4.980179003475529e-7 -0.9565138204989324 -0.29168700895701244
vn -0.028590398474044727 -0.9565139447822906 -0.2902820396650754
vn -0.05690529494476372 -0.9565139130777677 -0.2860820188266051
vn -0.08467229160228106 -0.9565138361028058 -0.2791270040299092
vn -0.11162396760989106 -0.9565137074682768 -0.2694839833465387
vn -0.13749998605673705 -0.9565138563705173 -0.2572450124017926
vn -0.16205295688211102 -0.9565137381695393 -0.24252898354361452
vn -0.18504398763756577 -0.9565138986355379 -0.2254770151395305
vn -0.20625396377761623 -0.9565137675981772 -0.20625400558816329
vn -0.2254769713736142 -0.9565138993254424 -0.18504403740034364
vn -0.24252894173306871 -0.9565137416872564 -0.16205299869265688
vn -0.25724497059124163 -0.9565138616047372 -0.13750002786728813
vn -0.26948394153599425 -0.9565137143685559 -0.11162400942043567
vn -0.27912696697376727 -0.9565138608951314 -0.08467213368939439
vn -0.2860819802909382 -0.9565139340449779 -0.05690513624107134
vn -0.2902819995085859 -0.9565139616715468 -0.028590241144488902
vn -0.29168696714649517 -0.9565138332490881 1.227104254818817e-7
vn -0.2902819962004436 -0.9565139532702737 0.028590555803597584
vn -0.2860819737411535 -0.9565139171206187 0.05690545364845009
vn -0.2791269599301957 -0.9565138441604633 0.08467234595486399
vn -0.26948394153599425 -0.9565137241270335 0.11162392579934627
vn -0.25724497059124163 -0.9565138736253683 0.13749994424618575
vn -0.24252894173306871 -0.9565137558543766 0.16205291507156486
vn -0.22547697137361414 -0.956513915502503 0.18504395377923777
vn -0.20625396377761618 -0.9565137856294721 0.2062539219670688
vn -0.18504398763756583 -0.9565139183473622 0.2254769315184246
vn -0.16205199409300436 -0.9565139127354276 0.24252893838476997
vn -0.13749998605673705 -0.956513878859588 0.2572449287806902
vn -0.11162396760989106 -0.9565137310273125 0.26948389972544934
vn -0.08467218804198132 -0.9565138689527941 0.27912692287405827
vn -0.056905395201884416 -0.9565139326130503 0.28608193356805034
vn -0.028590398474044727 -0.9565139701595502 0.2902819560439651
vn -7.929088805937653e-8 -0.9565138459991338 0.2916869253359483
vn 0.028590199333933565 -0.956513975609894 0.29028195769803034
vn 0.056904997886618236 -0.9565139543094214 0.2860819400571767
vn 0.08467189215539553 -0.9565138930896894 0.27912692991761245
vn 0.11162297540509791 -0.9565138392884952 0.2694839264432957
vn 0.13749998605673705 -0.956513878859588 0.2572449287806902
vn 0.16205199409300436 -0.9565139127354276 0.24252893838476997
vn 0.18504398763756583 -0.9565139183473622 0.2254769315184246
vn 0.2062530017351266 -0.9565139852400822 0.20625395830234472
vn 0.22547692838439187 -0.9565137403520516 0.1850449115324927
vn 0.24252800111288442 -0.9565139869883439 0.16205295854087595
vn 0.2572449373066776 -0.9565137414681041 0.1375009258615094
vn 0.2694829947664503 -0.9565139870535326 0.1116239584617009
vn 0.2791269433777069 -0.9565137874383317 0.08467304128821938
vn 0.2860819677182401 -0.9565138774177169 0.05690615128248196
vn 0.2902819903878951 -0.9565139341172606 0.02859125558563233
vn 0.29168696714635545 -0.9565138332486661 9.506623056903042e-7
vn 0.29028292009349993 -0.9565137124218569 -0.02858923312976014
vn 0.2860829376503376 -0.9565137079476894 -0.05690412369517237
vn 0.2791269860462841 -0.9565139433355052 -0.08467113950738964
vn 0.26948396825384535 -0.9565138226297807 -0.11162301721564727
vn 0.25724592632924415 -0.9565137500689195 -0.13749901569139292
vn 0.24252995908648492 -0.9565138181972458 -0.162051024505352
vn 0.22547796064926046 -0.9565138607125686 -0.18504303155262894
vn 0.2062549621552254 -0.9565137675972674 -0.20625300721014295
vn 0.1850459591902587 -0.956513761017663 -0.22547598091859422
vn 0.1620539776501337 -0.9565138136294858 -0.2425280038753202
vn 0.13750198090165475 -0.9565138430793644 -0.2572439955483234
vn 0.11162498511923902 -0.9565138629281567 -0.26948301008298303
vn 0.0846738955814812 -0.9565139790846855 -0.2791260274905194
vn 0.05690718823768005 -0.9565138080814921 -0.28608199327522144
vn 0.02859179803809443 -0.9565139064760022 -0.2902820280399155
vn 4.980179003475529e-7 -0.9565138204989324 -0.29168700895701244
vn 3.1576399176174026e-7 -0.9804909853394069 -0.19656405487285658
vn -0.01926660139249674 -0.9804910799895261 -0.19561707525611188
vn -0.03834769886402007 -0.9804910010285194 -0.1927870610127313
vn -0.05705940164307006 -0.980490997443579 -0.18810004948492312
vn -0.07522170855792469 -0.9804910762182731 -0.18160105731509138
vn -0.0926595014087254 -0.9804909961424789 -0.17335404028235327
vn -0.10920500453304328 -0.9804910005876967 -0.16343703604592044
vn -0.12469899688894726 -0.9804909806474298 -0.15194603332740178
vn -0.1389910248646009 -0.9804911922604114 -0.13899106772323444
vn -0.15194599046877744 -0.9804909818384336 -0.12469903974757156
vn -0.16343699318729527 -0.9804910029582523 -0.10920504739166853
vn -0.1733539990992177 -0.9804910091463279 -0.09265944085479835
vn -0.1816010158813462 -0.9804910885614238 -0.07522164769863315
vn -0.1881000077058399 -0.9804910087987755 -0.05705934424634152
vn -0.19278701889770772 -0.9804910115611476 -0.038347641287728114
vn -0.1956170327765664 -0.9804910895981315 -0.01926654370562522
vn -0.19656401201424065 -0.9804909939315409 6.714637450214129e-8
vn -0.195617031646331 -0.9804910856173978 0.019266757762913502
vn -0.1927870174105024 -0.980491007349867 0.03834775644031114
vn -0.18810000554675427 -0.9804910025326069 0.05705945903979727
vn -0.18160101445646284 -0.9804910874443515 0.07522166569929596
vn -0.17335399586791503 -0.9804909989706162 0.09265955457603953
vn -0.16343699318729527 -0.9804910125052575 0.10920496167441787
vn -0.15194599046877746 -0.980490992739967 0.12469895403032272
vn -0.1389910074977216 -0.9804910678081112 0.13899196301685307
vn -0.12469899688894723 -0.9804909939309707 0.1519459476101529
vn -0.10920500453304328 -0.9804910148758131 0.1634369503286698
vn -0.09265939799617286 -0.9804910207741434 0.173353956240592
vn -0.0752216048400042 -0.9804910997874976 0.18160097302271705
vn -0.057059301387716074 -0.9804910195150298 0.18809996484721428
vn -0.03834769886402007 -0.9804910178824966 0.19278697529548053
vn -0.019266701937996615 -0.980491095190823 0.19561698915976916
vn -6.843769953190821e-8 -0.980491002523626 0.19656396915561644
vn 0.01926650084699629 -0.9804910989909895 0.19561698991793733
vn 0.03834750171399574 -0.9804910253061512 0.19278697675514092
vn 0.057059201132360376 -0.9804910251422453 0.18809996592675401
vn 0.07522140481257927 -0.9804911146242742 0.18160097577070025
vn 0.09265919855767023 -0.9804910390503677 0.17335395947188706
vn 0.10920500453304328 -0.9804910148758131 0.1634369503286698
vn 0.1246980138476509 -0.9804911165624095 0.15194596304163707
vn 0.1389910074977216 -0.9804910678081112 0.13899196301685307
vn 0.15194501165590843 -0.9804911420435011 0.12469897275886804
vn 0.16343603124795392 -0.9804911715257203 0.10920497355907564
vn 0.1733530311109589 -0.9804911397770081 0.09265986954138755
vn 0.18160100906224397 -0.9804910583201728 0.0752220583456883
vn 0.1880990294435315 -0.9804911601762841 0.057059967915919885
vn 0.19278701371999635 -0.98049098858043 0.038348254895064715
vn 0.1956170297578862 -0.9804910761519694 0.019267258628447994
vn 0.19656401201419807 -0.9804909939313531 6.242983550758581e-7
vn 0.1956170268685355 -0.9804911045055502 -0.019265845026905967
vn 0.1927870240477847 -0.9804910377538347 -0.03834694568289841
vn 0.18810001522259767 -0.9804910479806941 -0.05705864617197881
vn 0.18160103426296728 -0.9804911461086737 -0.07522085320654148
vn 0.1733540103488848 -0.980491072774527 -0.09265874651329928
vn 0.16343702077655917 -0.9804911088910141 -0.10920405498584737
vn 0.15194600590026697 -0.9804911044699147 -0.1246980567062806
vn 0.13899200587548086 -0.9804910556570873 -0.13899105035634918
vn 0.12469901561749909 -0.9804911299510061 -0.15194505451453927
vn 0.10920600882348988 -0.9804910536744801 -0.16343604651713614
vn 0.0926604038388548 -0.9804910846101051 -0.17335305754592326
vn 0.07522270128646849 -0.9804910025832241 -0.18160104367682062
vn 0.05706060859345688 -0.9804911159045383 -0.18809906586481898
vn 0.03834890326192657 -0.9804911491101901 -0.19278606831196762
vn 0.01926760126160833 -0.9804910610937635 -0.19561707148623178
vn 3.1576399176174026e-7 -0.9804909853394069 -0.19656405487285658
vn 1.6998701847855904e-7 -0.995034095675343 -0.09953465950875415
vn -0.009756101325164525 -0.9950340973359466 -0.09905535637092557
vn -0.019418202517890577 -0.9950341034426247 -0.09762205896776807
vn -0.028893403921455924 -0.9950341017805583 -0.09524866142675723
vn -0.03809020254173441 -0.9950341056404813 -0.09195795279679225
vn -0.04692030737109397 -0.9950341030690816 -0.08778165232957355
vn -0.055298407355292484 -0.9950341080448974 -0.08275995391047082
vn -0.06314400671142453 -0.9950341090719362 -0.07694125161345972
vn -0.07038160469125866 -0.995034103412412 -0.07038155132803449
vn -0.07694130440329133 -0.9950341022596971 -0.0631440497351781
vn -0.08276000661029716 -0.9950341012691577 -0.05529845040634875
vn -0.08778160924952334 -0.9950341095511273 -0.04692025050401361
vn -0.09195790930246779 -0.9950341079951137 -0.038090246036058914
vn -0.09524861820924213 -0.9950341075727852 -0.028893346916910617
vn -0.09762201547344367 -0.995034106861022 -0.019418246012215007
vn -0.09905521703781543 -0.9950341114730586 -0.009756074139311986
vn -0.09953451273969655 -0.9950341103568617 -3.761217154741493e-10
vn -0.09905521691181224 -0.9950341110602305 0.009756117523414633
vn -0.09762201528630485 -0.9950341066511655 0.019418257706535637
vn -0.09524861793243292 -0.9950341072069787 0.028893360427131528
vn -0.09195790509585142 -0.9950341078365158 0.03809026033478281
vn -0.0877816088352492 -0.9950341089570897 0.04692026387676952
vn -0.08275990995582937 -0.9950341085451677 0.05529846413623295
vn -0.07694120761236657 -0.9950341086415291 0.0631440671093351
vn -0.07038150783371014 -0.9950341095653633 0.0703815611969342
vn -0.06314400624085383 -0.9950341083830208 0.07694126090896694
vn -0.05529840691202452 -0.9950341073038829 0.0827599631159728
vn -0.046920207009689026 -0.9950341154391309 0.08778156575519865
vn -0.038090203026840776 -0.9950341044590187 0.0919579653799105
vn -0.028893303422586135 -0.9950341129992011 0.09524857471491753
vn -0.019418202517890573 -0.9950341119770126 0.09762197197911913
vn -0.009756120881077107 -0.9950341058057773 0.09905526936337665
vn -1.981510268137565e-8 -0.9950341147076525 0.09953446924537196
vn 0.009756010995472927 -0.9950341068726064 0.09905526946957909
vn 0.01941810197297773 -0.9950341139204466 0.09762197216978784
vn 0.028893204784805677 -0.9950341158373843 0.09524857498659958
vn 0.03809010258993393 -0.9950341082712089 0.09195796573222129
vn 0.04692010624935307 -0.9950341116749671 0.0877816622806737
vn 0.05529830663675876 -0.9950341128383279 0.08275996357628916
vn 0.06314390976949164 -0.9950341144686186 0.07694126137953732
vn 0.07038141093925336 -0.9950341090435686 0.070381665468155
vn 0.07694111085763786 -0.9950341099712408 0.06314416405126584
vn 0.08275980590180924 -0.9950341116003647 0.05529856488886269
vn 0.08778150450232648 -0.9950341086760554 0.046920465029194836
vn 0.09195780870504185 -0.9950341128868921 0.03809036111095219
vn 0.09524851402212223 -0.9950341113628834 0.02889355985084187
vn 0.09762201471782071 -0.9950341008567775 0.019418557479326366
vn 0.09905521666070083 -0.9950341085377657 0.009756377337683036
vn 0.09953451273969105 -0.9950341103568194 2.916556991225307e-7
vn 0.09905531326360392 -0.9950341051268885 -0.009755744388895437
vn 0.09762211216707196 -0.9950341051902465 -0.019417845510899156
vn 0.09524871528504514 -0.9950341098528379 -0.028892948377050302
vn 0.09195810630891854 -0.995034105019356 -0.03808984815415693
vn 0.08778181050684036 -0.995034110589893 -0.04691985194692763
vn 0.08276020822235866 -0.9950341066360981 -0.05529805209854631
vn 0.07694160951660606 -0.9950340975977132 -0.0631437514161072
vn 0.07038191064484658 -0.995034110195401 -0.07038114947645491
vn 0.06314450535787662 -0.9950341005239203 -0.07694095292925587
vn 0.055298906415709934 -0.9950341057329116 -0.0827596482443672
vn 0.04692080668849979 -0.9950341057941872 -0.08778135454675334
vn 0.03809080297227287 -0.9950341009571333 -0.09195775476465903
vn 0.02889390324723987 -0.9950341064943833 -0.0952484607123041
vn 0.019418802247082756 -0.9950341012622658 -0.09762196189630581
vn 0.009756600466548844 -0.99503409248987 -0.09905535588850002
vn 1.6998701847855904e-7 -0.995034095675343 -0.09953465950875415
vn 1.6650700374043468e-8 -0.9999999999999969 -7.684568936738847e-8
vn 1.6650700374043468e-8 -0.9999999999999969 -7.684568936738847e-8
vn 1.6650700374043468e-8 -0.9999999999999969 -7.684568936738847e-8
vn 1.6650700374043468e-8 -0.9999999999999969 -7.684568936738847e-8
vn 1.6650700374043468e-8 -0.9999999999999969 -7.684568936738847e-8
vn 1.6650700374043468e-8 -0.9999999999999969 -7.684568936738847e-8
vn 1.6650700374043468e-8 -0.9999999999999969 -7.684568936738847e-8
vn 1.6650700374043468e-8 -0.9999999999999969 -7.684568936738847e-8
vn 1.6650700374043468e-8 -0.9999999999999969 -7.684568936738847e-8
vn 1.6650700374043468e-8 -0.9999999999999969 -7.684568936738847e-8
vn 1.6650700374043468e-8 -0.9999999999999969 -7.684568936738847e-8
vn 1.6650700374043468e-8 -0.9999999999999969 -7.684568936738847e-8
vn 1.6650700374043468e-8 -0.9999999999999969 -7.684568936738847e-8
vn 1.6650700374043468e-8 -0.9999999999999969 -7.684568936738847e-8
vn 1.6650700374043468e-8 -0.9999999999999969 -7.684568936738847e-8
vn 1.6650700374043468e-8 -0.9999999999999969 -7.684568936738847e-8
vn 1.6650700374043468e-8 -0.9999999999999969 -7.684568936738847e-8
vn 1.6650700374043468e-8 -0.9999999999999969 -7.684568936738847e-8
vn 1.6650700374043468e-8 -0.9999999999999969 -7.684568936738847e-8
vn 1.6650700374043468e-8 -0.9999999999999969 -7.684568936738847e-8
vn 1.6650700374043468e-8 -0.9999999999999969 -7.684568936738847e-8
vn 1.6650700374043468e-8 -0.9999999999999969 -7.684568936738847e-8
vn 1.6650700374043468e-8 -0.9999999999999969 -7.684568936738847e-8
vn 1.6650700374043468e-8 -0.9999999999999969 -7.684568936738847e-8
vn 1.6650700374043468e-8 -0.9999999999999969 -7.684568936738847e-8
vn 1.6650700374043468e-8 -0.9999999999999969 -7.684568936738847e-8
vn 1.6650700374043468e-8 -0.9999999999999969 -7.684568936738847e-8
vn 1.6650700374043468e-8 -0.9999999999999969 -7.684568936738847e-8
vn 1.6650700374043468e-8 -0.9999999999999969 -7.684568936738847e-8
vn 1.6650700374043468e-8 -0.9999999999999969 -7.684568936738847e-8
vn 1.6650700374043468e-8 -0.9999999999999969 -7.684568936738847e-8
vn 1.6650700374043468e-8 -0.9999999999999969 -7.684568936738847e-8
vn 1.6650700374043468e-8 -0.9999999999999969 -7.684568936738847e-8
vn 1.6650700374043468e-8 -0.9999999999999969 -7.684568936738847e-8
vn 1.6650700374043468e-8 -0.9999999999999969 -7.684568936738847e-8
vn 1.6650700374043468e-8 -0.9999999999999969 -7.684568936738847e-8
vn 1.6650700374043468e-8 -0.9999999999999969 -7.684568936738847e-8
vn 1.6650700374043468e-8 -0.9999999999999969 -7.684568936738847e-8
vn 1.6650700374043468e-8 -0.9999999999999969 -7.684568936738847e-8
vn 1.6650700374043468e-8 -0.9999999999999969 -7.684568936738847e-8
vn 1.6650700374043468e-8 -0.9999999999999969 -7.684568936738847e-8
vn 1.6650700374043468e-8 -0.9999999999999969 -7.684568936738847e-8
vn 1.6650700374043468e-8 -0.9999999999999969 -7.684568936738847e-8
vn 1.6650700374043468e-8 -0.9999999999999969 -7.684568936738847e-8
vn 1.6650700374043468e-8 -0.9999999999999969 -7.684568936738847e-8
vn 1.6650700374043468e-8 -0.9999999999999969 -7.684568936738847e-8
vn 1.6650700374043468e-8 -0.9999999999999969 -7.684568936738847e-8
vn 1.6650700374043468e-8 -0.9999999999999969 -7.684568936738847e-8
vn 1.6650700374043468e-8 -0.9999999999999969 -7.684568936738847e-8
vn 1.6650700374043468e-8 -0.9999999999999969 -7.684568936738847e-8
vn 1.6650700374043468e-8 -0.9999999999999969 -7.684568936738847e-8
vn 1.6650700374043468e-8 -0.9999999999999969 -7.684568936738847e-8
vn 1.6650700374043468e-8 -0.9999999999999969 -7.684568936738847e-8
vn 1.6650700374043468e-8 -0.9999999999999969 -7.684568936738847e-8
vn 1.6650700374043468e-8 -0.9999999999999969 -7.684568936738847e-8
vn 1.6650700374043468e-8 -0.9999999999999969 -7.684568936738847e-8
vn 1.6650700374043468e-8 -0.9999999999999969 -7.684568936738847e-8
vn 1.6650700374043468e-8 -0.9999999999999969 -7.684568936738847e-8
vn 1.6650700374043468e-8 -0.9999999999999969 -7.684568936738847e-8
vn 1.6650700374043468e-8 -0.9999999999999969 -7.684568936738847e-8
vn 1.6650700374043468e-8 -0.9999999999999969 -7.684568936738847e-8
vn 1.6650700374043468e-8 -0.9999999999999969 -7.684568936738847e-8
vn 1.6650700374043468e-8 -0.9999999999999969 -7.684568936738847e-8
vn 1.6650700374043468e-8 -0.9999999999999969 -7.684568936738847e-8
f 1/1/1 2/2/2 3/3/3
f 4/4/4 3/3/3 5/5/5
f 6/6/6 5/5/5 7/7/7
f 8/8/8 7/7/7 9/9/9
f 10/10/10 9/9/9 11/11/11
f 12/12/12 11/11/11 13/13/13
f 14/14/14 13/13/13 15/15/15
f 16/16/16 15/15/15 17/17/17
f 18/18/18 17/17/17 19/19/19
f 20/20/20 19/19/19 21/21/21
f 22/22/22 21/21/21 23/23/23
f 24/24/24 23/23/23 25/25/25
f 26/26/26 25/25/25 27/27/27
f 28/28/28 27/27/27 29/29/29
f 30/30/30 29/29/29 31/31/31
f 32/32/32 31/31/31 33/33/33
f 34/34/34 33/33/33 35/35/35
f 36/36/36 35/35/35 37/37/37
f 38/38/38 37/37/37 39/39/39
f 40/40/40 39/39/39 41/41/41
f 42/42/42 41/41/41 43/43/43
f 44/44/44 43/43/43 45/45/45
f 46/46/46 45/45/45 47/47/47
f 48/48/48 47/47/47 49/49/49
f 50/50/50 49/49/49 51/51/51
f 52/52/52 51/51/51 53/53/53
f 54/54/54 53/53/53 55/55/55
f 56/56/56 55/55/55 57/57/57
f 58/58/58 57/57/57 59/59/59
f 60/60/60 59/59/59 61/61/61
f 62/62/62 61/61/61 63/63/63
f 64/64/64 63/63/63 65/65/65
f 66/66/66 65/65/65 67/67/67
f 68/68/68 67/67/67 69/69/69
f 70/70/70 69/69/69 71/71/71
f 72/72/72 71/71/71 73/73/73
f 74/74/74 73/73/73 75/75/75
f 76/76/76 75/75/75 77/77/77
f 78/78/78 77/77/77 79/79/79
f 80/80/80 79/79/79 81/81/81
f 82/82/82 81/81/81 83/83/83
f 84/84/84 83/83/83 85/85/85
f 86/86/86 85/85/85 87/87/87
f 88/88/88 87/87/87 89/89/89
f 90/90/90 89/89/89 91/91/91
f 92/92/92 91/91/91 93/93/93
f 94/94/94 93/93/93 95/95/95
f 96/96/96 95/95/95 97/97/97
f 98/98/98 97/97/97 99/99/99
f 100/100/100 99/99/99 101/101/101
f 102/102/102 101/101/101 103/103/103
f 104/104/104 103/103/103 105/105/105
f 106/106/106 105/105/105 107/107/107
f 108/108/108 107/107/107 109/109/109
f 110/110/110 109/109/109 111/111/111
f 112/112/112 111/111/111 113/113/113
f 114/114/114 113/113/113 115/115/115
f 116/116/116 115/115/115 117/117/117
f 118/118/118 117/117/117 119/119/119
f 120/120/120 119/119/119 121/121/121
f 122/122/122 121/121/121 123/123/123
f 124/124/124 123/123/123 125/125/125
f 126/126/126 125/125/125 127/127/127
f 128/128/128 127/127/127 129/129/129
f 3/3/3 2/2/2 130/130/130
f 130/130/130 131/131/131 3/3/3
f 5/5/5 3/3/3 131/131/131
f 131/131/131 132/132/132 5/5/5
f 7/7/7 5/5/5 132/132/132
f 132/132/132 133/133/133 7/7/7
f 9/9/9 7/7/7 133/133/133
f 133/133/133 134/134/134 9/9/9
f 11/11/11 9/9/9 134/134/134
f 134/134/134 135/135/135 11/11/11
f 13/13/13 11/11/11 135/135/135
f 135/135/135 136/136/136 13/13/13
f 15/15/15 13/13/13 136/136/136
f 136/136/136 137/137/137 15/15/15
f 17/17/17 15/15/15 137/137/137
f 137/137/137 138/138/138 17/17/17
f 19/19/19 17/17/17 138/138/138
f 138/138/138 139/139/139 19/19/19
f 21/21/21 19/19/19 139/139/139
f 139/139/139 140/140/140 21/21/21
f 23/23/23 21/21/21 140/140/140
f 140/140/140 141/141/141 23/23/23
f 25/25/25 23/23/23 141/141/141
f 141/141/141 142/142/142 25/25/25
f 27/27/27 25/25/25 142/142/142
f 142/142/142 143/143/143 27/27/27
f 29/29/29 27/27/27 143/143/143
f 143/143/143 144/144/144 29/29/29
f 31/31/31 29/29/29 144/144/144
f 144/144/144 145/145/145 31/31/31
f 33/33/33 31/31/31 145/145/145
f 145/145/145 146/146/146 33/33/33
f 35/35/35 33/33/33 146/146/146
f 146/146/146 147/147/147 35/35/35
f 37/37/37 35/35/35 147/147/147
f 147/147/147 148/148/148 37/37/37
f 39/39/39 37/37/37 148/148/148
f 148/148/148 149/149/149 39/39/39
f 41/41/41 39/39/39 149/149/149
f 149/149/149 150/150/150 41/41/41
f 43/43/43 41/41/41 150/150/150
f 150/150/150 151/151/151 43/43/43
f 45/45/45 43/43/43 151/151/151
f 151/151/151 152/152/152 45/45/45
f 47/47/47 45/45/45 152/152/152
f 152/152/152 153/153/153 47/47/47
f 49/49/49 47/47/47 153/153/153
f 153/153/153 154/154/154 49/49/49
f 51/51/51 49/49/49 154/154/154
f 154/154/154 155/155/155 51/51/51
f 53/53/53 51/51/51 155/155/155
f 155/155/155 156/156/156 53/53/53
f 55/55/55 53/53/53 156/156/156
f 156/156/156 157/157/157 55/55/55
f 57/57/57 55/55/55 157/157/157
f 157/157/157 158/158/158 57/57/57
f 59/59/59 57/57/57 158/158/158
f 158/158/158 159/159/159 59/59/59
f 61/61/61 59/59/59 159/159/159
f 159/159/159 160/160/160 61/61/61
f 63/63/63 61/61/61 160/160/160
f 160/160/160 161/161/161 63/63/63
f 65/65/65 63/63/63 161/161/161
f 161/161/161 162/162/162 65/65/65
f 67/67/67 65/65/65 162/162/162
f 162/162/162 163/163/163 67/67/67
f 69/69/69 67/67/67 163/163/163
f 163/163/163 164/164/164 69/69/69
f 71/71/71 69/69/69 164/164/164
f 164/164/164 165/165/165 71/71/71
f 73/73/73 71/71/71 165/165/165
f 165/165/165 166/166/166 73/73/73
f 75/75/75 73/73/73 166/166/166
f 166/166/166 167/167/167 75/75/75
f 77/77/77 75/75/75 167/167/167
f 167/167/167 168/168/168 77/77/77
f 79/79/79 77/77/77 168/168/168
f 168/168/168 169/169/169 79/79/79
f 81/81/81 79/79/79 169/169/169
f 169/169/169 170/170/170 81/81/81
f 83/83/83 81/81/81 170/170/170
f 170/170/170 171/171/171 83/83/83
f 85/85/85 83/83/83 171/171/171
f 171/171/171 172/172/172 85/85/85
f 87/87/87 85/85/85 172/172/172
f 172/172/172 173/173/173 87/87/87
f 89/89/89 87/87/87 173/173/173
f 173/173/173 174/174/174 89/89/89
f 91/91/91 89/89/89 174/174/174
f 174/174/174 175/175/175 91/91/91
f 93/93/93 91/91/91 175/175/175
f 175/175/175 176/176/176 93/93/93
f 95/95/95 93/93/93 176/176/176
f 176/176/176 177/177/177 95/95/95
f 97/97/97 95/95/95 177/177/177
f 177/177/177 178/178/178 97/97/97
f 99/99/99 97/97/97 178/178/178
f 178/178/178 179/179/179 99/99/99
f 101/101/101 99/99/99 179/179/179
f 179/179/179 180/180/180 101/101/101
f 103/103/103 101/101/101 180/180/180
f 180/180/180 181/181/181 103/103/103
f 105/105/105 103/103/103 181/181/181
f 181/181/181 182/182/182 105/105/105
f 107/107/107 105/105/105 182/182/182
f 182/182/182 183/183/183 107/107/107
f 109/109/109 107/107/107 183/183/183
f 183/183/183 184/184/184 109/109/109
f 111/111/111 109/109/109 184/184/184
f 184/184/184 185/185/185 111/111/111
f 113/113/113 111/111/111 185/185/185
f 185/185/185 186/186/186 113/113/113
f 115/115/115 113/113/113 186/186/186
f 186/186/186 187/187/187 115/115/115
f 117/117/117 115/115/115 187/187/187
f 187/187/187 188/188/188 117/117/117
f 119/119/119 117/117/117 188/188/188
f 188/188/188 189/189/189 119/119/119
f 121/121/121 119/119/119 189/189/189
f 189/189/189 190/190/190 121/121/121
f 123/123/123 121/121/121 190/190/190
f 190/190/190 191/191/191 123/123/123
f 125/125/125 123/123/123 191/191/191
f 191/191/191 192/192/192 125/125/125
f 127/127/127 125/125/125 192/192/192
f 192/192/192 193/193/193 127/127/127
f 129/129/129 127/127/127 193/193/193
f 193/193/193 194/194/194 129/129/129
f 131/131/131 130/130/130 195/195/195
f 195/195/195 196/196/196 131/131/131
f 132/132/132 131/131/131 196/196/196
f 196/196/196 197/197/197 132/132/132
f 133/133/133 132/132/132 197/197/197
f 197/197/197 198/198/198 133/133/133
f 134/134/134 133/133/133 198/198/198
f 198/198/198 199/199/199 134/134/134
f 135/135/135 134/134/134 199/199/199
f 199/199/199 200/200/200 135/135/135
f 136/136/136 135/135/135 200/200/200
f 200/200/200 201/201/201 136/136/136
f 137/137/137 136/136/136 201/201/201
f 201/201/201 202/202/202 137/137/137
f 138/138/138 137/137/137 202/202/202
f 202/202/202 203/203/203 138/138/138
f 139/139/139 138/138/138 203/203/203
f 203/203/203 204/204/204 139/139/139
f 140/140/140 139/139/139 204/204/204
f 204/204/204 205/205/205 140/140/140
f 141/141/141 140/140/140 205/205/205
f 205/205/205 206/206/206 141/141/141
f 142/142/142 141/141/141 206/206/206
f 206/206/206 207/207/207 142/142/142
f 143/143/143 142/142/142 207/207/207
f 207/207/207 208/208/208 143/143/143
f 144/144/144 143/143/143 208/208/208
f 208/208/208 209/209/209 144/144/144
f 145/145/145 144/144/144 209/209/209
f 209/209/209 210/210/210 145/145/145
f 146/146/146 145/145/145 210/210/210
f 210/210/210 211/211/211 146/146/146
f 147/147/147 146/146/146 211/211/211
f 211/211/211 212/212/212 147/147/147
f 148/148/148 147/147/147 212/212/212
f 212/212/212 213/213/213 148/148/148
f 149/149/149 148/148/148 213/213/213
f 213/213/213 214/214/214 149/149/149
f 150/150/150 149/149/149 214/214/214
f 214/214/214 215/215/215 150/150/150
f 151/151/151 150/150/150 215/215/215
f 215/215/215 216/216/216 151/151/151
f 152/152/152 151/151/151 216/216/216
f 216/216/216 217/217/217 152/152/152
f 153/153/153 152/152/152 217/217/217
f 217/217/217 218/218/218 153/153/153
f 154/154/154 153/153/153 218/218/218
f 218/218/218 219/219/219 154/154/154
f 155/155/155 154/154/154 219/219/219
f 219/219/219 220/220/220 155/155/155
f 156/156/156 155/155/155 220/220/220
f 220/220/220 221/221/221 156/156/156
f 157/157/157 156/156/156 221/221/221
f 221/221/221 222/222/222 157/157/157
f 158/158/158 157/157/157 222/222/222
f 222/222/222 223/223/223 158/158/158
f 159/159/159 158/158/158 223/223/223
f 223/223/223 224/224/224 159/159/159
f 160/160/160 159/159/159 224/224/224
f 224/224/224 225/225/225 160/160/160
f 161/161/161 160/160/160 225/225/225
f 225/225/225 226/226/226 161/161/161
f 162/162/162 161/161/161 226/226/226
f 226/226/226 227/227/227 162/162/162
f 163/163/163 162/162/162 227/227/227
f 227/227/227 228/228/228 163/163/163
f 164/164/164 163/163/163 228/228/228
f 228/228/228 229/229/229 164/164/164
f 165/165/165 164/164/164 229/229/229
f 229/229/229 230/230/230 165/165/165
f 166/166/166 165/165/165 230/230/230
f 230/230/230 231/231/231 166/166/166
f 167/167/167 166/166/166 231/231/231
f 231/231/231 232/232/232 167/167/167
f 168/168/168 167/167/167 232/232/232
f 232/232/232 233/233/233 168/168/168
f 169/169/169 168/168/168 233/233/233
f 233/233/233 234/234/234 169/169/169
f 170/170/170 169/169/169 234/234/234
f 234/234/234 235/235/235 170/170/170
f 171/171/171 170/170/170 235/235/235
f 235/235/235 236/236/236 171/171/171
f 172/172/172 171/171/171 236/236/236
f 236/236/236 237/237/237 172/172/172
f 173/173/173 172/172/172 237/237/237
f 237/237/237 238/238/238 173/173/173
f 174/174/174 173/173/173 238/238/238
f 238/238/238 239/239/239 174/174/174
f 175/175/175 174/174/174 239/239/239
f 239/239/239 240/240/240 175/175/175
f 176/176/176 175/175/175 240/240/240
f 240/240/240 241/241/241 176/176/176
f 177/177/177 176/176/176 241/241/241
f 241/241/241 242/242/242 177/177/177
f 178/178/178 177/177/177 242/242/242
f 242/242/242 243/243/243 178/178/178
f 179/179/179 178/178/178 243/243/243
f 243/243/243 244/244/244 179/179/179
f 180/180/180 179/179/179 244/244/244
f 244/244/244 245/245/245 180/180/180
f 181/181/181 180/180/180 245/245/245
f 245/245/245 246/246/246 181/181/181
f 182/182/182 181/181/181 246/246/246
f 246/246/246 247/247/247 182/182/182
f 183/183/183 182/182/182 247/247/247
f 247/247/247 248/248/248 183/183/183
f 184/184/184 183/183/183 248/248/248
f 248/248/248 249/249/249 184/184/184
f 185/185/185 184/184/184 249/249/249
f 249/249/249 250/250/250 185/185/185
f 186/186/186 185/185/185 250/250/250
f 250/250/250 251/251/251 186/186/186
f 187/187/187 186/186/186 251/251/251
f 251/251/251 252/252/252 187/187/187
f 188/188/188 187/187/187 252/252/252
f 252/252/252 253/253/253 188/188/188
f 189/189/189 188/188/188 253/253/253
f 253/253/253 254/254/254 189/189/189
f 190/190/190 189/189/189 254/254/254
f 254/254/254 255/255/255 190/190/190
f 191/191/191 190/190/190 255/255/255
f 255/255/255 256/256/256 191/191/191
f 192/192/192 191/191/191 256/256/256
f 256/256/256 257/257/257 192/192/192
f 193/193/193 192/192/192 257/257/257
f 257/257/257 258/258/258 193/193/193
f 194/194/194 193/193/193 258/258/258
f 258/258/258 259/259/259 194/194/194
f 196/196/196 195/195/195 260/260/260
f 260/260/260 261/261/261 196/196/196
f 197/197/197 196/196/196 261/261/261
f 261/261/261 262/262/262 197/197/197
f 198/198/198 197/197/197 262/262/262
f 262/262/262 263/263/263 198/198/198
f 199/199/199 198/198/198 263/263/263
f 263/263/263 264/264/264 199/199/199
f 200/200/200 199/199/199 264/264/264
f 264/264/264 265/265/265 200/200/200
f 201/201/201 200/200/200 265/265/265
f 265/265/265 266/266/266 201/201/201
f 202/202/202 201/201/201 266/266/266
f 266/266/266 267/267/267 202/202/202
f 203/203/203 202/202/202 267/267/267
f 267/267/267 268/268/268 203/203/203
f 204/204/204 203/203/203 268/268/268
f 268/268/268 269/269/269 204/204/204
f 205/205/205 204/204/204 269/269/269
f 269/269/269 270/270/270 205/205/205
f 206/206/206 205/205/205 270/270/270
f 270/270/270 271/271/271 206/206/206
f 207/207/207 206/206/206 271/271/271
f 271/271/271 272/272/272 207/207/207
f 208/208/208 207/207/207 272/272/272
f 272/272/272 273/273/273 208/208/208
f 209/209/209 208/208/208 273/273/273
f 273/273/273 274/274/274 209/209/209
f 210/210/210 209/209/209 274/274/274
f 274/274/274 275/275/275 210/210/210
f 211/211/211 210/210/210 275/275/275
f 275/275/275 276/276/276 211/211/211
f 212/212/212 211/211/211 276/276/276
f 276/276/276 277/277/277 212/212/212
f 213/213/213 212/212/212 277/277/277
f 277/277/277 278/278/278 213/213/213
f 214/214/214 213/213/213 278/278/278
f 278/278/278 279/279/279 214/214/214
f 215/215/215 214/214/214 279/279/279
f 279/279/279 280/280/280 215/215/215
f 216/216/216 215/215/215 280/280/280
f 280/280/280 281/281/281 216/216/216
f 217/217/217 216/216/216 281/281/281
f 281/281/281 282/282/282 217/217/217
f 218/218/218 217/217/217 282/282/282
f 282/282/282 283/283/283 218/218/218
f 219/219/219 218/218/218 283/283/283
f 283/283/283 284/284/284 219/219/219
f 220/220/220 219/219/219 284/284/284
f 284/284/284 285/285/285 220/220/220
f 221/221/221 220/220/220 285/285/285
f 285/285/285 286/286/286 221/221/221
f 222/222/222 221/221/221 286/286/286
f 286/286/286 287/287/287 222/222/222
f 223/223/223 222/222/222 287/287/287
f 287/287/287 288/288/288 223/223/223
f 224/224/224 223/223/223 288/288/288
f 288/288/288 289/289/289 224/224/224
f 225/225/225 224/224/224 289/289/289
f 289/289/289 290/290/290 225/225/225
f 226/226/226 225/225/225 290/290/290
f 290/290/290 291/291/291 226/226/226
f 227/227/227 226/226/226 291/291/291
f 291/291/291 292/292/292 227/227/227
f 228/228/228 227/227/227 292/292/292
f 292/292/292 293/293/293 228/228/228
f 229/229/229 228/228/228 293/293/293
f 293/293/293 294/294/294 229/229/229
f 230/230/230 229/229/229 294/294/294
f 294/294/294 295/295/295 230/230/230
f 231/231/231 230/230/230 295/295/295
f 295/295/295 296/296/296 231/231/231
f 232/232/232 231/231/231 296/296/296
f 296/296/296 297/297/297 232/232/232
f 233/233/233 232/232/232 297/297/297
f 297/297/297 298/298/298 233/233/233
f 234/234/234 233/233/233 298/298/298
f 298/298/298 299/299/299 234/234/234
f 235/235/235 234/234/234 299/299/299
f 299/299/299 300/300/300 235/235/235
f 236/236/236 235/235/235 300/300/300
f 300/300/300 301/301/301 236/236/236
f 237/237/237 236/236/236 301/301/301
f 301/301/301 302/302/302 237/237/237
f 238/238/238 237/237/237 302/302/302
f 302/302/302 303/303/303 238/238/238
f 239/239/239 238/238/238 303/303/303
f 303/303/303 304/304/304 239/239/239
f 240/240/240 239/239/239 304/304/304
f 304/304/304 305/305/305 240/240/240
f 241/241/241 240/240/240 305/305/305
f 305/305/305 306/306/306 241/241/241
f 242/242/242 241/241/241 306/306/306
f 306/306/306 307/307/307 242/242/242
f 243/243/243 242/242/242 307/307/307
f 307/307/307 308/308/308 243/243/243
f 244/244/244 243/243/243 308/308/308
f 308/308/308 309/309/309 244/244/244
f 245/245/245 244/244/244 309/309/309
f 309/309/309 310/310/310 245/245/245
f 246/246/246 245/245/245 310/310/310
f 310/310/310 311/311/311 246/246/246
f 247/247/247 246/246/246 311/311/311
f 311/311/311 312/312/312 247/247/247
f 248/248/248 247/247/247 312/312/312
f 312/312/312 313/313/313 248/248/248
f 249/249/249 248/248/248 313/313/313
f 313/313/313 314/314/314 249/249/249
f 250/250/250 249/249/249 314/314/314
f 314/314/314 315/315/315 250/250/250
f 251/251/251 250/250/250 315/315/315
f 315/315/315 316/316/316 251/251/251
f 252/252/252 251/251/251 316/316/316
f 316/316/316 317/317/317 252/252/252
f 253/253/253 252/252/252 317/317/317
f 317/317/317 318/318/318 253/253/253
f 254/254/254 253/253/253 318/318/318
f 318/318/318 319/319/319 254/254/254
f 255/255/255 254/254/254 319/319/319
f 319/319/319 320/320/320 255/255/255
f 256/256/256 255/255/255 320/320/320
f 320/320/320 321/321/321 256/256/256
f 257/257/257 256/256/256 321/321/321
f 321/321/321 322/322/322 257/257/257
f 258/258/258 257/257/257 322/322/322
f 322/322/322 323/323/323 258/258/258
f 259/259/259 258/258/258 323/323/323
f 323/323/323 324/324/324 259/259/259
f 261/261/261 260/260/260 325/325/325
f 325/325/325 326/326/326 261/261/261
f 262/262/262 261/261/261 326/326/326
f 326/326/326 327/327/327 262/262/262
f 263/263/263 262/262/262 327/327/327
f 327/327/327 328/328/328 263/263/263
f 264/264/264 263/263/263 328/328/328
f 328/328/328 329/329/329 264/264/264
f 265/265/265 264/264/264 329/329/329
f 329/329/329 330/330/330 265/265/265
f 266/266/266 265/265/265 330/330/330
f 330/330/330 331/331/331 266/266/266
f 267/267/267 266/266/266 331/331/331
f 331/331/331 332/332/332 267/267/267
f 268/268/268 267/267/267 332/332/332
f 332/332/332 333/333/333 268/268/268
f 269/269/269 268/268/268 333/333/333
f 333/333/333 334/334/334 269/269/269
f 270/270/270 269/269/269 334/334/334
f 334/334/334 335/335/335 270/270/270
f 271/271/271 270/270/270 335/335/335
f 335/335/335 336/336/336 271/271/271
f 272/272/272 271/271/271 336/336/336
f 336/336/336 337/337/337 272/272/272
f 273/273/273 272/272/272 337/337/337
f 337/337/337 338/338/338 273/273/273
f 274/274/274 273/273/273 338/338/338
f 338/338/338 339/339/339 274/274/274
f 275/275/275 274/274/274 339/339/339
f 339/339/339 340/340/340 275/275/275
f 276/276/276 275/275/275 340/340/340
f 340/340/340 341/341/341 276/276/276
f 277/277/277 276/276/276 341/341/341
f 341/341/341 342/342/342 277/277/277
f 278/278/278 277/277/277 342/342/342
f 342/342/342 343/343/343 278/278/278
f 279/279/279 278/278/278 343/343/343
f 343/343/343 344/344/344 279/279/279
f 280/280/280 279/279/279 344/344/344
f 344/344/344 345/345/345 280/280/280
f 281/281/281 280/280/280 345/345/345
f 345/345/345 346/346/346 281/281/281
f 282/282/282 281/281/281 346/346/346
f 346/346/346 347/347/347 282/282/282
f 283/283/283 282/282/282 347/347/347
f 347/347/347 348/348/348 283/283/283
f 284/284/284 283/283/283 348/348/348
f 348/348/348 349/349/349 284/284/284
f 285/285/285 284/284/284 349/349/349
f 349/349/349 350/350/350 285/285/285
f 286/286/286 285/285/285 350/350/350
f 350/350/350 351/351/351 286/286/286
f 287/287/287 286/286/286 351/351/351
f 351/351/351 352/352/352 287/287/287
f 288/288/288 287/287/287 352/352/352
f 352/352/352 353/353/353 288/288/288
f 289/289/289 288/288/288 353/353/353
f 353/353/353 354/354/354 289/289/289
f 290/290/290 289/289/289 354/354/354
f 354/354/354 355/355/355 290/290/290
f 291/291/291 290/290/290 355/355/355
f 355/355/355 356/356/356 291/291/291
f 292/292/292 291/291/291 356/356/356
f 356/356/356 357/357/357 292/292/292
f 293/293/293 292/292/292 357/357/357
f 357/357/357 358/358/358 293/293/293
f 294/294/294 293/293/293 358/358/358
f 358/358/358 359/359/359 294/294/294
f 295/295/295 294/294/294 359/359/359
f 359/359/359 360/360/360 295/295/295
f 296/296/296 295/295/295 360/360/360
f 360/360/360 361/361/361 296/296/296
f 297/297/297 296/296/296 361/361/361
f 361/361/361 362/362/362 297/297/297
f 298/298/298 297/297/297 362/362/362
f 362/362/362 363/363/363 298/298/298
f 299/299/299 298/298/298 363/363/363
f 363/363/363 364/364/364 299/299/299
f 300/300/300 299/299/299 364/364/364
f 364/364/364 365/365/365 300/300/300
f 301/301/301 300/300/300 365/365/365
f 365/365/365 366/366/366 301/301/301
f 302/302/302 301/301/301 366/366/366
f 366/366/366 367/367/367 302/302/302
f 303/303/303 302/302/302 367/367/367
f 367/367/367 368/368/368 303/303/303
f 304/304/304 303/303/303 368/368/368
f 368/368/368 369/369/369 304/304/304
f 305/305/305 304/304/304 369/369/369
f 369/369/369 370/370/370 305/305/305
f 306/306/306 305/305/305 370/370/370
f 370/370/370 371/371/371 306/306/306
f 307/307/307 306/306/306 371/371/371
f 371/371/371 372/372/372 307/307/307
f 308/308/308 307/307/307 372/372/372
f 372/372/372 373/373/373 308/308/308
f 309/309/309 308/308/308 373/373/373
f 373/373/373 374/374/374 309/309/309
f 310/310/310 309/309/309 374/374/374
f 374/374/374 375/375/375 310/310/310
f 311/311/311 310/310/310 375/375/375
f 375/375/375 376/376/376 311/311/311
f 312/312/312 311/311/311 376/376/376
f 376/376/376 377/377/377 312/312/312
f 313/313/313 312/312/312 377/377/377
f 377/377/377 378/378/378 313/313/313
f 314/314/314 313/313/313 378/378/378
f 378/378/378 379/379/379 314/314/314
f 315/315/315 314/314/314 379/379/379
f 379/379/379 380/380/380 315/315/315
f 316/316/316 315/315/315 380/380/380
f 380/380/380 381/381/381 316/316/316
f 317/317/317 316/316/316 381/381/381
f 381/381/381 382/382/382 317/317/317
f 318/318/318 317/317/317 382/382/382
f 382/382/382 383/383/383 318/318/318
f 319/319/319 318/318/318 383/383/383
f 383/383/383 384/384/384 319/319/319
f 320/320/320 319/319/319 384/384/384
f 384/384/384 385/385/385 320/320/320
f 321/321/321 320/320/320 385/385/385
f 385/385/385 386/386/386 321/321/321
f 322/322/322 321/321/321 386/386/386
f 386/386/386 387/387/387 322/322/322
f 323/323/323 322/322/322 387/387/387
f 387/387/387 388/388/388 323/323/323
f 324/324/324 323/323/323 388/388/388
f 388/388/388 389/389/389 324/324/324
f 326/326/326 325/325/325 390/390/390
f 390/390/390 391/391/391 326/326/326
f 327/327/327 326/326/326 391/391/391
f 391/391/391 392/392/392 327/327/327
f 328/328/328 327/327/327 392/392/392
f 392/392/392 393/393/393 328/328/328
f 329/329/329 328/328/328 393/393/393
f 393/393/393 394/394/394 329/329/329
f 330/330/330 329/329/329 394/394/394
f 394/394/394 395/395/395 330/330/330
f 331/331/331 330/330/330 395/395/395
f 395/395/395 396/396/396 331/331/331
f 332/332/332 331/331/331 396/396/396
f 396/396/396 397/397/397 332/332/332
f 333/333/333 332/332/332 397/397/397
f 397/397/397 398/398/398 333/333/333
f 334/334/334 333/333/333 398/398/398
f 398/398/398 399/399/399 334/334/334
f 335/335/335 334/334/334 399/399/399
f 399/399/399 400/400/400 335/335/335
f 336/336/336 335/335/335 400/400/400
f 400/400/400 401/401/401 336/336/336
f 337/337/337 336/336/336 401/401/401
f 401/401/401 402/402/402 337/337/337
f 338/338/338 337/337/337 402/402/402
f 402/402/402 403/403/403 338/338/338
f 339/339/339 338/338/338 403/403/403
f 403/403/403 404/404/404 339/339/339
f 340/340/340 339/339/339 404/404/404
f 404/404/404 405/405/405 340/340/340
f 341/341/341 340/340/340 405/405/405
f 405/405/405 406/406/406 341/341/341
f 342/342/342 341/341/341 406/406/406
f 406/406/406 407/407/407 342/342/342
f 343/343/343 342/342/342 407/407/407
f 407/407/407 408/408/408 343/343/343
f 344/344/344 343/343/343 408/408/408
f 408/408/408 409/409/409 344/344/344
f 345/345/345 344/344/344 409/409/409
f 409/409/409 410/410/410 345/345/345
f 346/346/346 345/345/345 410/410/410
f 410/410/410 411/411/411 346/346/346
f 347/347/347 346/346/346 411/411/411
f 411/411/411 412/412/412 347/347/347
f 348/348/348 347/347/347 412/412/412
f 412/412/412 413/413/413 348/348/348
f 349/349/349 348/348/348 413/413/413
f 413/413/413 414/414/414 349/349/349
f 350/350/350 349/349/349 414/414/414
f 414/414/414 415/415/415 350/350/350
f 351/351/351 350/350/350 415/415/415
f 415/415/415 416/416/416 351/351/351
f 352/352/352 351/351/351 416/416/416
f 416/416/416 417/417/417 352/352/352
f 353/353/353 352/352/352 417/417/417
f 417/417/417 418/418/418 353/353/353
f 354/354/354 353/353/353 418/418/418
f 418/418/418 419/419/419 354/354/354
f 355/355/355 354/354/354 419/419/419
f 419/419/419 420/420/420 355/355/355
f 356/356/356 355/355/355 420/420/420
f 420/420/420 421/421/421 356/356/356
f 357/357/357 356/356/356 421/421/421
f 421/421/421 422/422/422 357/357/357
f 358/358/358 357/357/357 422/422/422
f 422/422/422 423/423/423 358/358/358
f 359/359/359 358/358/358 423/423/423
f 423/423/423 424/424/424 359/359/359
f 360/360/360 359/359/359 424/424/424
f 424/424/424 425/425/425 360/360/360
f 361/361/361 360/360/360 425/425/425
f 425/425/425 426/426/426 361/361/361
f 362/362/362 361/361/361 426/426/426
f 426/426/426 427/427/427 362/362/362
f 363/363/363 362/362/362 427/427/427
f 427/427/427 428/428/428 363/363/363
f 364/364/364 363/363/363 428/428/428
f 428/428/428 429/429/429 364/364/364
f 365/365/365 364/364/364 429/429/429
f 429/429/429 430/430/430 365/365/365
f 366/366/366 365/365/365 430/430/430
f 430/430/430 431/431/431 366/366/366
f 367/367/367 366/366/366 431/431/431
f 431/431/431 432/432/432 367/367/367
f 368/368/368 367/367/367 432/432/432
f 432/432/432 433/433/433 368/368/368
f 369/369/369 368/368/368 433/433/433
f 433/433/433 434/434/434 369/369/369
f 370/370/370 369/369/369 434/434/434
f 434/434/434 435/435/435 370/370/370
f 371/371/371 370/370/370 435/435/435
f 435/435/435 436/436/436 371/371/371
f 372/372/372 371/371/371 436/436/436
f 436/436/436 437/437/437 372/372/372
f 373/373/373 372/372/372 437/437/437
f 437/437/437 438/438/438 373/373/373
f 374/374/374 373/373/373 438/438/438
f 438/438/438 439/439/439 374/374/374
f 375/375/375 374/374/374 439/439/439
f 439/439/439 440/440/440 375/375/375
f 376/376/376 375/375/375 440/440/440
f 440/440/440 441/441/441 376/376/376
f 377/377/377 376/376/376 441/441/441
f 441/441/441 442/442/442 377/377/377
f 378/378/378 377/377/377 442/442/442
f 442/442/442 443/443/443 378/378/378
f 379/379/379 378/378/378 443/443/443
f 443/443/443 444/444/444 379/379/379
f 380/380/380 379/379/379 444/444/444
f 444/444/444 445/445/445 380/380/380
f 381/381/381 380/380/380 445/445/445
f 445/445/445 446/446/446 381/381/381
f 382/382/382 381/381/381 446/446/446
f 446/446/446 447/447/447 382/382/382
f 383/383/383 382/382/382 447/447/447
f 447/447/447 448/448/448 383/383/383
f 384/384/384 383/383/383 448/448/448
f 448/448/448 449/449/449 384/384/384
f 385/385/385 384/384/384 449/449/449
f 449/449/449 450/450/450 385/385/385
f 386/386/386 385/385/385 450/450/450
f 450/450/450 451/451/451 386/386/386
f 387/387/387 386/386/386 451/451/451
f 451/451/451 452/452/452 387/387/387
f 388/388/388 387/387/387 452/452/452
f 452/452/452 453/453/453 388/388/388
f 389/389/389 388/388/388 453/453/453
f 453/453/453 454/454/454 389/389/389
f 391/391/391 390/390/390 455/455/455
f 455/455/455 456/456/456 391/391/391
f 392/392/392 391/391/391 456/456/456
f 456/456/456 457/457/457 392/392/392
f 393/393/393 392/392/392 457/457/457
f 457/457/457 458/458/458 393/393/393
f 394/394/394 393/393/393 458/458/458
f 458/458/458 459/459/459 394/394/394
f 395/395/395 394/394/394 459/459/459
f 459/459/459 460/460/460 395/395/395
f 396/396/396 395/395/395 460/460/460
f 460/460/460 461/461/461 396/396/396
f 397/397/397 396/396/396 461/461/461
f 461/461/461 462/462/462 397/397/397
f 398/398/398 397/397/397 462/462/462
f 462/462/462 463/463/463 398/398/398
f 399/399/399 398/398/398 463/463/463
f 463/463/463 464/464/464 399/399/399
f 400/400/400 399/399/399 464/464/464
f 464/464/464 465/465/465 400/400/400
f 401/401/401 400/400/400 465/465/465
f 465/465/465 466/466/466 401/401/401
f 402/402/402 401/401/401 466/466/466
f 466/466/466 467/467/467 402/402/402
f 403/403/403 402/402/402 467/467/467
f 467/467/467 468/468/468 403/403/403
f 404/404/404 403/403/403 468/468/468
f 468/468/468 469/469/469 404/404/404
f 405/405/405 404/404/404 469/469/469
f 469/469/469 470/470/470 405/405/405
f 406/406/406 405/405/405 470/470/470
f 470/470/470 471/471/471 406/406/406
f 407/407/407 406/406/406 471/471/471
f 471/471/471 472/472/472 407/407/407
f 408/408/408 407/407/407 472/472/472
f 472/472/472 473/473/473 408/408/408
f 409/409/409 408/408/408 473/473/473
f 473/473/473 474/474/474 409/409/409
f 410/410/410 409/409/409 474/474/474
f 474/474/474 475/475/475 410/410/410
f 411/411/411 410/410/410 475/475/475
f 475/475/475 476/476/476 411/411/411
f 412/412/412 411/411/411 476/476/476
f 476/476/476 477/477/477 412/412/412
f 413/413/413 412/412/412 477/477/477
f 477/477/477 478/478/478 413/413/413
f 414/414/414 413/413/413 478/478/478
f 478/478/478 479/479/479 414/414/414
f 415/415/415 414/414/414 479/479/479
f 479/479/479 480/480/480 415/415/415
f 416/416/416 415/415/415 480/480/480
f 480/480/480 481/481/481 416/416/416
f 417/417/417 416/416/416 481/481/481
f 481/481/481 482/482/482 417/417/417
f 418/418/418 417/417/417 482/482/482
f 482/482/482 483/483/483 418/418/418
f 419/419/419 418/418/418 483/483/483
f 483/483/483 484/484/484 419/419/419
f 420/420/420 419/419/419 484/484/484
f 484/484/484 485/485/485 420/420/420
f 421/421/421 420/420/420 485/485/485
f 485/485/485 486/486/486 421/421/421
f 422/422/422 421/421/421 486/486/486
f 486/486/486 487/487/487 422/422/422
f 423/423/423 422/422/422 487/487/487
f 487/487/487 488/488/488 423/423/423
f 424/424/424 423/423/423 488/488/488
f 488/488/488 489/489/489 424/424/424
f 425/425/425 424/424/424 489/489/489
f 489/489/489 490/490/490 425/425/425
f 426/426/426 425/425/425 490/490/490
f 490/490/490 491/491/491 426/426/426
f 427/427/427 426/426/426 491/491/491
f 491/491/491 492/492/492 427/427/427
f 428/428/428 427/427/427 492/492/492
f 492/492/492 493/493/493 428/428/428
f 429/429/429 428/428/428 493/493/493
f 493/493/493 494/494/494 429/429/429
f 430/430/430 429/429/429 494/494/494
f 494/494/494 495/495/495 430/430/430
f 431/431/431 430/430/430 495/495/495
f 495/495/495 496/496/496 431/431/431
f 432/432/432 431/431/431 496/496/496
f 496/496/496 497/497/497 432/432/432
f 433/433/433 432/432/432 497/497/497
f 497/497/497 498/498/498 433/433/433
f 434/434/434 433/433/433 498/498/498
f 498/498/498 499/499/499 434/434/434
f 435/435/435 434/434/434 499/499/499
f 499/499/499 500/500/500 435/435/435
f 436/436/436 435/435/435 500/500/500
f 500/500/500 501/501/501 436/436/436
f 437/437/437 436/436/436 501/501/501
f 501/501/501 502/502/502 437/437/437
f 438/438/438 437/437/437 502/502/502
f 502/502/502 503/503/503 438/438/438
f 439/439/439 438/438/438 503/503/503
f 503/503/503 504/504/504 439/439/439
f 440/440/440 439/439/439 504/504/504
f 504/504/504 505/505/505 440/440/440
f 441/441/441 440/440/440 505/505/505
f 505/505/505 506/506/506 441/441/441
f 442/442/442 441/441/441 506/506/506
f 506/506/506 507/507/507 442/442/442
f 443/443/443 442/442/442 507/507/507
f 507/507/507 508/508/508 443/443/443
f 444/444/444 443/443/443 508/508/508
f 508/508/508 509/509/509 444/444/444
f 445/445/445 444/444/444 509/509/509
f 509/509/509 510/510/510 445/445/445
f 446/446/446 445/445/445 510/510/510
f 510/510/510 511/511/511 446/446/446
f 447/447/447 446/446/446 511/511/511
f 511/511/511 512/512/512 447/447/447
f 448/448/448 447/447/447 512/512/512
f 512/512/512 513/513/513 448/448/448
f 449/449/449 448/448/448 513/513/513
f 513/513/513 514/514/514 449/449/449
f 450/450/450 449/449/449 514/514/514
f 514/514/514 515/515/515 450/450/450
f 451/451/451 450/450/450 515/515/515
f 515/515/515 516/516/516 451/451/451
f 452/452/452 451/451/451 516/516/516
f 516/516/516 517/517/517 452/452/452
f 453/453/453 452/452/452 517/517/517
f 517/517/517 518/518/518 453/453/453
f 454/454/454 453/453/453 518/518/518
f 518/518/518 519/519/519 454/454/454
f 456/456/456 455/455/455 520/520/520
f 520/520/520 521/521/521 456/456/456
f 457/457/457 456/456/456 521/521/521
f 521/521/521 522/522/522 457/457/457
f 458/458/458 457/457/457 522/522/522
f 522/522/522 523/523/523 458/458/458
f 459/459/459 458/458/458 523/523/523
f 523/523/523 524/524/524 459/459/459
f 460/460/460 459/459/459 524/524/524
f 524/524/524 525/525/525 460/460/460
f 461/461/461 460/460/460 525/525/525
f 525/525/525 526/526/526 461/461/461
f 462/462/462 461/461/461 526/526/526
f 526/526/526 527/527/527 462/462/462
f 463/463/463 462/462/462 527/527/527
f 527/527/527 528/528/528 463/463/463
f 464/464/464 463/463/463 528/528/528
f 528/528/528 529/529/529 464/464/464
f 465/465/465 464/464/464 529/529/529
f 529/529/529 530/530/530 465/465/465
f 466/466/466 465/465/465 530/530/530
f 530/530/530 531/531/531 466/466/466
f 467/467/467 466/466/466 531/531/531
f 531/531/531 532/532/532 467/467/467
f 468/468/468 467/467/467 532/532/532
f 532/532/532 533/533/533 468/468/468
f 469/469/469 468/468/468 533/533/533
f 533/533/533 534/534/534 469/469/469
f 470/470/470 469/469/469 534/534/534
f 534/534/534 535/535/535 470/470/470
f 471/471/471 470/470/470 535/535/535
f 535/535/535 536/536/536 471/471/471
f 472/472/472 471/471/471 536/536/536
f 536/536/536 537/537/537 472/472/472
f 473/473/473 472/472/472 537/537/537
f 537/537/537 538/538/538 473/473/473
f 474/474/474 473/473/473 538/538/538
f 538/538/538 539/539/539 474/474/474
f 475/475/475 474/474/474 539/539/539
f 539/539/539 540/540/540 475/475/475
f 476/476/476 475/475/475 540/540/540
f 540/540/540 541/541/541 476/476/476
f 477/477/477 476/476/476 541/541/541
f 541/541/541 542/542/542 477/477/477
f 478/478/478 477/477/477 542/542/542
f 542/542/542 543/543/543 478/478/478
f 479/479/479 478/478/478 543/543/543
f 543/543/543 544/544/544 479/479/479
f 480/480/480 479/479/479 544/544/544
f 544/544/544 545/545/545 480/480/480
f 481/481/481 480/480/480 545/545/545
f 545/545/545 546/546/546 481/481/481
f 482/482/482 481/481/481 546/546/546
f 546/546/546 547/547/547 482/482/482
f 483/483/483 482/482/482 547/547/547
f 547/547/547 548/548/548 483/483/483
f 484/484/484 483/483/483 548/548/548
f 548/548/548 549/549/549 484/484/484
f 485/485/485 484/484/484 549/549/549
f 549/549/549 550/550/550 485/485/485
f 486/486/486 485/485/485 550/550/550
f 550/550/550 551/551/551 486/486/486
f 487/487/487 486/486/486 551/551/551
f 551/551/551 552/552/552 487/487/487
f 488/488/488 487/487/487 552/552/552
f 552/552/552 553/553/553 488/488/488
f 489/489/489 488/488/488 553/553/553
f 553/553/553 554/554/554 489/489/489
f 490/490/490 489/489/489 554/554/554
f 554/554/554 555/555/555 490/490/490
f 491/491/491 490/490/490 555/555/555
f 555/555/555 556/556/556 491/491/491
f 492/492/492 491/491/491 556/556/556
f 556/556/556 557/557/557 492/492/492
f 493/493/493 492/492/492 557/557/557
f 557/557/557 558/558/558 493/493/493
f 494/494/494 493/493/493 558/558/558
f 558/558/558 559/559/559 494/494/494
f 495/495/495 494/494/494 559/559/559
f 559/559/559 560/560/560 495/495/495
f 496/496/496 495/495/495 560/560/560
f 560/560/560 561/561/561 496/496/496
f 497/497/497 496/496/496 561/561/561
f 561/561/561 562/562/562 497/497/497
f 498/498/498 497/497/497 562/562/562
f 562/562/562 563/563/563 498/498/498
f 499/499/499 498/498/498 563/563/563
f 563/563/563 564/564/564 499/499/499
f 500/500/500 499/499/499 564/564/564
f 564/564/564 565/565/565 500/500/500
f 501/501/501 500/500/500 565/565/565
f 565/565/565 566/566/566 501/501/501
f 502/502/502 501/501/501 566/566/566
f 566/566/566 567/567/567 502/502/502
f 503/503/503 502/502/502 567/567/567
f 567/567/567 568/568/568 503/503/503
f 504/504/504 503/503/503 568/568/568
f 568/568/568 569/569/569 504/504/504
f 505/505/505 504/504/504 569/569/569
f 569/569/569 570/570/570 505/505/505
f 506/506/506 505/505/505 570/570/570
f 570/570/570 571/571/571 506/506/506
f 507/507/507 506/506/506 571/571/571
f 571/571/571 572/572/572 507/507/507
f 508/508/508 507/507/507 572/572/572
f 572/572/572 573/573/573 508/508/508
f 509/509/509 508/508/508 573/573/573
f 573/573/573 574/574/574 509/509/509
f 510/510/510 509/509/509 574/574/574
f 574/574/574 575/575/575 510/510/510
f 511/511/511 510/510/510 575/575/575
f 575/575/575 576/576/576 511/511/511
f 512/512/512 511/511/511 576/576/576
f 576/576/576 577/577/577 512/512/512
f 513/513/513 512/512/512 577/577/577
f 577/577/577 578/578/578 513/513/513
f 514/514/514 513/513/513 578/578/578
f 578/578/578 579/579/579 514/514/514
f 515/515/515 514/514/514 579/579/579
f 579/579/579 580/580/580 515/515/515
f 516/516/516 515/515/515 580/580/580
f 580/580/580 581/581/581 516/516/516
f 517/517/517 516/516/516 581/581/581
f 581/581/581 582/582/582 517/517/517
f 518/518/518 517/517/517 582/582/582
f 582/582/582 583/583/583 518/518/518
f 519/519/519 518/518/518 583/583/583
f 583/583/583 584/584/584 519/519/519
f 521/521/521 520/520/520 585/585/585
f 585/585/585 586/586/586 521/521/521
f 522/522/522 521/521/521 586/586/586
f 586/586/586 587/587/587 522/522/522
f 523/523/523 522/522/522 587/587/587
f 587/587/587 588/588/588 523/523/523
f 524/524/524 523/523/523 588/588/588
f 588/588/588 589/589/589 524/524/524
f 525/525/525 524/524/524 589/589/589
f 589/589/589 590/590/590 525/525/525
f 526/526/526 525/525/525 590/590/590
f 590/590/590 591/591/591 526/526/526
f 527/527/527 526/526/526 591/591/591
f 591/591/591 592/592/592 527/527/527
f 528/528/528 527/527/527 592/592/592
f 592/592/592 593/593/593 528/528/528
f 529/529/529 528/528/528 593/593/593
f 593/593/593 594/594/594 529/529/529
f 530/530/530 529/529/529 594/594/594
f 594/594/594 595/595/595 530/530/530
f 531/531/531 530/530/530 595/595/595
f 595/595/595 596/596/596 531/531/531
f 532/532/532 531/531/531 596/596/596
f 596/596/596 597/597/597 532/532/532
f 533/533/533 532/532/532 597/597/597
f 597/597/597 598/598/598 533/533/533
f 534/534/534 533/533/533 598/598/598
f 598/598/598 599/599/599 534/534/534
f 535/535/535 534/534/534 599/599/599
f 599/599/599 600/600/600 535/535/535
f 536/536/536 535/535/535 600/600/600
f 600/600/600 601/601/601 536/536/536
f 537/537/537 536/536/536 601/601/601
f 601/601/601 602/602/602 537/537/537
f 538/538/538 537/537/537 602/602/602
f 602/602/602 603/603/603 538/538/538
f 539/539/539 538/538/538 603/603/603
f 603/603/603 604/604/604 539/539/539
f 540/540/540 539/539/539 604/604/604
f 604/604/604 605/605/605 540/540/540
f 541/541/541 540/540/540 605/605/605
f 605/605/605 606/606/606 541/541/541
f 542/542/542 541/541/541 606/606/606
f 606/606/606 607/607/607 542/542/542
f 543/543/543 542/542/542 607/607/607
f 607/607/607 608/608/608 543/543/543
f 544/544/544 543/543/543 608/608/608
f 608/608/608 609/609/609 544/544/544
f 545/545/545 544/544/544 609/609/609
f 609/609/609 610/610/610 545/545/545
f 546/546/546 545/545/545 610/610/610
f 610/610/610 611/611/611 546/546/546
f 547/547/547 546/546/546 611/611/611
f 611/611/611 612/612/612 547/547/547
f 548/548/548 547/547/547 612/612/612
f 612/612/612 613/613/613 548/548/548
f 549/549/549 548/548/548 613/613/613
f 613/613/613 614/614/614 549/549/549
f 550/550/550 549/549/549 614/614/614
f 614/614/614 615/615/615 550/550/550
f 551/551/551 550/550/550 615/615/615
f 615/615/615 616/616/616 551/551/551
f 552/552/552 551/551/551 616/616/616
f 616/616/616 617/617/617 552/552/552
f 553/553/553 552/552/552 617/617/617
f 617/617/617 618/618/618 553/553/553
f 554/554/554 553/553/553 618/618/618
f 618/618/618 619/619/619 554/554/554
f 555/555/555 554/554/554 619/619/619
f 619/619/619 620/620/620 555/555/555
f 556/556/556 555/555/555 620/620/620
f 620/620/620 621/621/621 556/556/556
f 557/557/557 556/556/556 621/621/621
f 621/621/621 622/622/622 557/557/557
f 558/558/558 557/557/557 622/622/622
f 622/622/622 623/623/623 558/558/558
f 559/559/559 558/558/558 623/623/623
f 623/623/623 624/624/624 559/559/559
f 560/560/560 559/559/559 624/624/624
f 624/624/624 625/625/625 560/560/560
f 561/561/561 560/560/560 625/625/625
f 625/625/625 626/626/626 561/561/561
f 562/562/562 561/561/561 626/626/626
f 626/626/626 627/627/627 562/562/562
f 563/563/563 562/562/562 627/627/627
f 627/627/627 628/628/628 563/563/563
f 564/564/564 563/563/563 628/628/628
f 628/628/628 629/629/629 564/564/564
f 565/565/565 564/564/564 629/629/629
f 629/629/629 630/630/630 565/565/565
f 566/566/566 565/565/565 630/630/630
f 630/630/630 631/631/631 566/566/566
f 567/567/567 566/566/566 631/631/631
f 631/631/631 632/632/632 567/567/567
f 568/568/568 567/567/567 632/632/632
f 632/632/632 633/633/633 568/568/568
f 569/569/569 568/568/568 633/633/633
f 633/633/633 634/634/634 569/569/569
f 570/570/570 569/569/569 634/634/634
f 634/634/634 635/635/635 570/570/570
f 571/571/571 570/570/570 635/635/635
f 635/635/635 636/636/636 571/571/571
f 572/572/572 571/571/571 636/636/636
f 636/636/636 637/637/637 572/572/572
f 573/573/573 572/572/572 637/637/637
f 637/637/637 638/638/638 573/573/573
f 574/574/574 573/573/573 638/638/638
f 638/638/638 639/639/639 574/574/574
f 575/575/575 574/574/574 639/639/639
f 639/639/639 640/640/640 575/575/575
f 576/576/576 575/575/575 640/640/640
f 640/640/640 641/641/641 576/576/576
f 577/577/577 576/576/576 641/641/641
f 641/641/641 642/642/642 577/577/577
f 578/578/578 577/577/577 642/642/642
f 642/642/642 643/643/643 578/578/578
f 579/579/579 578/578/578 643/643/643
f 643/643/643 644/644/644 579/579/579
f 580/580/580 579/579/579 644/644/644
f 644/644/644 645/645/645 580/580/580
f 581/581/581 580/580/580 645/645/645
f 645/645/645 646/646/646 581/581/581
f 582/582/582 581/581/581 646/646/646
f 646/646/646 647/647/647 582/582/582
f 583/583/583 582/582/582 647/647/647
f 647/647/647 648/648/648 583/583/583
f 584/584/584 583/583/583 648/648/648
f 648/648/648 649/649/649 584/584/584
f 586/586/586 585/585/585 650/650/650
f 650/650/650 651/651/651 586/586/586
f 587/587/587 586/586/586 651/651/651
f 651/651/651 652/652/652 587/587/587
f 588/588/588 587/587/587 652/652/652
f 652/652/652 653/653/653 588/588/588
f 589/589/589 588/588/588 653/653/653
f 653/653/653 654/654/654 589/589/589
f 590/590/590 589/589/589 654/654/654
f 654/654/654 655/655/655 590/590/590
f 591/591/591 590/590/590 655/655/655
f 655/655/655 656/656/656 591/591/591
f 592/592/592 591/591/591 656/656/656
f 656/656/656 657/657/657 592/592/592
f 593/593/593 592/592/592 657/657/657
f 657/657/657 658/658/658 593/593/593
f 594/594/594 593/593/593 658/658/658
f 658/658/658 659/659/659 594/594/594
f 595/595/595 594/594/594 659/659/659
f 659/659/659 660/660/660 595/595/595
f 596/596/596 595/595/595 660/660/660
f 660/660/660 661/661/661 596/596/596
f 597/597/597 596/596/596 661/661/661
f 661/661/661 662/662/662 597/597/597
f 598/598/598 597/597/597 662/662/662
f 662/662/662 663/663/663 598/598/598
f 599/599/599 598/598/598 663/663/663
f 663/663/663 664/664/664 599/599/599
f 600/600/600 599/599/599 664/664/664
f 664/664/664 665/665/665 600/600/600
f 601/601/601 600/600/600 665/665/665
f 665/665/665 666/666/666 601/601/601
f 602/602/602 601/601/601 666/666/666
f 666/666/666 667/667/667 602/602/602
f 603/603/603 602/602/602 667/667/667
f 667/667/667 668/668/668 603/603/603
f 604/604/604 603/603/603 668/668/668
f 668/668/668 669/669/669 604/604/604
f 605/605/605 604/604/604 669/669/669
f 669/669/669 670/670/670 605/605/605
f 606/606/606 605/605/605 670/670/670
f 670/670/670 671/671/671 606/606/606
f 607/607/607 606/606/606 671/671/671
f 671/671/671 672/672/672 607/607/607
f 608/608/608 607/607/607 672/672/672
f 672/672/672 673/673/673 608/608/608
f 609/609/609 608/608/608 673/673/673
f 673/673/673 674/674/674 609/609/609
f 610/610/610 609/609/609 674/674/674
f 674/674/674 675/675/675 610/610/610
f 611/611/611 610/610/610 675/675/675
f 675/675/675 676/676/676 611/611/611
f 612/612/612 611/611/611 676/676/676
f 676/676/676 677/677/677 612/612/612
f 613/613/613 612/612/612 677/677/677
f 677/677/677 678/678/678 613/613/613
f 614/614/614 613/613/613 678/678/678
f 678/678/678 679/679/679 614/614/614
f 615/615/615 614/614/614 679/679/679
f 679/679/679 680/680/680 615/615/615
f 616/616/616 615/615/615 680/680/680
f 680/680/680 681/681/681 616/616/616
f 617/617/617 616/616/616 681/681/681
f 681/681/681 682/682/682 617/617/617
f 618/618/618 617/617/617 682/682/682
f 682/682/682 683/683/683 618/618/618
f 619/619/619 618/618/618 683/683/683
f 683/683/683 684/684/684 619/619/619
f 620/620/620 619/619/619 684/684/684
f 684/684/684 685/685/685 620/620/620
f 621/621/621 620/620/620 685/685/685
f 685/685/685 686/686/686 621/621/621
f 622/622/622 621/621/621 686/686/686
f 686/686/686 687/687/687 622/622/622
f 623/623/623 622/622/622 687/687/687
f 687/687/687 688/688/688 623/623/623
f 624/624/624 623/623/623 688/688/688
f 688/688/688 689/689/689 624/624/624
f 625/625/625 624/624/624 689/689/689
f 689/689/689 690/690/690 625/625/625
f 626/626/626 625/625/625 690/690/690
f 690/690/690 691/691/691 626/626/626
f 627/627/627 626/626/626 691/691/691
f 691/691/691 692/692/692 627/627/627
f 628/628/628 627/627/627 692/692/692
f 692/692/692 693/693/693 628/628/628
f 629/629/629 628/628/628 693/693/693
f 693/693/693 694/694/694 629/629/629
f 630/630/630 629/629/629 694/694/694
f 694/694/694 695/695/695 630/630/630
f 631/631/631 630/630/630 695/695/695
f 695/695/695 696/696/696 631/631/631
f 632/632/632 631/631/631 696/696/696
f 696/696/696 697/697/697 632/632/632
f 633/633/633 632/632/632 697/697/697
f 697/697/697 698/698/698 633/633/633
f 634/634/634 633/633/633 698/698/698
f 698/698/698 699/699/699 634/634/634
f 635/635/635 634/634/634 699/699/699
f 699/699/699 700/700/700 635/635/635
f 636/636/636 635/635/635 700/700/700
f 700/700/700 701/701/701 636/636/636
f 637/637/637 636/636/636 701/701/701
f 701/701/701 702/702/702 637/637/637
f 638/638/638 637/637/637 702/702/702
f 702/702/702 703/703/703 638/638/638
f 639/639/639 638/638/638 703/703/703
f 703/703/703 704/704/704 639/639/639
f 640/640/640 639/639/639 704/704/704
f 704/704/704 705/705/705 640/640/640
f 641/641/641 640/640/640 705/705/705
f 705/705/705 706/706/706 641/641/641
f 642/642/642 641/641/641 706/706/706
f 706/706/706 707/707/707 642/642/642
f 643/643/643 642/642/642 707/707/707
f 707/707/707 708/708/708 643/643/643
f 644/644/644 643/643/643 708/708/708
f 708/708/708 709/709/709 644/644/644
f 645/645/645 644/644/644 709/709/709
f 709/709/709 710/710/710 645/645/645
f 646/646/646 645/645/645 710/710/710
f 710/710/710 711/711/711 646/646/646
f 647/647/647 646/646/646 711/711/711
f 711/711/711 712/712/712 647/647/647
f 648/648/648 647/647/647 712/712/712
f 712/712/712 713/713/713 648/648/648
f 649/649/649 648/648/648 713/713/713
f 713/713/713 714/714/714 649/649/649
f 651/651/651 650/650/650 715/715/715
f 715/715/715 716/716/716 651/651/651
f 652/652/652 651/651/651 716/716/716
f 716/716/716 717/717/717 652/652/652
f 653/653/653 652/652/652 717/717/717
f 717/717/717 718/718/718 653/653/653
f 654/654/654 653/653/653 718/718/718
f 718/718/718 719/719/719 654/654/654
f 655/655/655 654/654/654 719/719/719
f 719/719/719 720/720/720 655/655/655
f 656/656/656 655/655/655 720/720/720
f 720/720/720 721/721/721 656/656/656
f 657/657/657 656/656/656 721/721/721
f 721/721/721 722/722/722 657/657/657
f 658/658/658 657/657/657 722/722/722
f 722/722/722 723/723/723 658/658/658
f 659/659/659 658/658/658 723/723/723
f 723/723/723 724/724/724 659/659/659
f 660/660/660 659/659/659 724/724/724
f 724/724/724 725/725/725 660/660/660
f 661/661/661 660/660/660 725/725/725
f 725/725/725 726/726/726 661/661/661
f 662/662/662 661/661/661 726/726/726
f 726/726/726 727/727/727 662/662/662
f 663/663/663 662/662/662 727/727/727
f 727/727/727 728/728/728 663/663/663
f 664/664/664 663/663/663 728/728/728
f 728/728/728 729/729/729 664/664/664
f 665/665/665 664/664/664 729/729/729
f 729/729/729 730/730/730 665/665/665
f 666/666/666 665/665/665 730/730/730
f 730/730/730 731/731/731 666/666/666
f 667/667/667 666/666/666 731/731/731
f 731/731/731 732/732/732 667/667/667
f 668/668/668 667/667/667 732/732/732
f 732/732/732 733/733/733 668/668/668
f 669/669/669 668/668/668 733/733/733
f 733/733/733 734/734/734 669/669/669
f 670/670/670 669/669/669 734/734/734
f 734/734/734 735/735/735 670/670/670
f 671/671/671 670/670/670 735/735/735
f 735/735/735 736/736/736 671/671/671
f 672/672/672 671/671/671 736/736/736
f 736/736/736 737/737/737 672/672/672
f 673/673/673 672/672/672 737/737/737
f 737/737/737 738/738/738 673/673/673
f 674/674/674 673/673/673 738/738/738
f 738/738/738 739/739/739 674/674/674
f 675/675/675 674/674/674 739/739/739
f 739/739/739 740/740/740 675/675/675
f 676/676/676 675/675/675 740/740/740
f 740/740/740 741/741/741 676/676/676
f 677/677/677 676/676/676 741/741/741
f 741/741/741 742/742/742 677/677/677
f 678/678/678 677/677/677 742/742/742
f 742/742/742 743/743/743 678/678/678
f 679/679/679 678/678/678 743/743/743
f 743/743/743 744/744/744 679/679/679
f 680/680/680 679/679/679 744/744/744
f 744/744/744 745/745/745 680/680/680
f 681/681/681 680/680/680 745/745/745
f 745/745/745 746/746/746 681/681/681
f 682/682/682 681/681/681 746/746/746
f 746/746/746 747/747/747 682/682/682
f 683/683/683 682/682/682 747/747/747
f 747/747/747 748/748/748 683/683/683
f 684/684/684 683/683/683 748/748/748
f 748/748/748 749/749/749 684/684/684
f 685/685/685 684/684/684 749/749/749
f 749/749/749 750/750/750 685/685/685
f 686/686/686 685/685/685 750/750/750
f 750/750/750 751/751/751 686/686/686
f 687/687/687 686/686/686 751/751/751
f 751/751/751 752/752/752 687/687/687
f 688/688/688 687/687/687 752/752/752
f 752/752/752 753/753/753 688/688/688
f 689/689/689 688/688/688 753/753/753
f 753/753/753 754/754/754 689/689/689
f 690/690/690 689/689/689 754/754/754
f 754/754/754 755/755/755 690/690/690
f 691/691/691 690/690/690 755/755/755
f 755/755/755 756/756/756 691/691/691
f 692/692/692 691/691/691 756/756/756
f 756/756/756 757/757/757 692/692/692
f 693/693/693 692/692/692 757/757/757
f 757/757/757 758/758/758 693/693/693
f 694/694/694 693/693/693 758/758/758
f 758/758/758 759/759/759 694/694/694
f 695/695/695 694/694/694 759/759/759
f 759/759/759 760/760/760 695/695/695
f 696/696/696 695/695/695 760/760/760
f 760/760/760 761/761/761 696/696/696
f 697/697/697 696/696/696 761/761/761
f 761/761/761 762/762/762 697/697/697
f 698/698/698 697/697/697 762/762/762
f 762/762/762 763/763/763 698/698/698
f 699/699/699 698/698/698 763/763/763
f 763/763/763 764/764/764 699/699/699
f 700/700/700 699/699/699 764/764/764
f 764/764/764 765/765/765 700/700/700
f 701/701/701 700/700/700 765/765/765
f 765/765/765 766/766/766 701/701/701
f 702/702/702 701/701/701 766/766/766
f 766/766/766 767/767/767 702/702/702
f 703/703/703 702/702/702 767/767/767
f 767/767/767 768/768/768 703/703/703
f 704/704/704 703/703/703 768/768/768
f 768/768/768 769/769/769 704/704/704
f 705/705/705 704/704/704 769/769/769
f 769/769/769 770/770/770 705/705/705
f 706/706/706 705/705/705 770/770/770
f 770/770/770 771/771/771 706/706/706
f 707/707/707 706/706/706 771/771/771
f 771/771/771 772/772/772 707/707/707
f 708/708/708 707/707/707 772/772/772
f 772/772/772 773/773/773 708/708/708
f 709/709/709 708/708/708 773/773/773
f 773/773/773 774/774/774 709/709/709
f 710/710/710 709/709/709 774/774/774
f 774/774/774 775/775/775 710/710/710
f 711/711/711 710/710/710 775/775/775
f 775/775/775 776/776/776 711/711/711
f 712/712/712 711/711/711 776/776/776
f 776/776/776 777/777/777 712/712/712
f 713/713/713 712/712/712 777/777/777
f 777/777/777 778/778/778 713/713/713
f 714/714/714 713/713/713 778/778/778
f 778/778/778 779/779/779 714/714/714
f 716/716/716 715/715/715 780/780/780
f 780/780/780 781/781/781 716/716/716
f 717/717/717 716/716/716 781/781/781
f 781/781/781 782/782/782 717/717/717
f 718/718/718 717/717/717 782/782/782
f 782/782/782 783/783/783 718/718/718
f 719/719/719 718/718/718 783/783/783
f 783/783/783 784/784/784 719/719/719
f 720/720/720 719/719/719 784/784/784
f 784/784/784 785/785/785 720/720/720
f 721/721/721 720/720/720 785/785/785
f 785/785/785 786/786/786 721/721/721
f 722/722/722 721/721/721 786/786/786
f 786/786/786 787/787/787 722/722/722
f 723/723/723 722/722/722 787/787/787
f 787/787/787 788/788/788 723/723/723
f 724/724/724 723/723/723 788/788/788
f 788/788/788 789/789/789 724/724/724
f 725/725/725 724/724/724 789/789/789
f 789/789/789 790/790/790 725/725/725
f 726/726/726 725/725/725 790/790/790
f 790/790/790 791/791/791 726/726/726
f 727/727/727 726/726/726 791/791/791
f 791/791/791 792/792/792 727/727/727
f 728/728/728 727/727/727 792/792/792
f 792/792/792 793/793/793 728/728/728
f 729/729/729 728/728/728 793/793/793
f 793/793/793 794/794/794 729/729/729
f 730/730/730 729/729/729 794/794/794
f 794/794/794 795/795/795 730/730/730
f 731/731/731 730/730/730 795/795/795
f 795/795/795 796/796/796 731/731/731
f 732/732/732 731/731/731 796/796/796
f 796/796/796 797/797/797 732/732/732
f 733/733/733 732/732/732 797/797/797
f 797/797/797 798/798/798 733/733/733
f 734/734/734 733/733/733 798/798/798
f 798/798/798 799/799/799 734/734/734
f 735/735/735 734/734/734 799/799/799
f 799/799/799 800/800/800 735/735/735
f 736/736/736 735/735/735 800/800/800
f 800/800/800 801/801/801 736/736/736
f 737/737/737 736/736/736 801/801/801
f 801/801/801 802/802/802 737/737/737
f 738/738/738 737/737/737 802/802/802
f 802/802/802 803/803/803 738/738/738
f 739/739/739 738/738/738 803/803/803
f 803/803/803 804/804/804 739/739/739
f 740/740/740 739/739/739 804/804/804
f 804/804/804 805/805/805 740/740/740
f 741/741/741 740/740/740 805/805/805
f 805/805/805 806/806/806 741/741/741
f 742/742/742 741/741/741 806/806/806
f 806/806/806 807/807/807 742/742/742
f 743/743/743 742/742/742 807/807/807
f 807/807/807 808/808/808 743/743/743
f 744/744/744 743/743/743 808/808/808
f 808/808/808 809/809/809 744/744/744
f 745/745/745 744/744/744 809/809/809
f 809/809/809 810/810/810 745/745/745
f 746/746/746 745/745/745 810/810/810
f 810/810/810 811/811/811 746/746/746
f 747/747/747 746/746/746 811/811/811
f 811/811/811 812/812/812 747/747/747
f 748/748/748 747/747/747 812/812/812
f 812/812/812 813/813/813 748/748/748
f 749/749/749 748/748/748 813/813/813
f 813/813/813 814/814/814 749/749/749
f 750/750/750 749/749/749 814/814/814
f 814/814/814 815/815/815 750/750/750
f 751/751/751 750/750/750 815/815/815
f 815/815/815 816/816/816 751/751/751
f 752/752/752 751/751/751 816/816/816
f 816/816/816 817/817/817 752/752/752
f 753/753/753 752/752/752 817/817/817
f 817/817/817 818/818/818 753/753/753
f 754/754/754 753/753/753 818/818/818
f 818/818/818 819/819/819 754/754/754
f 755/755/755 754/754/754 819/819/819
f 819/819/819 820/820/820 755/755/755
f 756/756/756 755/755/755 820/820/820
f 820/820/820 821/821/821 756/756/756
f 757/757/757 756/756/756 821/821/821
f 821/821/821 822/822/822 757/757/757
f 758/758/758 757/757/757 822/822/822
f 822/822/822 823/823/823 758/758/758
f 759/759/759 758/758/758 823/823/823
f 823/823/823 824/824/824 759/759/759
f 760/760/760 759/759/759 824/824/824
f 824/824/824 825/825/825 760/760/760
f 761/761/761 760/760/760 825/825/825
f 825/825/825 826/826/826 761/761/761
f 762/762/762 761/761/761 826/826/826
f 826/826/826 827/827/827 762/762/762
f 763/763/763 762/762/762 827/827/827
f 827/827/827 828/828/828 763/763/763
f 764/764/764 763/763/763 828/828/828
f 828/828/828 829/829/829 764/764/764
f 765/765/765 764/764/764 829/829/829
f 829/829/829 830/830/830 765/765/765
f 766/766/766 765/765/765 830/830/830
f 830/830/830 831/831/831 766/766/766
f 767/767/767 766/766/766 831/831/831
f 831/831/831 832/832/832 767/767/767
f 768/768/768 767/767/767 832/832/832
f 832/832/832 833/833/833 768/768/768
f 769/769/769 768/768/768 833/833/833
f 833/833/833 834/834/834 769/769/769
f 770/770/770 769/769/769 834/834/834
f 834/834/834 835/835/835 770/770/770
f 771/771/771 770/770/770 835/835/835
f 835/835/835 836/836/836 771/771/771
f 772/772/772 771/771/771 836/836/836
f 836/836/836 837/837/837 772/772/772
f 773/773/773 772/772/772 837/837/837
f 837/837/837 838/838/838 773/773/773
f 774/774/774 773/773/773 838/838/838
f 838/838/838 839/839/839 774/774/774
f 775/775/775 774/774/774 839/839/839
f 839/839/839 840/840/840 775/775/775
f 776/776/776 775/775/775 840/840/840
f 840/840/840 841/841/841 776/776/776
f 777/777/777 776/776/776 841/841/841
f 841/841/841 842/842/842 777/777/777
f 778/778/778 777/777/777 842/842/842
f 842/842/842 843/843/843 778/778/778
f 779/779/779 778/778/778 843/843/843
f 843/843/843 844/844/844 779/779/779
f 781/781/781 780/780/780 845/845/845
f 845/845/845 846/846/846 781/781/781
f 782/782/782 781/781/781 846/846/846
f 846/846/846 847/847/847 782/782/782
f 783/783/783 782/782/782 847/847/847
f 847/847/847 848/848/848 783/783/783
f 784/784/784 783/783/783 848/848/848
f 848/848/848 849/849/849 784/784/784
f 785/785/785 784/784/784 849/849/849
f 849/849/849 850/850/850 785/785/785
f 786/786/786 785/785/785 850/850/850
f 850/850/850 851/851/851 786/786/786
f 787/787/787 786/786/786 851/851/851
f 851/851/851 852/852/852 787/787/787
f 788/788/788 787/787/787 852/852/852
f 852/852/852 853/853/853 788/788/788
f 789/789/789 788/788/788 853/853/853
f 853/853/853 854/854/854 789/789/789
f 790/790/790 789/789/789 854/854/854
f 854/854/854 855/855/855 790/790/790
f 791/791/791 790/790/790 855/855/855
f 855/855/855 856/856/856 791/791/791
f 792/792/792 791/791/791 856/856/856
f 856/856/856 857/857/857 792/792/792
f 793/793/793 792/792/792 857/857/857
f 857/857/857 858/858/858 793/793/793
f 794/794/794 793/793/793 858/858/858
f 858/858/858 859/859/859 794/794/794
f 795/795/795 794/794/794 859/859/859
f 859/859/859 860/860/860 795/795/795
f 796/796/796 795/795/795 860/860/860
f 860/860/860 861/861/861 796/796/796
f 797/797/797 796/796/796 861/861/861
f 861/861/861 862/862/862 797/797/797
f 798/798/798 797/797/797 862/862/862
f 862/862/862 863/863/863 798/798/798
f 799/799/799 798/798/798 863/863/863
f 863/863/863 864/864/864 799/799/799
f 800/800/800 799/799/799 864/864/864
f 864/864/864 865/865/865 800/800/800
f 801/801/801 800/800/800 865/865/865
f 865/865/865 866/866/866 801/801/801
f 802/802/802 801/801/801 866/866/866
f 866/866/866 867/867/867 802/802/802
f 803/803/803 802/802/802 867/867/867
f 867/867/867 868/868/868 803/803/803
f 804/804/804 803/803/803 868/868/868
f 868/868/868 869/869/869 804/804/804
f 805/805/805 804/804/804 869/869/869
f 869/869/869 870/870/870 805/805/805
f 806/806/806 805/805/805 870/870/870
f 870/870/870 871/871/871 806/806/806
f 807/807/807 806/806/806 871/871/871
f 871/871/871 872/872/872 807/807/807
f 808/808/808 807/807/807 872/872/872
f 872/872/872 873/873/873 808/808/808
f 809/809/809 808/808/808 873/873/873
f 873/873/873 874/874/874 809/809/809
f 810/810/810 809/809/809 874/874/874
f 874/874/874 875/875/875 810/810/810
f 811/811/811 810/810/810 875/875/875
f 875/875/875 876/876/876 811/811/811
f 812/812/812 811/811/811 876/876/876
f 876/876/876 877/877/877 812/812/812
f 813/813/813 812/812/812 877/877/877
f 877/877/877 878/878/878 813/813/813
f 814/814/814 813/813/813 878/878/878
f 878/878/878 879/879/879 814/814/814
f 815/815/815 814/814/814 879/879/879
f 879/879/879 880/880/880 815/815/815
f 816/816/816 815/815/815 880/880/880
f 880/880/880 881/881/881 816/816/816
f 817/817/817 816/816/816 881/881/881
f 881/881/881 882/882/882 817/817/817
f 818/818/818 817/817/817 882/882/882
f 882/882/882 883/883/883 818/818/818
f 819/819/819 818/818/818 883/883/883
f 883/883/883 884/884/884 819/819/819
f 820/820/820 819/819/819 884/884/884
f 884/884/884 885/885/885 820/820/820
f 821/821/821 820/820/820 885/885/885
f 885/885/885 886/886/886 821/821/821
f 822/822/822 821/821/821 886/886/886
f 886/886/886 887/887/887 822/822/822
f 823/823/823 822/822/822 887/887/887
f 887/887/887 888/888/888 823/823/823
f 824/824/824 823/823/823 888/888/888
f 888/888/888 889/889/889 824/824/824
f 825/825/825 824/824/824 889/889/889
f 889/889/889 890/890/890 825/825/825
f 826/826/826 825/825/825 890/890/890
f 890/890/890 891/891/891 826/826/826
f 827/827/827 826/826/826 891/891/891
f 891/891/891 892/892/892 827/827/827
f 828/828/828 827/827/827 892/892/892
f 892/892/892 893/893/893 828/828/828
f 829/829/829 828/828/828 893/893/893
f 893/893/893 894/894/894 829/829/829
f 830/830/830 829/829/829 894/894/894
f 894/894/894 895/895/895 830/830/830
f 831/831/831 830/830/830 895/895/895
f 895/895/895 896/896/896 831/831/831
f 832/832/832 831/831/831 896/896/896
f 896/896/896 897/897/897 832/832/832
f 833/833/833 832/832/832 897/897/897
f 897/897/897 898/898/898 833/833/833
f 834/834/834 833/833/833 898/898/898
f 898/898/898 899/899/899 834/834/834
f 835/835/835 834/834/834 899/899/899
f 899/899/899 900/900/900 835/835/835
f 836/836/836 835/835/835 900/900/900
f 900/900/900 901/901/901 836/836/836
f 837/837/837 836/836/836 901/901/901
f 901/901/901 902/902/902 837/837/837
f 838/838/838 837/837/837 902/902/902
f 902/902/902 903/903/903 838/838/838
f 839/839/839 838/838/838 903/903/903
f 903/903/903 904/904/904 839/839/839
f 840/840/840 839/839/839 904/904/904
f 904/904/904 905/905/905 840/840/840
f 841/841/841 840/840/840 905/905/905
f 905/905/905 906/906/906 841/841/841
f 842/842/842 841/841/841 906/906/906
f 906/906/906 907/907/907 842/842/842
f 843/843/843 842/842/842 907/907/907
f 907/907/907 908/908/908 843/843/843
f 844/844/844 843/843/843 908/908/908
f 908/908/908 909/909/909 844/844/844
f 846/846/846 845/845/845 910/910/910
f 910/910/910 911/911/911 846/846/846
f 847/847/847 846/846/846 911/911/911
f 911/911/911 912/912/912 847/847/847
f 848/848/848 847/847/847 912/912/912
f 912/912/912 913/913/913 848/848/848
f 849/849/849 848/848/848 913/913/913
f 913/913/913 914/914/914 849/849/849
f 850/850/850 849/849/849 914/914/914
f 914/914/914 915/915/915 850/850/850
f 851/851/851 850/850/850 915/915/915
f 915/915/915 916/916/916 851/851/851
f 852/852/852 851/851/851 916/916/916
f 916/916/916 917/917/917 852/852/852
f 853/853/853 852/852/852 917/917/917
f 917/917/917 918/918/918 853/853/853
f 854/854/854 853/853/853 918/918/918
f 918/918/918 919/919/919 854/854/854
f 855/855/855 854/854/854 919/919/919
f 919/919/919 920/920/920 855/855/855
f 856/856/856 855/855/855 920/920/920
f 920/920/920 921/921/921 856/856/856
f 857/857/857 856/856/856 921/921/921
f 921/921/921 922/922/922 857/857/857
f 858/858/858 857/857/857 922/922/922
f 922/922/922 923/923/923 858/858/858
f 859/859/859 858/858/858 923/923/923
f 923/923/923 924/924/924 859/859/859
f 860/860/860 859/859/859 924/924/924
f 924/924/924 925/925/925 860/860/860
f 861/861/861 860/860/860 925/925/925
f 925/925/925 926/926/926 861/861/861
f 862/862/862 861/861/861 926/926/926
f 926/926/926 927/927/927 862/862/862
f 863/863/863 862/862/862 927/927/927
f 927/927/927 928/928/928 863/863/863
f 864/864/864 863/863/863 928/928/928
f 928/928/928 929/929/929 864/864/864
f 865/865/865 864/864/864 929/929/929
f 929/929/929 930/930/930 865/865/865
f 866/866/866 865/865/865 930/930/930
f 930/930/930 931/931/931 866/866/866
f 867/867/867 866/866/866 931/931/931
f 931/931/931 932/932/932 867/867/867
f 868/868/868 867/867/867 932/932/932
f 932/932/932 933/933/933 868/868/868
f 869/869/869 868/868/868 933/933/933
f 933/933/933 934/934/934 869/869/869
f 870/870/870 869/869/869 934/934/934
f 934/934/934 935/935/935 870/870/870
f 871/871/871 870/870/870 935/935/935
f 935/935/935 936/936/936 871/871/871
f 872/872/872 871/871/871 936/936/936
f 936/936/936 937/937/937 872/872/872
f 873/873/873 872/872/872 937/937/937
f 937/937/937 938/938/938 873/873/873
f 874/874/874 873/873/873 938/938/938
f 938/938/938 939/939/939 874/874/874
f 875/875/875 874/874/874 939/939/939
f 939/939/939 940/940/940 875/875/875
f 876/876/876 875/875/875 940/940/940
f 940/940/940 941/941/941 876/876/876
f 877/877/877 876/876/876 941/941/941
f 941/941/941 942/942/942 877/877/877
f 878/878/878 877/877/877 942/942/942
f 942/942/942 943/943/943 878/878/878
f 879/879/879 878/878/878 943/943/943
f 943/943/943 944/944/944 879/879/879
f 880/880/880 879/879/879 944/944/944
f 944/944/944 945/945/945 880/880/880
f 881/881/881 880/880/880 945/945/945
f 945/945/945 946/946/946 881/881/881
f 882/882/882 881/881/881 946/946/946
f 946/946/946 947/947/947 882/882/882
f 883/883/883 882/882/882 947/947/947
f 947/947/947 948/948/948 883/883/883
f 884/884/884 883/883/883 948/948/948
f 948/948/948 949/949/949 884/884/884
f 885/885/885 884/884/884 949/949/949
f 949/949/949 950/950/950 885/885/885
f 886/886/886 885/885/885 950/950/950
f 950/950/950 951/951/951 886/886/886
f 887/887/887 886/886/886 951/951/951
f 951/951/951 952/952/952 887/887/887
f 888/888/888 887/887/887 952/952/952
f 952/952/952 953/953/953 888/888/888
f 889/889/889 888/888/888 953/953/953
f 953/953/953 954/954/954 889/889/889
f 890/890/890 889/889/889 954/954/954
f 954/954/954 955/955/955 890/890/890
f 891/891/891 890/890/890 955/955/955
f 955/955/955 956/956/956 891/891/891
f 892/892/892 891/891/891 956/956/956
f 956/956/956 957/957/957 892/892/892
f 893/893/893 892/892/892 957/957/957
f 957/957/957 958/958/958 893/893/893
f 894/894/894 893/893/893 958/958/958
f 958/958/958 959/959/959 894/894/894
f 895/895/895 894/894/894 959/959/959
f 959/959/959 960/960/960 895/895/895
f 896/896/896 895/895/895 960/960/960
f 960/960/960 961/961/961 896/896/896
f 897/897/897 896/896/896 961/961/961
f 961/961/961 962/962/962 897/897/897
f 898/898/898 897/897/897 962/962/962
f 962/962/962 963/963/963 898/898/898
f 899/899/899 898/898/898 963/963/963
f 963/963/963 964/964/964 899/899/899
f 900/900/900 899/899/899 964/964/964
f 964/964/964 965/965/965 900/900/900
f 901/901/901 900/900/900 965/965/965
f 965/965/965 966/966/966 901/901/901
f 902/902/902 901/901/901 966/966/966
f 966/966/966 967/967/967 902/902/902
f 903/903/903 902/902/902 967/967/967
f 967/967/967 968/968/968 903/903/903
f 904/904/904 903/903/903 968/968/968
f 968/968/968 969/969/969 904/904/904
f 905/905/905 904/904/904 969/969/969
f 969/969/969 970/970/970 905/905/905
f 906/906/906 905/905/905 970/970/970
f 970/970/970 971/971/971 906/906/906
f 907/907/907 906/906/906 971/971/971
f 971/971/971 972/972/972 907/907/907
f 908/908/908 907/907/907 972/972/972
f 972/972/972 973/973/973 908/908/908
f 909/909/909 908/908/908 973/973/973
f 973/973/973 974/974/974 909/909/909
f 911/911/911 910/910/910 975/975/975
f 975/975/975 976/976/976 911/911/911
f 912/912/912 911/911/911 976/976/976
f 976/976/976 977/977/977 912/912/912
f 913/913/913 912/912/912 977/977/977
f 977/977/977 978/978/978 913/913/913
f 914/914/914 913/913/913 978/978/978
f 978/978/978 979/979/979 914/914/914
f 915/915/915 914/914/914 979/979/979
f 979/979/979 980/980/980 915/915/915
f 916/916/916 915/915/915 980/980/980
f 980/980/980 981/981/981 916/916/916
f 917/917/917 916/916/916 981/981/981
f 981/981/981 982/982/982 917/917/917
f 918/918/918 917/917/917 982/982/982
f 982/982/982 983/983/983 918/918/918
f 919/919/919 918/918/918 983/983/983
f 983/983/983 984/984/984 919/919/919
f 920/920/920 919/919/919 984/984/984
f 984/984/984 985/985/985 920/920/920
f 921/921/921 920/920/920 985/985/985
f 985/985/985 986/986/986 921/921/921
f 922/922/922 921/921/921 986/986/986
f 986/986/986 987/987/987 922/922/922
f 923/923/923 922/922/922 987/987/987
f 987/987/987 988/988/988 923/923/923
f 924/924/924 923/923/923 988/988/988
f 988/988/988 989/989/989 924/924/924
f 925/925/925 924/924/924 989/989/989
f 989/989/989 990/990/990 925/925/925
f 926/926/926 925/925/925 990/990/990
f 990/990/990 991/991/991 926/926/926
f 927/927/927 926/926/926 991/991/991
f 991/991/991 992/992/992 927/927/927
f 928/928/928 927/927/927 992/992/992
f 992/992/992 993/993/993 928/928/928
f 929/929/929 928/928/928 993/993/993
f 993/993/993 994/994/994 929/929/929
f 930/930/930 929/929/929 994/994/994
f 994/994/994 995/995/995 930/930/930
f 931/931/931 930/930/930 995/995/995
f 995/995/995 996/996/996 931/931/931
f 932/932/932 931/931/931 996/996/996
f 996/996/996 997/997/997 932/932/932
f 933/933/933 932/932/932 997/997/997
f 997/997/997 998/998/998 933/933/933
f 934/934/934 933/933/933 998/998/998
f 998/998/998 999/999/999 934/934/934
f 935/935/935 934/934/934 999/999/999
f 999/999/999 1000/1000/1000 935/935/935
f 936/936/936 935/935/935 1000/1000/1000
f 1000/1000/1000 1001/1001/1001 936/936/936
f 937/937/937 936/936/936 1001/1001/1001
f 1001/1001/1001 1002/1002/1002 937/937/937
f 938/938/938 937/937/937 1002/1002/1002
f 1002/1002/1002 1003/1003/1003 938/938/938
f 939/939/939 938/938/938 1003/1003/1003
f 1003/1003/1003 1004/1004/1004 939/939/939
f 940/940/940 939/939/939 1004/1004/1004
f 1004/1004/1004 1005/1005/1005 940/940/940
f 941/941/941 940/940/940 1005/1005/1005
f 1005/1005/1005 1006/1006/1006 941/941/941
f 942/942/942 941/941/941 1006/1006/1006
f 1006/1006/1006 1007/1007/1007 942/942/942
f 943/943/943 942/942/942 1007/1007/1007
f 1007/1007/1007 1008/1008/1008 943/943/943
f 944/944/944 943/943/943 1008/1008/1008
f 1008/1008/1008 1009/1009/1009 944/944/944
f 945/945/945 944/944/944 1009/1009/1009
f 1009/1009/1009 1010/1010/1010 945/945/945
f 946/946/946 945/945/945 1010/1010/1010
f 1010/1010/1010 1011/1011/1011 946/946/946
f 947/947/947 946/946/946 1011/1011/1011
f 1011/1011/1011 1012/1012/1012 947/947/947
f 948/948/948 947/947/947 1012/1012/1012
f 1012/1012/1012 1013/1013/1013 948/948/948
f 949/949/949 948/948/948 1013/1013/1013
f 1013/1013/1013 1014/1014/1014 949/949/949
f 950/950/950 949/949/949 1014/1014/1014
f 1014/1014/1014 1015/1015/1015 950/950/950
f 951/951/951 950/950/950 1015/1015/1015
f 1015/1015/1015 1016/1016/1016 951/951/951
f 952/952/952 951/951/951 1016/1016/1016
f 1016/1016/1016 1017/1017/1017 952/952/952
f 953/953/953 952/952/952 1017/1017/1017
f 1017/1017/1017 1018/1018/1018 953/953/953
f 954/954/954 953/953/953 1018/1018/1018
f 1018/1018/1018 1019/1019/1019 954/954/954
f 955/955/955 954/954/954 1019/1019/1019
f 1019/1019/1019 1020/1020/1020 955/955/955
f 956/956/956 955/955/955 1020/1020/1020
f 1020/1020/1020 1021/1021/1021 956/956/956
f 957/957/957 956/956/956 1021/1021/1021
f 1021/1021/1021 1022/1022/1022 957/957/957
f 958/958/958 957/957/957 1022/1022/1022
f 1022/1022/1022 1023/1023/1023 958/958/958
f 959/959/959 958/958/958 1023/1023/1023
f 1023/1023/1023 1024/1024/1024 959/959/959
f 960/960/960 959/959/959 1024/1024/1024
f 1024/1024/1024 1025/1025/1025 960/960/960
f 961/961/961 960/960/960 1025/1025/1025
f 1025/1025/1025 1026/1026/1026 961/961/961
f 962/962/962 961/961/961 1026/1026/1026
f 1026/1026/1026 1027/1027/1027 962/962/962
f 963/963/963 962/962/962 1027/1027/1027
f 1027/1027/1027 1028/1028/1028 963/963/963
f 964/964/964 963/963/963 1028/1028/1028
f 1028/1028/1028 1029/1029/1029 964/964/964
f 965/965/965 964/964/964 1029/1029/1029
f 1029/1029/1029 1030/1030/1030 965/965/965
f 966/966/966 965/965/965 1030/1030/1030
f 1030/1030/1030 1031/1031/1031 966/966/966
f 967/967/967 966/966/966 1031/1031/1031
f 1031/1031/1031 1032/1032/1032 967/967/967
f 968/968/968 967/967/967 1032/1032/1032
f 1032/1032/1032 1033/1033/1033 968/968/968
f 969/969/969 968/968/968 1033/1033/1033
f 1033/1033/1033 1034/1034/1034 969/969/969
f 970/970/970 969/969/969 1034/1034/1034
f 1034/1034/1034 1035/1035/1035 970/970/970
f 971/971/971 970/970/970 1035/1035/1035
f 1035/1035/1035 1036/1036/1036 971/971/971
f 972/972/972 971/971/971 1036/1036/1036
f 1036/1036/1036 1037/1037/1037 972/972/972
f 973/973/973 972/972/972 1037/1037/1037
f 1037/1037/1037 1038/1038/1038 973/973/973
f 974/974/974 973/973/973 1038/1038/1038
f 1038/1038/1038 1039/1039/1039 974/974/974
f 976/976/976 975/975/975 1040/1040/1040
f 1040/1040/1040 1041/1041/1041 976/976/976
f 977/977/977 976/976/976 1041/1041/1041
f 1041/1041/1041 1042/1042/1042 977/977/977
f 978/978/978 977/977/977 1042/1042/1042
f 1042/1042/1042 1043/1043/1043 978/978/978
f 979/979/979 978/978/978 1043/1043/1043
f 1043/1043/1043 1044/1044/1044 979/979/979
f 980/980/980 979/979/979 1044/1044/1044
f 1044/1044/1044 1045/1045/1045 980/980/980
f 981/981/981 980/980/980 1045/1045/1045
f 1045/1045/1045 1046/1046/1046 981/981/981
f 982/982/982 981/981/981 1046/1046/1046
f 1046/1046/1046 1047/1047/1047 982/982/982
f 983/983/983 982/982/982 1047/1047/1047
f 1047/1047/1047 1048/1048/1048 983/983/983
f 984/984/984 983/983/983 1048/1048/1048
f 1048/1048/1048 1049/1049/1049 984/984/984
f 985/985/985 984/984/984 1049/1049/1049
f 1049/1049/1049 1050/1050/1050 985/985/985
f 986/986/986 985/985/985 1050/1050/1050
f 1050/1050/1050 1051/1051/1051 986/986/986
f 987/987/987 986/986/986 1051/1051/1051
f 1051/1051/1051 1052/1052/1052 987/987/987
f 988/988/988 987/987/987 1052/1052/1052
f 1052/1052/1052 1053/1053/1053 988/988/988
f 989/989/989 988/988/988 1053/1053/1053
f 1053/1053/1053 1054/1054/1054 989/989/989
f 990/990/990 989/989/989 1054/1054/1054
f 1054/1054/1054 1055/1055/1055 990/990/990
f 991/991/991 990/990/990 1055/1055/1055
f 1055/1055/1055 1056/1056/1056 991/991/991
f 992/992/992 991/991/991 1056/1056/1056
f 1056/1056/1056 1057/1057/1057 992/992/992
f 993/993/993 992/992/992 1057/1057/1057
f 1057/1057/1057 1058/1058/1058 993/993/993
f 994/994/994 993/993/993 1058/1058/1058
f 1058/1058/1058 1059/1059/1059 994/994/994
f 995/995/995 994/994/994 1059/1059/1059
f 1059/1059/1059 1060/1060/1060 995/995/995
f 996/996/996 995/995/995 1060/1060/1060
f 1060/1060/1060 1061/1061/1061 996/996/996
f 997/997/997 996/996/996 1061/1061/1061
f 1061/1061/1061 1062/1062/1062 997/997/997
f 998/998/998 997/997/997 1062/1062/1062
f 1062/1062/1062 1063/1063/1063 998/998/998
f 999/999/999 998/998/998 1063/1063/1063
f 1063/1063/1063 1064/1064/1064 999/999/999
f 1000/1000/1000 999/999/999 1064/1064/1064
f 1064/1064/1064 1065/1065/1065 1000/1000/1000
f 1001/1001/1001 1000/1000/1000 1065/1065/1065
f 1065/1065/1065 1066/1066/1066 1001/1001/1001
f 1002/1002/1002 1001/1001/1001 1066/1066/1066
f 1066/1066/1066 1067/1067/1067 1002/1002/1002
f 1003/1003/1003 1002/1002/1002 1067/1067/1067
f 1067/1067/1067 1068/1068/1068 1003/1003/1003
f 1004/1004/1004 1003/1003/1003 1068/1068/1068
f 1068/1068/1068 1069/1069/1069 1004/1004/1004
f 1005/1005/1005 1004/1004/1004 1069/1069/1069
f 1069/1069/1069 1070/1070/1070 1005/1005/1005
f 1006/1006/1006 1005/1005/1005 1070/1070/1070
f 1070/1070/1070 1071/1071/1071 1006/1006/1006
f 1007/1007/1007 1006/1006/1006 1071/1071/1071
f 1071/1071/1071 1072/1072/1072 1007/1007/1007
f 1008/1008/1008 1007/1007/1007 1072/1072/1072
f 1072/1072/1072 1073/1073/1073 1008/1008/1008
f 1009/1009/1009 1008/1008/1008 1073/1073/1073
f 1073/1073/1073 1074/1074/1074 1009/1009/1009
f 1010/1010/1010 1009/1009/1009 1074/1074/1074
f 1074/1074/1074 1075/1075/1075 1010/1010/1010
f 1011/1011/1011 1010/1010/1010 1075/1075/1075
f 1075/1075/1075 1076/1076/1076 1011/1011/1011
f 1012/1012/1012 1011/1011/1011 1076/1076/1076
f 1076/1076/1076 1077/1077/1077 1012/1012/1012
f 1013/1013/1013 1012/1012/1012 1077/1077/1077
f 1077/1077/1077 1078/1078/1078 1013/1013/1013
f 1014/1014/1014 1013/1013/1013 1078/1078/1078
f 1078/1078/1078 1079/1079/1079 1014/1014/1014
f 1015/1015/1015 1014/1014/1014 1079/1079/1079
f 1079/1079/1079 1080/1080/1080 1015/1015/1015
f 1016/1016/1016 1015/1015/1015 1080/1080/1080
f 1080/1080/1080 1081/1081/1081 1016/1016/1016
f 1017/1017/1017 1016/1016/1016 1081/1081/1081
f 1081/1081/1081 1082/1082/1082 1017/1017/1017
f 1018/1018/1018 1017/1017/1017 1082/1082/1082
f 1082/1082/1082 1083/1083/1083 1018/1018/1018
f 1019/1019/1019 1018/1018/1018 1083/1083/1083
f 1083/1083/1083 1084/1084/1084 1019/1019/1019
f 1020/1020/1020 1019/1019/1019 1084/1084/1084
f 1084/1084/1084 1085/1085/1085 1020/1020/1020
f 1021/1021/1021 1020/1020/1020 1085/1085/1085
f 1085/1085/1085 1086/1086/1086 1021/1021/1021
f 1022/1022/1022 1021/1021/1021 1086/1086/1086
f 1086/1086/1086 1087/1087/1087 1022/1022/1022
f 1023/1023/1023 1022/1022/1022 1087/1087/1087
f 1087/1087/1087 1088/1088/1088 1023/1023/1023
f 1024/1024/1024 1023/1023/1023 1088/1088/1088
f 1088/1088/1088 1089/1089/1089 1024/1024/1024
f 1025/1025/1025 1024/1024/1024 1089/1089/1089
f 1089/1089/1089 1090/1090/1090 1025/1025/1025
f 1026/1026/1026 1025/1025/1025 1090/1090/1090
f 1090/1090/1090 1091/1091/1091 1026/1026/1026
f 1027/1027/1027 1026/1026/1026 1091/1091/1091
f 1091/1091/1091 1092/1092/1092 1027/1027/1027
f 1028/1028/1028 1027/1027/1027 1092/1092/1092
f 1092/1092/1092 1093/1093/1093 1028/1028/1028
f 1029/1029/1029 1028/1028/1028 1093/1093/1093
f 1093/1093/1093 1094/1094/1094 1029/1029/1029
f 1030/1030/1030 1029/1029/1029 1094/1094/1094
f 1094/1094/1094 1095/1095/1095 1030/1030/1030
f 1031/1031/1031 1030/1030/1030 1095/1095/1095
f 1095/1095/1095 1096/1096/1096 1031/1031/1031
f 1032/1032/1032 1031/1031/1031 1096/1096/1096
f 1096/1096/1096 1097/1097/1097 1032/1032/1032
f 1033/1033/1033 1032/1032/1032 1097/1097/1097
f 1097/1097/1097 1098/1098/1098 1033/1033/1033
f 1034/1034/1034 1033/1033/1033 1098/1098/1098
f 1098/1098/1098 1099/1099/1099 1034/1034/1034
f 1035/1035/1035 1034/1034/1034 1099/1099/1099
f 1099/1099/1099 1100/1100/1100 1035/1035/1035
f 1036/1036/1036 1035/1035/1035 1100/1100/1100
f 1100/1100/1100 1101/1101/1101 1036/1036/1036
f 1037/1037/1037 1036/1036/1036 1101/1101/1101
f 1101/1101/1101 1102/1102/1102 1037/1037/1037
f 1038/1038/1038 1037/1037/1037 1102/1102/1102
f 1102/1102/1102 1103/1103/1103 1038/1038/1038
f 1039/1039/1039 1038/1038/1038 1103/1103/1103
f 1103/1103/1103 1104/1104/1104 1039/1039/1039
f 1041/1041/1041 1040/1040/1040 1105/1105/1105
f 1105/1105/1105 1106/1106/1106 1041/1041/1041
f 1042/1042/1042 1041/1041/1041 1106/1106/1106
f 1106/1106/1106 1107/1107/1107 1042/1042/1042
f 1043/1043/1043 1042/1042/1042 1107/1107/1107
f 1107/1107/1107 1108/1108/1108 1043/1043/1043
f 1044/1044/1044 1043/1043/1043 1108/1108/1108
f 1108/1108/1108 1109/1109/1109 1044/1044/1044
f 1045/1045/1045 1044/1044/1044 1109/1109/1109
f 1109/1109/1109 1110/1110/1110 1045/1045/1045
f 1046/1046/1046 1045/1045/1045 1110/1110/1110
f 1110/1110/1110 1111/1111/1111 1046/1046/1046
f 1047/1047/1047 1046/1046/1046 1111/1111/1111
f 1111/1111/1111 1112/1112/1112 1047/1047/1047
f 1048/1048/1048 1047/1047/1047 1112/1112/1112
f 1112/1112/1112 1113/1113/1113 1048/1048/1048
f 1049/1049/1049 1048/1048/1048 1113/1113/1113
f 1113/1113/1113 1114/1114/1114 1049/1049/1049
f 1050/1050/1050 1049/1049/1049 1114/1114/1114
f 1114/1114/1114 1115/1115/1115 1050/1050/1050
f 1051/1051/1051 1050/1050/1050 1115/1115/1115
f 1115/1115/1115 1116/1116/1116 1051/1051/1051
f 1052/1052/1052 1051/1051/1051 1116/1116/1116
f 1116/1116/1116 1117/1117/1117 1052/1052/1052
f 1053/1053/1053 1052/1052/1052 1117/1117/1117
f 1117/1117/1117 1118/1118/1118 1053/1053/1053
f 1054/1054/1054 1053/1053/1053 1118/1118/1118
f 1118/1118/1118 1119/1119/1119 1054/1054/1054
f 1055/1055/1055 1054/1054/1054 1119/1119/1119
f 1119/1119/1119 1120/1120/1120 1055/1055/1055
f 1056/1056/1056 1055/1055/1055 1120/1120/1120
f 1120/1120/1120 1121/1121/1121 1056/1056/1056
f 1057/1057/1057 1056/1056/1056 1121/1121/1121
f 1121/1121/1121 1122/1122/1122 1057/1057/1057
f 1058/1058/1058 1057/1057/1057 1122/1122/1122
f 1122/1122/1122 1123/1123/1123 1058/1058/1058
f 1059/1059/1059 1058/1058/1058 1123/1123/1123
f 1123/1123/1123 1124/1124/1124 1059/1059/1059
f 1060/1060/1060 1059/1059/1059 1124/1124/1124
f 1124/1124/1124 1125/1125/1125 1060/1060/1060
f 1061/1061/1061 1060/1060/1060 1125/1125/1125
f 1125/1125/1125 1126/1126/1126 1061/1061/1061
f 1062/1062/1062 1061/1061/1061 1126/1126/1126
f 1126/1126/1126 1127/1127/1127 1062/1062/1062
f 1063/1063/1063 1062/1062/1062 1127/1127/1127
f 1127/1127/1127 1128/1128/1128 1063/1063/1063
f 1064/1064/1064 1063/1063/1063 1128/1128/1128
f 1128/1128/1128 1129/1129/1129 1064/1064/1064
f 1065/1065/1065 1064/1064/1064 1129/1129/1129
f 1129/1129/1129 1130/1130/1130 1065/1065/1065
f 1066/1066/1066 1065/1065/1065 1130/1130/1130
f 1130/1130/1130 1131/1131/1131 1066/1066/1066
f 1067/1067/1067 1066/1066/1066 1131/1131/1131
f 1131/1131/1131 1132/1132/1132 1067/1067/1067
f 1068/1068/1068 1067/1067/1067 1132/1132/1132
f 1132/1132/1132 1133/1133/1133 1068/1068/1068
f 1069/1069/1069 1068/1068/1068 1133/1133/1133
f 1133/1133/1133 1134/1134/1134 1069/1069/1069
f 1070/1070/1070 1069/1069/1069 1134/1134/1134
f 1134/1134/1134 1135/1135/1135 1070/1070/1070
f 1071/1071/1071 1070/1070/1070 1135/1135/1135
f 1135/1135/1135 1136/1136/1136 1071/1071/1071
f 1072/1072/1072 1071/1071/1071 1136/1136/1136
f 1136/1136/1136 1137/1137/1137 1072/1072/1072
f 1073/1073/1073 1072/1072/1072 1137/1137/1137
f 1137/1137/1137 1138/1138/1138 1073/1073/1073
f 1074/1074/1074 1073/1073/1073 1138/1138/1138
f 1138/1138/1138 1139/1139/1139 1074/1074/1074
f 1075/1075/1075 1074/1074/1074 1139/1139/1139
f 1139/1139/1139 1140/1140/1140 1075/1075/1075
f 1076/1076/1076 1075/1075/1075 1140/1140/1140
f 1140/1140/1140 1141/1141/1141 1076/1076/1076
f 1077/1077/1077 1076/1076/1076 1141/1141/1141
f 1141/1141/1141 1142/1142/1142 1077/1077/1077
f 1078/1078/1078 1077/1077/1077 1142/1142/1142
f 1142/1142/1142 1143/1143/1143 1078/1078/1078
f 1079/1079/1079 1078/1078/1078 1143/1143/1143
f 1143/1143/1143 1144/1144/1144 1079/1079/1079
f 1080/1080/1080 1079/1079/1079 1144/1144/1144
f 1144/1144/1144 1145/1145/1145 1080/1080/1080
f 1081/1081/1081 1080/1080/1080 1145/1145/1145
f 1145/1145/1145 1146/1146/1146 1081/1081/1081
f 1082/1082/1082 1081/1081/1081 1146/1146/1146
f 1146/1146/1146 1147/1147/1147 1082/1082/1082
f 1083/1083/1083 1082/1082/1082 1147/1147/1147
f 1147/1147/1147 1148/1148/1148 1083/1083/1083
f 1084/1084/1084 1083/1083/1083 1148/1148/1148
f 1148/1148/1148 1149/1149/1149 1084/1084/1084
f 1085/1085/1085 1084/1084/1084 1149/1149/1149
f 1149/1149/1149 1150/1150/1150 1085/1085/1085
f 1086/1086/1086 1085/1085/1085 1150/1150/1150
f 1150/1150/1150 1151/1151/1151 1086/1086/1086
f 1087/1087/1087 1086/1086/1086 1151/1151/1151
f 1151/1151/1151 1152/1152/1152 1087/1087/1087
f 1088/1088/1088 1087/1087/1087 1152/1152/1152
f 1152/1152/1152 1153/1153/1153 1088/1088/1088
f 1089/1089/1089 1088/1088/1088 1153/1153/1153
f 1153/1153/1153 1154/1154/1154 1089/1089/1089
f 1090/1090/1090 1089/1089/1089 1154/1154/1154
f 1154/1154/1154 1155/1155/1155 1090/1090/1090
f 1091/1091/1091 1090/1090/1090 1155/1155/1155
f 1155/1155/1155 1156/1156/1156 1091/1091/1091
f 1092/1092/1092 1091/1091/1091 1156/1156/1156
f 1156/1156/1156 1157/1157/1157 1092/1092/1092
f 1093/1093/1093 1092/1092/1092 1157/1157/1157
f 1157/1157/1157 1158/1158/1158 1093/1093/1093
f 1094/1094/1094 1093/1093/1093 1158/1158/1158
f 1158/1158/1158 1159/1159/1159 1094/1094/1094
f 1095/1095/1095 1094/1094/1094 1159/1159/1159
f 1159/1159/1159 1160/1160/1160 1095/1095/1095
f 1096/1096/1096 1095/1095/1095 1160/1160/1160
f 1160/1160/1160 1161/1161/1161 1096/1096/1096
f 1097/1097/1097 1096/1096/1096 1161/1161/1161
f 1161/1161/1161 1162/1162/1162 1097/1097/1097
f 1098/1098/1098 1097/1097/1097 1162/1162/1162
f 1162/1162/1162 1163/1163/1163 1098/1098/1098
f 1099/1099/1099 1098/1098/1098 1163/1163/1163
f 1163/1163/1163 1164/1164/1164 1099/1099/1099
f 1100/1100/1100 1099/1099/1099 1164/1164/1164
f 1164/1164/1164 1165/1165/1165 1100/1100/1100
f 1101/1101/1101 1100/1100/1100 1165/1165/1165
f 1165/1165/1165 1166/1166/1166 1101/1101/1101
f 1102/1102/1102 1101/1101/1101 1166/1166/1166
f 1166/1166/1166 1167/1167/1167 1102/1102/1102
f 1103/1103/1103 1102/1102/1102 1167/1167/1167
f 1167/1167/1167 1168/1168/1168 1103/1103/1103
f 1104/1104/1104 1103/1103/1103 1168/1168/1168
f 1168/1168/1168 1169/1169/1169 1104/1104/1104
f 1106/1106/1106 1105/1105/1105 1170/1170/1170
f 1170/1170/1170 1171/1171/1171 1106/1106/1106
f 1107/1107/1107 1106/1106/1106 1171/1171/1171
f 1171/1171/1171 1172/1172/1172 1107/1107/1107
f 1108/1108/1108 1107/1107/1107 1172/1172/1172
f 1172/1172/1172 1173/1173/1173 1108/1108/1108
f 1109/1109/1109 1108/1108/1108 1173/1173/1173
f 1173/1173/1173 1174/1174/1174 1109/1109/1109
f 1110/1110/1110 1109/1109/1109 1174/1174/1174
f 1174/1174/1174 1175/1175/1175 1110/1110/1110
f 1111/1111/1111 1110/1110/1110 1175/1175/1175
f 1175/1175/1175 1176/1176/1176 1111/1111/1111
f 1112/1112/1112 1111/1111/1111 1176/1176/1176
f 1176/1176/1176 1177/1177/1177 1112/1112/1112
f 1113/1113/1113 1112/1112/1112 1177/1177/1177
f 1177/1177/1177 1178/1178/1178 1113/1113/1113
f 1114/1114/1114 1113/1113/1113 1178/1178/1178
f 1178/1178/1178 1179/1179/1179 1114/1114/1114
f 1115/1115/1115 1114/1114/1114 1179/1179/1179
f 1179/1179/1179 1180/1180/1180 1115/1115/1115
f 1116/1116/1116 1115/1115/1115 1180/1180/1180
f 1180/1180/1180 1181/1181/1181 1116/1116/1116
f 1117/1117/1117 1116/1116/1116 1181/1181/1181
f 1181/1181/1181 1182/1182/1182 1117/1117/1117
f 1118/1118/1118 1117/1117/1117 1182/1182/1182
f 1182/1182/1182 1183/1183/1183 1118/1118/1118
f 1119/1119/1119 1118/1118/1118 1183/1183/1183
f 1183/1183/1183 1184/1184/1184 1119/1119/1119
f 1120/1120/1120 1119/1119/1119 1184/1184/1184
f 1184/1184/1184 1185/1185/1185 1120/1120/1120
f 1121/1121/1121 1120/1120/1120 1185/1185/1185
f 1185/1185/1185 1186/1186/1186 1121/1121/1121
f 1122/1122/1122 1121/1121/1121 1186/1186/1186
f 1186/1186/1186 1187/1187/1187 1122/1122/1122
f 1123/1123/1123 1122/1122/1122 1187/1187/1187
f 1187/1187/1187 1188/1188/1188 1123/1123/1123
f 1124/1124/1124 1123/1123/1123 1188/1188/1188
f 1188/1188/1188 1189/1189/1189 1124/1124/1124
f 1125/1125/1125 1124/1124/1124 1189/1189/1189
f 1189/1189/1189 1190/1190/1190 1125/1125/1125
f 1126/1126/1126 1125/1125/1125 1190/1190/1190
f 1190/1190/1190 1191/1191/1191 1126/1126/1126
f 1127/1127/1127 1126/1126/1126 1191/1191/1191
f 1191/1191/1191 1192/1192/1192 1127/1127/1127
f 1128/1128/1128 1127/1127/1127 1192/1192/1192
f 1192/1192/1192 1193/1193/1193 1128/1128/1128
f 1129/1129/1129 1128/1128/1128 1193/1193/1193
f 1193/1193/1193 1194/1194/1194 1129/1129/1129
f 1130/1130/1130 1129/1129/1129 1194/1194/1194
f 1194/1194/1194 1195/1195/1195 1130/1130/1130
f 1131/1131/1131 1130/1130/1130 1195/1195/1195
f 1195/1195/1195 1196/1196/1196 1131/1131/1131
f 1132/1132/1132 1131/1131/1131 1196/1196/1196
f 1196/1196/1196 1197/1197/1197 1132/1132/1132
f 1133/1133/1133 1132/1132/1132 1197/1197/1197
f 1197/1197/1197 1198/1198/1198 1133/1133/1133
f 1134/1134/1134 1133/1133/1133 1198/1198/1198
f 1198/1198/1198 1199/1199/1199 1134/1134/1134
f 1135/1135/1135 1134/1134/1134 1199/1199/1199
f 1199/1199/1199 1200/1200/1200 1135/1135/1135
f 1136/1136/1136 1135/1135/1135 1200/1200/1200
f 1200/1200/1200 1201/1201/1201 1136/1136/1136
f 1137/1137/1137 1136/1136/1136 1201/1201/1201
f 1201/1201/1201 1202/1202/1202 1137/1137/1137
f 1138/1138/1138 1137/1137/1137 1202/1202/1202
f 1202/1202/1202 1203/1203/1203 1138/1138/1138
f 1139/1139/1139 1138/1138/1138 1203/1203/1203
f 1203/1203/1203 1204/1204/1204 1139/1139/1139
f 1140/1140/1140 1139/1139/1139 1204/1204/1204
f 1204/1204/1204 1205/1205/1205 1140/1140/1140
f 1141/1141/1141 1140/1140/1140 1205/1205/1205
f 1205/1205/1205 1206/1206/1206 1141/1141/1141
f 1142/1142/1142 1141/1141/1141 1206/1206/1206
f 1206/1206/1206 1207/1207/1207 1142/1142/1142
f 1143/1143/1143 1142/1142/1142 1207/1207/1207
f 1207/1207/1207 1208/1208/1208 1143/1143/1143
f 1144/1144/1144 1143/1143/1143 1208/1208/1208
f 1208/1208/1208 1209/1209/1209 1144/1144/1144
f 1145/1145/1145 1144/1144/1144 1209/1209/1209
f 1209/1209/1209 1210/1210/1210 1145/1145/1145
f 1146/1146/1146 1145/1145/1145 1210/1210/1210
f 1210/1210/1210 1211/1211/1211 1146/1146/1146
f 1147/1147/1147 1146/1146/1146 1211/1211/1211
f 1211/1211/1211 1212/1212/1212 1147/1147/1147
f 1148/1148/1148 1147/1147/1147 1212/1212/1212
f 1212/1212/1212 1213/1213/1213 1148/1148/1148
f 1149/1149/1149 1148/1148/1148 1213/1213/1213
f 1213/1213/1213 1214/1214/1214 1149/1149/1149
f 1150/1150/1150 1149/1149/1149 1214/1214/1214
f 1214/1214/1214 1215/1215/1215 1150/1150/1150
f 1151/1151/1151 1150/1150/1150 1215/1215/1215
f 1215/1215/1215 1216/1216/1216 1151/1151/1151
f 1152/1152/1152 1151/1151/1151 1216/1216/1216
f 1216/1216/1216 1217/1217/1217 1152/1152/1152
f 1153/1153/1153 1152/1152/1152 1217/1217/1217
f 1217/1217/1217 1218/1218/1218 1153/1153/1153
f 1154/1154/1154 1153/1153/1153 1218/1218/1218
f 1218/1218/1218 1219/1219/1219 1154/1154/1154
f 1155/1155/1155 1154/1154/1154 1219/1219/1219
f 1219/1219/1219 1220/1220/1220 1155/1155/1155
f 1156/1156/1156 1155/1155/1155 1220/1220/1220
f 1220/1220/1220 1221/1221/1221 1156/1156/1156
f 1157/1157/1157 1156/1156/1156 1221/1221/1221
f 1221/1221/1221 1222/1222/1222 1157/1157/1157
f 1158/1158/1158 1157/1157/1157 1222/1222/1222
f 1222/1222/1222 1223/1223/1223 1158/1158/1158
f 1159/1159/1159 1158/1158/1158 1223/1223/1223
f 1223/1223/1223 1224/1224/1224 1159/1159/1159
f 1160/1160/1160 1159/1159/1159 1224/1224/1224
f 1224/1224/1224 1225/1225/1225 1160/1160/1160
f 1161/1161/1161 1160/1160/1160 1225/1225/1225
f 1225/1225/1225 1226/1226/1226 1161/1161/1161
f 1162/1162/1162 1161/1161/1161 1226/1226/1226
f 1226/1226/1226 1227/1227/1227 1162/1162/1162
f 1163/1163/1163 1162/1162/1162 1227/1227/1227
f 1227/1227/1227 1228/1228/1228 1163/1163/1163
f 1164/1164/1164 1163/1163/1163 1228/1228/1228
f 1228/1228/1228 1229/1229/1229 1164/1164/1164
f 1165/1165/1165 1164/1164/1164 1229/1229/1229
f 1229/1229/1229 1230/1230/1230 1165/1165/1165
f 1166/1166/1166 1165/1165/1165 1230/1230/1230
f 1230/1230/1230 1231/1231/1231 1166/1166/1166
f 1167/1167/1167 1166/1166/1166 1231/1231/1231
f 1231/1231/1231 1232/1232/1232 1167/1167/1167
f 1168/1168/1168 1167/1167/1167 1232/1232/1232
f 1232/1232/1232 1233/1233/1233 1168/1168/1168
f 1169/1169/1169 1168/1168/1168 1233/1233/1233
f 1233/1233/1233 1234/1234/1234 1169/1169/1169
f 1171/1171/1171 1170/1170/1170 1235/1235/1235
f 1235/1235/1235 1236/1236/1236 1171/1171/1171
f 1172/1172/1172 1171/1171/1171 1236/1236/1236
f 1236/1236/1236 1237/1237/1237 1172/1172/1172
f 1173/1173/1173 1172/1172/1172 1237/1237/1237
f 1237/1237/1237 1238/1238/1238 1173/1173/1173
f 1174/1174/1174 1173/1173/1173 1238/1238/1238
f 1238/1238/1238 1239/1239/1239 1174/1174/1174
f 1175/1175/1175 1174/1174/1174 1239/1239/1239
f 1239/1239/1239 1240/1240/1240 1175/1175/1175
f 1176/1176/1176 1175/1175/1175 1240/1240/1240
f 1240/1240/1240 1241/1241/1241 1176/1176/1176
f 1177/1177/1177 1176/1176/1176 1241/1241/1241
f 1241/1241/1241 1242/1242/1242 1177/1177/1177
f 1178/1178/1178 1177/1177/1177 1242/1242/1242
f 1242/1242/1242 1243/1243/1243 1178/1178/1178
f 1179/1179/1179 1178/1178/1178 1243/1243/1243
f 1243/1243/1243 1244/1244/1244 1179/1179/1179
f 1180/1180/1180 1179/1179/1179 1244/1244/1244
f 1244/1244/1244 1245/1245/1245 1180/1180/1180
f 1181/1181/1181 1180/1180/1180 1245/1245/1245
f 1245/1245/1245 1246/1246/1246 1181/1181/1181
f 1182/1182/1182 1181/1181/1181 1246/1246/1246
f 1246/1246/1246 1247/1247/1247 1182/1182/1182
f 1183/1183/1183 1182/1182/1182 1247/1247/1247
f 1247/1247/1247 1248/1248/1248 1183/1183/1183
f 1184/1184/1184 1183/1183/1183 1248/1248/1248
f 1248/1248/1248 1249/1249/1249 1184/1184/1184
f 1185/1185/1185 1184/1184/1184 1249/1249/1249
f 1249/1249/1249 1250/1250/1250 1185/1185/1185
f 1186/1186/1186 1185/1185/1185 1250/1250/1250
f 1250/1250/1250 1251/1251/1251 1186/1186/1186
f 1187/1187/1187 1186/1186/1186 1251/1251/1251
f 1251/1251/1251 1252/1252/1252 1187/1187/1187
f 1188/1188/1188 1187/1187/1187 1252/1252/1252
f 1252/1252/1252 1253/1253/1253 1188/1188/1188
f 1189/1189/1189 1188/1188/1188 1253/1253/1253
f 1253/1253/1253 1254/1254/1254 1189/1189/1189
f 1190/1190/1190 1189/1189/1189 1254/1254/1254
f 1254/1254/1254 1255/1255/1255 1190/1190/1190
f 1191/1191/1191 1190/1190/1190 1255/1255/1255
f 1255/1255/1255 1256/1256/1256 1191/1191/1191
f 1192/1192/1192 1191/1191/1191 1256/1256/1256
f 1256/1256/1256 1257/1257/1257 1192/1192/1192
f 1193/1193/1193 1192/1192/1192 1257/1257/1257
f 1257/1257/1257 1258/1258/1258 1193/1193/1193
f 1194/1194/1194 1193/1193/1193 1258/1258/1258
f 1258/1258/1258 1259/1259/1259 1194/1194/1194
f 1195/1195/1195 1194/1194/1194 1259/1259/1259
f 1259/1259/1259 1260/1260/1260 1195/1195/1195
f 1196/1196/1196 1195/1195/1195 1260/1260/1260
f 1260/1260/1260 1261/1261/1261 1196/1196/1196
f 1197/1197/1197 1196/1196/1196 1261/1261/1261
f 1261/1261/1261 1262/1262/1262 1197/1197/1197
f 1198/1198/1198 1197/1197/1197 1262/1262/1262
f 1262/1262/1262 1263/1263/1263 1198/1198/1198
f 1199/1199/1199 1198/1198/1198 1263/1263/1263
f 1263/1263/1263 1264/1264/1264 1199/1199/1199
f 1200/1200/1200 1199/1199/1199 1264/1264/1264
f 1264/1264/1264 1265/1265/1265 1200/1200/1200
f 1201/1201/1201 1200/1200/1200 1265/1265/1265
f 1265/1265/1265 1266/1266/1266 1201/1201/1201
f 1202/1202/1202 1201/1201/1201 1266/1266/1266
f 1266/1266/1266 1267/1267/1267 1202/1202/1202
f 1203/1203/1203 1202/1202/1202 1267/1267/1267
f 1267/1267/1267 1268/1268/1268 1203/1203/1203
f 1204/1204/1204 1203/1203/1203 1268/1268/1268
f 1268/1268/1268 1269/1269/1269 1204/1204/1204
f 1205/1205/1205 1204/1204/1204 1269/1269/1269
f 1269/1269/1269 1270/1270/1270 1205/1205/1205
f 1206/1206/1206 1205/1205/1205 1270/1270/1270
f 1270/1270/1270 1271/1271/1271 1206/1206/1206
f 1207/1207/1207 1206/1206/1206 1271/1271/1271
f 1271/1271/1271 1272/1272/1272 1207/1207/1207
f 1208/1208/1208 1207/1207/1207 1272/1272/1272
f 1272/1272/1272 1273/1273/1273 1208/1208/1208
f 1209/1209/1209 1208/1208/1208 1273/1273/1273
f 1273/1273/1273 1274/1274/1274 1209/1209/1209
f 1210/1210/1210 1209/1209/1209 1274/1274/1274
f 1274/1274/1274 1275/1275/1275 1210/1210/1210
f 1211/1211/1211 1210/1210/1210 1275/1275/1275
f 1275/1275/1275 1276/1276/1276 1211/1211/1211
f 1212/1212/1212 1211/1211/1211 1276/1276/1276
f 1276/1276/1276 1277/1277/1277 1212/1212/1212
f 1213/1213/1213 1212/1212/1212 1277/1277/1277
f 1277/1277/1277 1278/1278/1278 1213/1213/1213
f 1214/1214/1214 1213/1213/1213 1278/1278/1278
f 1278/1278/1278 1279/1279/1279 1214/1214/1214
f 1215/1215/1215 1214/1214/1214 1279/1279/1279
f 1279/1279/1279 1280/1280/1280 1215/1215/1215
f 1216/1216/1216 1215/1215/1215 1280/1280/1280
f 1280/1280/1280 1281/1281/1281 1216/1216/1216
f 1217/1217/1217 1216/1216/1216 1281/1281/1281
f 1281/1281/1281 1282/1282/1282 1217/1217/1217
f 1218/1218/1218 1217/1217/1217 1282/1282/1282
f 1282/1282/1282 1283/1283/1283 1218/1218/1218
f 1219/1219/1219 1218/1218/1218 1283/1283/1283
f 1283/1283/1283 1284/1284/1284 1219/1219/1219
f 1220/1220/1220 1219/1219/1219 1284/1284/1284
f 1284/1284/1284 1285/1285/1285 1220/1220/1220
f 1221/1221/1221 1220/1220/1220 1285/1285/1285
f 1285/1285/1285 1286/1286/1286 1221/1221/1221
f 1222/1222/1222 1221/1221/1221 1286/1286/1286
f 1286/1286/1286 1287/1287/1287 1222/1222/1222
f 1223/1223/1223 1222/1222/1222 1287/1287/1287
f 1287/1287/1287 1288/1288/1288 1223/1223/1223
f 1224/1224/1224 1223/1223/1223 1288/1288/1288
f 1288/1288/1288 1289/1289/1289 1224/1224/1224
f 1225/1225/1225 1224/1224/1224 1289/1289/1289
f 1289/1289/1289 1290/1290/1290 1225/1225/1225
f 1226/1226/1226 1225/1225/1225 1290/1290/1290
f 1290/1290/1290 1291/1291/1291 1226/1226/1226
f 1227/1227/1227 1226/1226/1226 1291/1291/1291
f 1291/1291/1291 1292/1292/1292 1227/1227/1227
f 1228/1228/1228 1227/1227/1227 1292/1292/1292
f 1292/1292/1292 1293/1293/1293 1228/1228/1228
f 1229/1229/1229 1228/1228/1228 1293/1293/1293
f 1293/1293/1293 1294/1294/1294 1229/1229/1229
f 1230/1230/1230 1229/1229/1229 1294/1294/1294
f 1294/1294/1294 1295/1295/1295 1230/1230/1230
f 1231/1231/1231 1230/1230/1230 1295/1295/1295
f 1295/1295/1295 1296/1296/1296 1231/1231/1231
f 1232/1232/1232 1231/1231/1231 1296/1296/1296
f 1296/1296/1296 1297/1297/1297 1232/1232/1232
f 1233/1233/1233 1232/1232/1232 1297/1297/1297
f 1297/1297/1297 1298/1298/1298 1233/1233/1233
f 1234/1234/1234 1233/1233/1233 1298/1298/1298
f 1298/1298/1298 1299/1299/1299 1234/1234/1234
f 1236/1236/1236 1235/1235/1235 1300/1300/1300
f 1300/1300/1300 1301/1301/1301 1236/1236/1236
f 1237/1237/1237 1236/1236/1236 1301/1301/1301
f 1301/1301/1301 1302/1302/1302 1237/1237/1237
f 1238/1238/1238 1237/1237/1237 1302/1302/1302
f 1302/1302/1302 1303/1303/1303 1238/1238/1238
f 1239/1239/1239 1238/1238/1238 1303/1303/1303
f 1303/1303/1303 1304/1304/1304 1239/1239/1239
f 1240/1240/1240 1239/1239/1239 1304/1304/1304
f 1304/1304/1304 1305/1305/1305 1240/1240/1240
f 1241/1241/1241 1240/1240/1240 1305/1305/1305
f 1305/1305/1305 1306/1306/1306 1241/1241/1241
f 1242/1242/1242 1241/1241/1241 1306/1306/1306
f 1306/1306/1306 1307/1307/1307 1242/1242/1242
f 1243/1243/1243 1242/1242/1242 1307/1307/1307
f 1307/1307/1307 1308/1308/1308 1243/1243/1243
f 1244/1244/1244 1243/1243/1243 1308/1308/1308
f 1308/1308/1308 1309/1309/1309 1244/1244/1244
f 1245/1245/1245 1244/1244/1244 1309/1309/1309
f 1309/1309/1309 1310/1310/1310 1245/1245/1245
f 1246/1246/1246 1245/1245/1245 1310/1310/1310
f 1310/1310/1310 1311/1311/1311 1246/1246/1246
f 1247/1247/1247 1246/1246/1246 1311/1311/1311
f 1311/1311/1311 1312/1312/1312 1247/1247/1247
f 1248/1248/1248 1247/1247/1247 1312/1312/1312
f 1312/1312/1312 1313/1313/1313 1248/1248/1248
f 1249/1249/1249 1248/1248/1248 1313/1313/1313
f 1313/1313/1313 1314/1314/1314 1249/1249/1249
f 1250/1250/1250 1249/1249/1249 1314/1314/1314
f 1314/1314/1314 1315/1315/1315 1250/1250/1250
f 1251/1251/1251 1250/1250/1250 1315/1315/1315
f 1315/1315/1315 1316/1316/1316 1251/1251/1251
f 1252/1252/1252 1251/1251/1251 1316/1316/1316
f 1316/1316/1316 1317/1317/1317 1252/1252/1252
f 1253/1253/1253 1252/1252/1252 1317/1317/1317
f 1317/1317/1317 1318/1318/1318 1253/1253/1253
f 1254/1254/1254 1253/1253/1253 1318/1318/1318
f 1318/1318/1318 1319/1319/1319 1254/1254/1254
f 1255/1255/1255 1254/1254/1254 1319/1319/1319
f 1319/1319/1319 1320/1320/1320 1255/1255/1255
f 1256/1256/1256 1255/1255/1255 1320/1320/1320
f 1320/1320/1320 1321/1321/1321 1256/1256/1256
f 1257/1257/1257 1256/1256/1256 1321/1321/1321
f 1321/1321/1321 1322/1322/1322 1257/1257/1257
f 1258/1258/1258 1257/1257/1257 1322/1322/1322
f 1322/1322/1322 1323/1323/1323 1258/1258/1258
f 1259/1259/1259 1258/1258/1258 1323/1323/1323
f 1323/1323/1323 1324/1324/1324 1259/1259/1259
f 1260/1260/1260 1259/1259/1259 1324/1324/1324
f 1324/1324/1324 1325/1325/1325 1260/1260/1260
f 1261/1261/1261 1260/1260/1260 1325/1325/1325
f 1325/1325/1325 1326/1326/1326 1261/1261/1261
f 1262/1262/1262 1261/1261/1261 1326/1326/1326
f 1326/1326/1326 1327/1327/1327 1262/1262/1262
f 1263/1263/1263 1262/1262/1262 1327/1327/1327
f 1327/1327/1327 1328/1328/1328 1263/1263/1263
f 1264/1264/1264 1263/1263/1263 1328/1328/1328
f 1328/1328/1328 1329/1329/1329 1264/1264/1264
f 1265/1265/1265 1264/1264/1264 1329/1329/1329
f 1329/1329/1329 1330/1330/1330 1265/1265/1265
f 1266/1266/1266 1265/1265/1265 1330/1330/1330
f 1330/1330/1330 1331/1331/1331 1266/1266/1266
f 1267/1267/1267 1266/1266/1266 1331/1331/1331
f 1331/1331/1331 1332/1332/1332 1267/1267/1267
f 1268/1268/1268 1267/1267/1267 1332/1332/1332
f 1332/1332/1332 1333/1333/1333 1268/1268/1268
f 1269/1269/1269 1268/1268/1268 1333/1333/1333
f 1333/1333/1333 1334/1334/1334 1269/1269/1269
f 1270/1270/1270 1269/1269/1269 1334/1334/1334
f 1334/1334/1334 1335/1335/1335 1270/1270/1270
f 1271/1271/1271 1270/1270/1270 1335/1335/1335
f 1335/1335/1335 1336/1336/1336 1271/1271/1271
f 1272/1272/1272 1271/1271/1271 1336/1336/1336
f 1336/1336/1336 1337/1337/1337 1272/1272/1272
f 1273/1273/1273 1272/1272/1272 1337/1337/1337
f 1337/1337/1337 1338/1338/1338 1273/1273/1273
f 1274/1274/1274 1273/1273/1273 1338/1338/1338
f 1338/1338/1338 1339/1339/1339 1274/1274/1274
f 1275/1275/1275 1274/1274/1274 1339/1339/1339
f 1339/1339/1339 1340/1340/1340 1275/1275/1275
f 1276/1276/1276 1275/1275/1275 1340/1340/1340
f 1340/1340/1340 1341/1341/1341 1276/1276/1276
f 1277/1277/1277 1276/1276/1276 1341/1341/1341
f 1341/1341/1341 1342/1342/1342 1277/1277/1277
f 1278/1278/1278 1277/1277/1277 1342/1342/1342
f 1342/1342/1342 1343/1343/1343 1278/1278/1278
f 1279/1279/1279 1278/1278/1278 1343/1343/1343
f 1343/1343/1343 1344/1344/1344 1279/1279/1279
f 1280/1280/1280 1279/1279/1279 1344/1344/1344
f 1344/1344/1344 1345/1345/1345 1280/1280/1280
f 1281/1281/1281 1280/1280/1280 1345/1345/1345
f 1345/1345/1345 1346/1346/1346 1281/1281/1281
f 1282/1282/1282 1281/1281/1281 1346/1346/1346
f 1346/1346/1346 1347/1347/1347 1282/1282/1282
f 1283/1283/1283 1282/1282/1282 1347/1347/1347
f 1347/1347/1347 1348/1348/1348 1283/1283/1283
f 1284/1284/1284 1283/1283/1283 1348/1348/1348
f 1348/1348/1348 1349/1349/1349 1284/1284/1284
f 1285/1285/1285 1284/1284/1284 1349/1349/1349
f 1349/1349/1349 1350/1350/1350 1285/1285/1285
f 1286/1286/1286 1285/1285/1285 1350/1350/1350
f 1350/1350/1350 1351/1351/1351 1286/1286/1286
f 1287/1287/1287 1286/1286/1286 1351/1351/1351
f 1351/1351/1351 1352/1352/1352 1287/1287/1287
f 1288/1288/1288 1287/1287/1287 1352/1352/1352
f 1352/1352/1352 1353/1353/1353 1288/1288/1288
f 1289/1289/1289 1288/1288/1288 1353/1353/1353
f 1353/1353/1353 1354/1354/1354 1289/1289/1289
f 1290/1290/1290 1289/1289/1289 1354/1354/1354
f 1354/1354/1354 1355/1355/1355 1290/1290/1290
f 1291/1291/1291 1290/1290/1290 1355/1355/1355
f 1355/1355/1355 1356/1356/1356 1291/1291/1291
f 1292/1292/1292 1291/1291/1291 1356/1356/1356
f 1356/1356/1356 1357/1357/1357 1292/1292/1292
f 1293/1293/1293 1292/1292/1292 1357/1357/1357
f 1357/1357/1357 1358/1358/1358 1293/1293/1293
f 1294/1294/1294 1293/1293/1293 1358/1358/1358
f 1358/1358/1358 1359/1359/1359 1294/1294/1294
f 1295/1295/1295 1294/1294/1294 1359/1359/1359
f 1359/1359/1359 1360/1360/1360 1295/1295/1295
f 1296/1296/1296 1295/1295/1295 1360/1360/1360
f 1360/1360/1360 1361/1361/1361 1296/1296/1296
f 1297/1297/1297 1296/1296/1296 1361/1361/1361
f 1361/1361/1361 1362/1362/1362 1297/1297/1297
f 1298/1298/1298 1297/1297/1297 1362/1362/1362
f 1362/1362/1362 1363/1363/1363 1298/1298/1298
f 1299/1299/1299 1298/1298/1298 1363/1363/1363
f 1363/1363/1363 1364/1364/1364 1299/1299/1299
f 1301/1301/1301 1300/1300/1300 1365/1365/1365
f 1365/1365/1365 1366/1366/1366 1301/1301/1301
f 1302/1302/1302 1301/1301/1301 1366/1366/1366
f 1366/1366/1366 1367/1367/1367 1302/1302/1302
f 1303/1303/1303 1302/1302/1302 1367/1367/1367
f 1367/1367/1367 1368/1368/1368 1303/1303/1303
f 1304/1304/1304 1303/1303/1303 1368/1368/1368
f 1368/1368/1368 1369/1369/1369 1304/1304/1304
f 1305/1305/1305 1304/1304/1304 1369/1369/1369
f 1369/1369/1369 1370/1370/1370 1305/1305/1305
f 1306/1306/1306 1305/1305/1305 1370/1370/1370
f 1370/1370/1370 1371/1371/1371 1306/1306/1306
f 1307/1307/1307 1306/1306/1306 1371/1371/1371
f 1371/1371/1371 1372/1372/1372 1307/1307/1307
f 1308/1308/1308 1307/1307/1307 1372/1372/1372
f 1372/1372/1372 1373/1373/1373 1308/1308/1308
f 1309/1309/1309 1308/1308/1308 1373/1373/1373
f 1373/1373/1373 1374/1374/1374 1309/1309/1309
f 1310/1310/1310 1309/1309/1309 1374/1374/1374
f 1374/1374/1374 1375/1375/1375 1310/1310/1310
f 1311/1311/1311 1310/1310/1310 1375/1375/1375
f 1375/1375/1375 1376/1376/1376 1311/1311/1311
f 1312/1312/1312 1311/1311/1311 1376/1376/1376
f 1376/1376/1376 1377/1377/1377 1312/1312/1312
f 1313/1313/1313 1312/1312/1312 1377/1377/1377
f 1377/1377/1377 1378/1378/1378 1313/1313/1313
f 1314/1314/1314 1313/1313/1313 1378/1378/1378
f 1378/1378/1378 1379/1379/1379 1314/1314/1314
f 1315/1315/1315 1314/1314/1314 1379/1379/1379
f 1379/1379/1379 1380/1380/1380 1315/1315/1315
f 1316/1316/1316 1315/1315/1315 1380/1380/1380
f 1380/1380/1380 1381/1381/1381 1316/1316/1316
f 1317/1317/1317 1316/1316/1316 1381/1381/1381
f 1381/1381/1381 1382/1382/1382 1317/1317/1317
f 1318/1318/1318 1317/1317/1317 1382/1382/1382
f 1382/1382/1382 1383/1383/1383 1318/1318/1318
f 1319/1319/1319 1318/1318/1318 1383/1383/1383
f 1383/1383/1383 1384/1384/1384 1319/1319/1319
f 1320/1320/1320 1319/1319/1319 1384/1384/1384
f 1384/1384/1384 1385/1385/1385 1320/1320/1320
f 1321/1321/1321 1320/1320/1320 1385/1385/1385
f 1385/1385/1385 1386/1386/1386 1321/1321/1321
f 1322/1322/1322 1321/1321/1321 1386/1386/1386
f 1386/1386/1386 1387/1387/1387 1322/1322/1322
f 1323/1323/1323 1322/1322/1322 1387/1387/1387
f 1387/1387/1387 1388/1388/1388 1323/1323/1323
f 1324/1324/1324 1323/1323/1323 1388/1388/1388
f 1388/1388/1388 1389/1389/1389 1324/1324/1324
f 1325/1325/1325 1324/1324/1324 1389/1389/1389
f 1389/1389/1389 1390/1390/1390 1325/1325/1325
f 1326/1326/1326 1325/1325/1325 1390/1390/1390
f 1390/1390/1390 1391/1391/1391 1326/1326/1326
f 1327/1327/1327 1326/1326/1326 1391/1391/1391
f 1391/1391/1391 1392/1392/1392 1327/1327/1327
f 1328/1328/1328 1327/1327/1327 1392/1392/1392
f 1392/1392/1392 1393/1393/1393 1328/1328/1328
f 1329/1329/1329 1328/1328/1328 1393/1393/1393
f 1393/1393/1393 1394/1394/1394 1329/1329/1329
f 1330/1330/1330 1329/1329/1329 1394/1394/1394
f 1394/1394/1394 1395/1395/1395 1330/1330/1330
f 1331/1331/1331 1330/1330/1330 1395/1395/1395
f 1395/1395/1395 1396/1396/1396 1331/1331/1331
f 1332/1332/1332 1331/1331/1331 1396/1396/1396
f 1396/1396/1396 1397/1397/1397 1332/1332/1332
f 1333/1333/1333 1332/1332/1332 1397/1397/1397
f 1397/1397/1397 1398/1398/1398 1333/1333/1333
f 1334/1334/1334 1333/1333/1333 1398/1398/1398
f 1398/1398/1398 1399/1399/1399 1334/1334/1334
f 1335/1335/1335 1334/1334/1334 1399/1399/1399
f 1399/1399/1399 1400/1400/1400 1335/1335/1335
f 1336/1336/1336 1335/1335/1335 1400/1400/1400
f 1400/1400/1400 1401/1401/1401 1336/1336/1336
f 1337/1337/1337 1336/1336/1336 1401/1401/1401
f 1401/1401/1401 1402/1402/1402 1337/1337/1337
f 1338/1338/1338 1337/1337/1337 1402/1402/1402
f 1402/1402/1402 1403/1403/1403 1338/1338/1338
f 1339/1339/1339 1338/1338/1338 1403/1403/1403
f 1403/1403/1403 1404/1404/1404 1339/1339/1339
f 1340/1340/1340 1339/1339/1339 1404/1404/1404
f 1404/1404/1404 1405/1405/1405 1340/1340/1340
f 1341/1341/1341 1340/1340/1340 1405/1405/1405
f 1405/1405/1405 1406/1406/1406 1341/1341/1341
f 1342/1342/1342 1341/1341/1341 1406/1406/1406
f 1406/1406/1406 1407/1407/1407 1342/1342/1342
f 1343/1343/1343 1342/1342/1342 1407/1407/1407
f 1407/1407/1407 1408/1408/1408 1343/1343/1343
f 1344/1344/1344 1343/1343/1343 1408/1408/1408
f 1408/1408/1408 1409/1409/1409 1344/1344/1344
f 1345/1345/1345 1344/1344/1344 1409/1409/1409
f 1409/1409/1409 1410/1410/1410 1345/1345/1345
f 1346/1346/1346 1345/1345/1345 1410/1410/1410
f 1410/1410/1410 1411/1411/1411 1346/1346/1346
f 1347/1347/1347 1346/1346/1346 1411/1411/1411
f 1411/1411/1411 1412/1412/1412 1347/1347/1347
f 1348/1348/1348 1347/1347/1347 1412/1412/1412
f 1412/1412/1412 1413/1413/1413 1348/1348/1348
f 1349/1349/1349 1348/1348/1348 1413/1413/1413
f 1413/1413/1413 1414/1414/1414 1349/1349/1349
f 1350/1350/1350 1349/1349/1349 1414/1414/1414
f 1414/1414/1414 1415/1415/1415 1350/1350/1350
f 1351/1351/1351 1350/1350/1350 1415/1415/1415
f 1415/1415/1415 1416/1416/1416 1351/1351/1351
f 1352/1352/1352 1351/1351/1351 1416/1416/1416
f 1416/1416/1416 1417/1417/1417 1352/1352/1352
f 1353/1353/1353 1352/1352/1352 1417/1417/1417
f 1417/1417/1417 1418/1418/1418 1353/1353/1353
f 1354/1354/1354 1353/1353/1353 1418/1418/1418
f 1418/1418/1418 1419/1419/1419 1354/1354/1354
f 1355/1355/1355 1354/1354/1354 1419/1419/1419
f 1419/1419/1419 1420/1420/1420 1355/1355/1355
f 1356/1356/1356 1355/1355/1355 1420/1420/1420
f 1420/1420/1420 1421/1421/1421 1356/1356/1356
f 1357/1357/1357 1356/1356/1356 1421/1421/1421
f 1421/1421/1421 1422/1422/1422 1357/1357/1357
f 1358/1358/1358 1357/1357/1357 1422/1422/1422
f 1422/1422/1422 1423/1423/1423 1358/1358/1358
f 1359/1359/1359 1358/1358/1358 1423/1423/1423
f 1423/1423/1423 1424/1424/1424 1359/1359/1359
f 1360/1360/1360 1359/1359/1359 1424/1424/1424
f 1424/1424/1424 1425/1425/1425 1360/1360/1360
f 1361/1361/1361 1360/1360/1360 1425/1425/1425
f 1425/1425/1425 1426/1426/1426 1361/1361/1361
f 1362/1362/1362 1361/1361/1361 1426/1426/1426
f 1426/1426/1426 1427/1427/1427 1362/1362/1362
f 1363/1363/1363 1362/1362/1362 1427/1427/1427
f 1427/1427/1427 1428/1428/1428 1363/1363/1363
f 1364/1364/1364 1363/1363/1363 1428/1428/1428
f 1428/1428/1428 1429/1429/1429 1364/1364/1364
f 1366/1366/1366 1365/1365/1365 1430/1430/1430
f 1430/1430/1430 1431/1431/1431 1366/1366/1366
f 1367/1367/1367 1366/1366/1366 1431/1431/1431
f 1431/1431/1431 1432/1432/1432 1367/1367/1367
f 1368/1368/1368 1367/1367/1367 1432/1432/1432
f 1432/1432/1432 1433/1433/1433 1368/1368/1368
f 1369/1369/1369 1368/1368/1368 1433/1433/1433
f 1433/1433/1433 1434/1434/1434 1369/1369/1369
f 1370/1370/1370 1369/1369/1369 1434/1434/1434
f 1434/1434/1434 1435/1435/1435 1370/1370/1370
f 1371/1371/1371 1370/1370/1370 1435/1435/1435
f 1435/1435/1435 1436/1436/1436 1371/1371/1371
f 1372/1372/1372 1371/1371/1371 1436/1436/1436
f 1436/1436/1436 1437/1437/1437 1372/1372/1372
f 1373/1373/1373 1372/1372/1372 1437/1437/1437
f 1437/1437/1437 1438/1438/1438 1373/1373/1373
f 1374/1374/1374 1373/1373/1373 1438/1438/1438
f 1438/1438/1438 1439/1439/1439 1374/1374/1374
f 1375/1375/1375 1374/1374/1374 1439/1439/1439
f 1439/1439/1439 1440/1440/1440 1375/1375/1375
f 1376/1376/1376 1375/1375/1375 1440/1440/1440
f 1440/1440/1440 1441/1441/1441 1376/1376/1376
f 1377/1377/1377 1376/1376/1376 1441/1441/1441
f 1441/1441/1441 1442/1442/1442 1377/1377/1377
f 1378/1378/1378 1377/1377/1377 1442/1442/1442
f 1442/1442/1442 1443/1443/1443 1378/1378/1378
f 1379/1379/1379 1378/1378/1378 1443/1443/1443
f 1443/1443/1443 1444/1444/1444 1379/1379/1379
f 1380/1380/1380 1379/1379/1379 1444/1444/1444
f 1444/1444/1444 1445/1445/1445 1380/1380/1380
f 1381/1381/1381 1380/1380/1380 1445/1445/1445
f 1445/1445/1445 1446/1446/1446 1381/1381/1381
f 1382/1382/1382 1381/1381/1381 1446/1446/1446
f 1446/1446/1446 1447/1447/1447 1382/1382/1382
f 1383/1383/1383 1382/1382/1382 1447/1447/1447
f 1447/1447/1447 1448/1448/1448 1383/1383/1383
f 1384/1384/1384 1383/1383/1383 1448/1448/1448
f 1448/1448/1448 1449/1449/1449 1384/1384/1384
f 1385/1385/1385 1384/1384/1384 1449/1449/1449
f 1449/1449/1449 1450/1450/1450 1385/1385/1385
f 1386/1386/1386 1385/1385/1385 1450/1450/1450
f 1450/1450/1450 1451/1451/1451 1386/1386/1386
f 1387/1387/1387 1386/1386/1386 1451/1451/1451
f 1451/1451/1451 1452/1452/1452 1387/1387/1387
f 1388/1388/1388 1387/1387/1387 1452/1452/1452
f 1452/1452/1452 1453/1453/1453 1388/1388/1388
f 1389/1389/1389 1388/1388/1388 1453/1453/1453
f 1453/1453/1453 1454/1454/1454 1389/1389/1389
f 1390/1390/1390 1389/1389/1389 1454/1454/1454
f 1454/1454/1454 1455/1455/1455 1390/1390/1390
f 1391/1391/1391 1390/1390/1390 1455/1455/1455
f 1455/1455/1455 1456/1456/1456 1391/1391/1391
f 1392/1392/1392 1391/1391/1391 1456/1456/1456
f 1456/1456/1456 1457/1457/1457 1392/1392/1392
f 1393/1393/1393 1392/1392/1392 1457/1457/1457
f 1457/1457/1457 1458/1458/1458 1393/1393/1393
f 1394/1394/1394 1393/1393/1393 1458/1458/1458
f 1458/1458/1458 1459/1459/1459 1394/1394/1394
f 1395/1395/1395 1394/1394/1394 1459/1459/1459
f 1459/1459/1459 1460/1460/1460 1395/1395/1395
f 1396/1396/1396 1395/1395/1395 1460/1460/1460
f 1460/1460/1460 1461/1461/1461 1396/1396/1396
f 1397/1397/1397 1396/1396/1396 1461/1461/1461
f 1461/1461/1461 1462/1462/1462 1397/1397/1397
f 1398/1398/1398 1397/1397/1397 1462/1462/1462
f 1462/1462/1462 1463/1463/1463 1398/1398/1398
f 1399/1399/1399 1398/1398/1398 1463/1463/1463
f 1463/1463/1463 1464/1464/1464 1399/1399/1399
f 1400/1400/1400 1399/1399/1399 1464/1464/1464
f 1464/1464/1464 1465/1465/1465 1400/1400/1400
f 1401/1401/1401 1400/1400/1400 1465/1465/1465
f 1465/1465/1465 1466/1466/1466 1401/1401/1401
f 1402/1402/1402 1401/1401/1401 1466/1466/1466
f 1466/1466/1466 1467/1467/1467 1402/1402/1402
f 1403/1403/1403 1402/1402/1402 1467/1467/1467
f 1467/1467/1467 1468/1468/1468 1403/1403/1403
f 1404/1404/1404 1403/1403/1403 1468/1468/1468
f 1468/1468/1468 1469/1469/1469 1404/1404/1404
f 1405/1405/1405 1404/1404/1404 1469/1469/1469
f 1469/1469/1469 1470/1470/1470 1405/1405/1405
f 1406/1406/1406 1405/1405/1405 1470/1470/1470
f 1470/1470/1470 1471/1471/1471 1406/1406/1406
f 1407/1407/1407 1406/1406/1406 1471/1471/1471
f 1471/1471/1471 1472/1472/1472 1407/1407/1407
f 1408/1408/1408 1407/1407/1407 1472/1472/1472
f 1472/1472/1472 1473/1473/1473 1408/1408/1408
f 1409/1409/1409 1408/1408/1408 1473/1473/1473
f 1473/1473/1473 1474/1474/1474 1409/1409/1409
f 1410/1410/1410 1409/1409/1409 1474/1474/1474
f 1474/1474/1474 1475/1475/1475 1410/1410/1410
f 1411/1411/1411 1410/1410/1410 1475/1475/1475
f 1475/1475/1475 1476/1476/1476 1411/1411/1411
f 1412/1412/1412 1411/1411/1411 1476/1476/1476
f 1476/1476/1476 1477/1477/1477 1412/1412/1412
f 1413/1413/1413 1412/1412/1412 1477/1477/1477
f 1477/1477/1477 1478/1478/1478 1413/1413/1413
f 1414/1414/1414 1413/1413/1413 1478/1478/1478
f 1478/1478/1478 1479/1479/1479 1414/1414/1414
f 1415/1415/1415 1414/1414/1414 1479/1479/1479
f 1479/1479/1479 1480/1480/1480 1415/1415/1415
f 1416/1416/1416 1415/1415/1415 1480/1480/1480
f 1480/1480/1480 1481/1481/1481 1416/1416/1416
f 1417/1417/1417 1416/1416/1416 1481/1481/1481
f 1481/1481/1481 1482/1482/1482 1417/1417/1417
f 1418/1418/1418 1417/1417/1417 1482/1482/1482
f 1482/1482/1482 1483/1483/1483 1418/1418/1418
f 1419/1419/1419 1418/1418/1418 1483/1483/1483
f 1483/1483/1483 1484/1484/1484 1419/1419/1419
f 1420/1420/1420 1419/1419/1419 1484/1484/1484
f 1484/1484/1484 1485/1485/1485 1420/1420/1420
f 1421/1421/1421 1420/1420/1420 1485/1485/1485
f 1485/1485/1485 1486/1486/1486 1421/1421/1421
f 1422/1422/1422 1421/1421/1421 1486/1486/1486
f 1486/1486/1486 1487/1487/1487 1422/1422/1422
f 1423/1423/1423 1422/1422/1422 1487/1487/1487
f 1487/1487/1487 1488/1488/1488 1423/1423/1423
f 1424/1424/1424 1423/1423/1423 1488/1488/1488
f 1488/1488/1488 1489/1489/1489 1424/1424/1424
f 1425/1425/1425 1424/1424/1424 1489/1489/1489
f 1489/1489/1489 1490/1490/1490 1425/1425/1425
f 1426/1426/1426 1425/1425/1425 1490/1490/1490
f 1490/1490/1490 1491/1491/1491 1426/1426/1426
f 1427/1427/1427 1426/1426/1426 1491/1491/1491
f 1491/1491/1491 1492/1492/1492 1427/1427/1427
f 1428/1428/1428 1427/1427/1427 1492/1492/1492
f 1492/1492/1492 1493/1493/1493 1428/1428/1428
f 1429/1429/1429 1428/1428/1428 1493/1493/1493
f 1493/1493/1493 1494/1494/1494 1429/1429/1429
f 1431/1431/1431 1430/1430/1430 1495/1495/1495
f 1495/1495/1495 1496/1496/1496 1431/1431/1431
f 1432/1432/1432 1431/1431/1431 1496/1496/1496
f 1496/1496/1496 1497/1497/1497 1432/1432/1432
f 1433/1433/1433 1432/1432/1432 1497/1497/1497
f 1497/1497/1497 1498/1498/1498 1433/1433/1433
f 1434/1434/1434 1433/1433/1433 1498/1498/1498
f 1498/1498/1498 1499/1499/1499 1434/1434/1434
f 1435/1435/1435 1434/1434/1434 1499/1499/1499
f 1499/1499/1499 1500/1500/1500 1435/1435/1435
f 1436/1436/1436 1435/1435/1435 1500/1500/1500
f 1500/1500/1500 1501/1501/1501 1436/1436/1436
f 1437/1437/1437 1436/1436/1436 1501/1501/1501
f 1501/1501/1501 1502/1502/1502 1437/1437/1437
f 1438/1438/1438 1437/1437/1437 1502/1502/1502
f 1502/1502/1502 1503/1503/1503 1438/1438/1438
f 1439/1439/1439 1438/1438/1438 1503/1503/1503
f 1503/1503/1503 1504/1504/1504 1439/1439/1439
f 1440/1440/1440 1439/1439/1439 1504/1504/1504
f 1504/1504/1504 1505/1505/1505 1440/1440/1440
f 1441/1441/1441 1440/1440/1440 1505/1505/1505
f 1505/1505/1505 1506/1506/1506 1441/1441/1441
f 1442/1442/1442 1441/1441/1441 1506/1506/1506
f 1506/1506/1506 1507/1507/1507 1442/1442/1442
f 1443/1443/1443 1442/1442/1442 1507/1507/1507
f 1507/1507/1507 1508/1508/1508 1443/1443/1443
f 1444/1444/1444 1443/1443/1443 1508/1508/1508
f 1508/1508/1508 1509/1509/1509 1444/1444/1444
f 1445/1445/1445 1444/1444/1444 1509/1509/1509
f 1509/1509/1509 1510/1510/1510 1445/1445/1445
f 1446/1446/1446 1445/1445/1445 1510/1510/1510
f 1510/1510/1510 1511/1511/1511 1446/1446/1446
f 1447/1447/1447 1446/1446/1446 1511/1511/1511
f 1511/1511/1511 1512/1512/1512 1447/1447/1447
f 1448/1448/1448 1447/1447/1447 1512/1512/1512
f 1512/1512/1512 1513/1513/1513 1448/1448/1448
f 1449/1449/1449 1448/1448/1448 1513/1513/1513
f 1513/1513/1513 1514/1514/1514 1449/1449/1449
f 1450/1450/1450 1449/1449/1449 1514/1514/1514
f 1514/1514/1514 1515/1515/1515 1450/1450/1450
f 1451/1451/1451 1450/1450/1450 1515/1515/1515
f 1515/1515/1515 1516/1516/1516 1451/1451/1451
f 1452/1452/1452 1451/1451/1451 1516/1516/1516
f 1516/1516/1516 1517/1517/1517 1452/1452/1452
f 1453/1453/1453 1452/1452/1452 1517/1517/1517
f 1517/1517/1517 1518/1518/1518 1453/1453/1453
f 1454/1454/1454 1453/1453/1453 1518/1518/1518
f 1518/1518/1518 1519/1519/1519 1454/1454/1454
f 1455/1455/1455 1454/1454/1454 1519/1519/1519
f 1519/1519/1519 1520/1520/1520 1455/1455/1455
f 1456/1456/1456 1455/1455/1455 1520/1520/1520
f 1520/1520/1520 1521/1521/1521 1456/1456/1456
f 1457/1457/1457 1456/1456/1456 1521/1521/1521
f 1521/1521/1521 1522/1522/1522 1457/1457/1457
f 1458/1458/1458 1457/1457/1457 1522/1522/1522
f 1522/1522/1522 1523/1523/1523 1458/1458/1458
f 1459/1459/1459 1458/1458/1458 1523/1523/1523
f 1523/1523/1523 1524/1524/1524 1459/1459/1459
f 1460/1460/1460 1459/1459/1459 1524/1524/1524
f 1524/1524/1524 1525/1525/1525 1460/1460/1460
f 1461/1461/1461 1460/1460/1460 1525/1525/1525
f 1525/1525/1525 1526/1526/1526 1461/1461/1461
f 1462/1462/1462 1461/1461/1461 1526/1526/1526
f 1526/1526/1526 1527/1527/1527 1462/1462/1462
f 1463/1463/1463 1462/1462/1462 1527/1527/1527
f 1527/1527/1527 1528/1528/1528 1463/1463/1463
f 1464/1464/1464 1463/1463/1463 1528/1528/1528
f 1528/1528/1528 1529/1529/1529 1464/1464/1464
f 1465/1465/1465 1464/1464/1464 1529/1529/1529
f 1529/1529/1529 1530/1530/1530 1465/1465/1465
f 1466/1466/1466 1465/1465/1465 1530/1530/1530
f 1530/1530/1530 1531/1531/1531 1466/1466/1466
f 1467/1467/1467 1466/1466/1466 1531/1531/1531
f 1531/1531/1531 1532/1532/1532 1467/1467/1467
f 1468/1468/1468 1467/1467/1467 1532/1532/1532
f 1532/1532/1532 1533/1533/1533 1468/1468/1468
f 1469/1469/1469 1468/1468/1468 1533/1533/1533
f 1533/1533/1533 1534/1534/1534 1469/1469/1469
f 1470/1470/1470 1469/1469/1469 1534/1534/1534
f 1534/1534/1534 1535/1535/1535 1470/1470/1470
f 1471/1471/1471 1470/1470/1470 1535/1535/1535
f 1535/1535/1535 1536/1536/1536 1471/1471/1471
f 1472/1472/1472 1471/1471/1471 1536/1536/1536
f 1536/1536/1536 1537/1537/1537 1472/1472/1472
f 1473/1473/1473 1472/1472/1472 1537/1537/1537
f 1537/1537/1537 1538/1538/1538 1473/1473/1473
f 1474/1474/1474 1473/1473/1473 1538/1538/1538
f 1538/1538/1538 1539/1539/1539 1474/1474/1474
f 1475/1475/1475 1474/1474/1474 1539/1539/1539
f 1539/1539/1539 1540/1540/1540 1475/1475/1475
f 1476/1476/1476 1475/1475/1475 1540/1540/1540
f 1540/1540/1540 1541/1541/1541 1476/1476/1476
f 1477/1477/1477 1476/1476/1476 1541/1541/1541
f 1541/1541/1541 1542/1542/1542 1477/1477/1477
f 1478/1478/1478 1477/1477/1477 1542/1542/1542
f 1542/1542/1542 1543/1543/1543 1478/1478/1478
f 1479/1479/1479 1478/1478/1478 1543/1543/1543
f 1543/1543/1543 1544/1544/1544 1479/1479/1479
f 1480/1480/1480 1479/1479/1479 1544/1544/1544
f 1544/1544/1544 1545/1545/1545 1480/1480/1480
f 1481/1481/1481 1480/1480/1480 1545/1545/1545
f 1545/1545/1545 1546/1546/1546 1481/1481/1481
f 1482/1482/1482 1481/1481/1481 1546/1546/1546
f 1546/1546/1546 1547/1547/1547 1482/1482/1482
f 1483/1483/1483 1482/1482/1482 1547/1547/1547
f 1547/1547/1547 1548/1548/1548 1483/1483/1483
f 1484/1484/1484 1483/1483/1483 1548/1548/1548
f 1548/1548/1548 1549/1549/1549 1484/1484/1484
f 1485/1485/1485 1484/1484/1484 1549/1549/1549
f 1549/1549/1549 1550/1550/1550 1485/1485/1485
f 1486/1486/1486 1485/1485/1485 1550/1550/1550
f 1550/1550/1550 1551/1551/1551 1486/1486/1486
f 1487/1487/1487 1486/1486/1486 1551/1551/1551
f 1551/1551/1551 1552/1552/1552 1487/1487/1487
f 1488/1488/1488 1487/1487/1487 1552/1552/1552
f 1552/1552/1552 1553/1553/1553 1488/1488/1488
f 1489/1489/1489 1488/1488/1488 1553/1553/1553
f 1553/1553/1553 1554/1554/1554 1489/1489/1489
f 1490/1490/1490 1489/1489/1489 1554/1554/1554
f 1554/1554/1554 1555/1555/1555 1490/1490/1490
f 1491/1491/1491 1490/1490/1490 1555/1555/1555
f 1555/1555/1555 1556/1556/1556 1491/1491/1491
f 1492/1492/1492 1491/1491/1491 1556/1556/1556
f 1556/1556/1556 1557/1557/1557 1492/1492/1492
f 1493/1493/1493 1492/1492/1492 1557/1557/1557
f 1557/1557/1557 1558/1558/1558 1493/1493/1493
f 1494/1494/1494 1493/1493/1493 1558/1558/1558
f 1558/1558/1558 1559/1559/1559 1494/1494/1494
f 1496/1496/1496 1495/1495/1495 1560/1560/1560
f 1560/1560/1560 1561/1561/1561 1496/1496/1496
f 1497/1497/1497 1496/1496/1496 1561/1561/1561
f 1561/1561/1561 1562/1562/1562 1497/1497/1497
f 1498/1498/1498 1497/1497/1497 1562/1562/1562
f 1562/1562/1562 1563/1563/1563 1498/1498/1498
f 1499/1499/1499 1498/1498/1498 1563/1563/1563
f 1563/1563/1563 1564/1564/1564 1499/1499/1499
f 1500/1500/1500 1499/1499/1499 1564/1564/1564
f 1564/1564/1564 1565/1565/1565 1500/1500/1500
f 1501/1501/1501 1500/1500/1500 1565/1565/1565
f 1565/1565/1565 1566/1566/1566 1501/1501/1501
f 1502/1502/1502 1501/1501/1501 1566/1566/1566
f 1566/1566/1566 1567/1567/1567 1502/1502/1502
f 1503/1503/1503 1502/1502/1502 1567/1567/1567
f 1567/1567/1567 1568/1568/1568 1503/1503/1503
f 1504/1504/1504 1503/1503/1503 1568/1568/1568
f 1568/1568/1568 1569/1569/1569 1504/1504/1504
f 1505/1505/1505 1504/1504/1504 1569/1569/1569
f 1569/1569/1569 1570/1570/1570 1505/1505/1505
f 1506/1506/1506 1505/1505/1505 1570/1570/1570
f 1570/1570/1570 1571/1571/1571 1506/1506/1506
f 1507/1507/1507 1506/1506/1506 1571/1571/1571
f 1571/1571/1571 1572/1572/1572 1507/1507/1507
f 1508/1508/1508 1507/1507/1507 1572/1572/1572
f 1572/1572/1572 1573/1573/1573 1508/1508/1508
f 1509/1509/1509 1508/1508/1508 1573/1573/1573
f 1573/1573/1573 1574/1574/1574 1509/1509/1509
f 1510/1510/1510 1509/1509/1509 1574/1574/1574
f 1574/1574/1574 1575/1575/1575 1510/1510/1510
f 1511/1511/1511 1510/1510/1510 1575/1575/1575
f 1575/1575/1575 1576/1576/1576 1511/1511/1511
f 1512/1512/1512 1511/1511/1511 1576/1576/1576
f 1576/1576/1576 1577/1577/1577 1512/1512/1512
f 1513/1513/1513 1512/1512/1512 1577/1577/1577
f 1577/1577/1577 1578/1578/1578 1513/1513/1513
f 1514/1514/1514 1513/1513/1513 1578/1578/1578
f 1578/1578/1578 1579/1579/1579 1514/1514/1514
f 1515/1515/1515 1514/1514/1514 1579/1579/1579
f 1579/1579/1579 1580/1580/1580 1515/1515/1515
f 1516/1516/1516 1515/1515/1515 1580/1580/1580
f 1580/1580/1580 1581/1581/1581 1516/1516/1516
f 1517/1517/1517 1516/1516/1516 1581/1581/1581
f 1581/1581/1581 1582/1582/1582 1517/1517/1517
f 1518/1518/1518 1517/1517/1517 1582/1582/1582
f 1582/1582/1582 1583/1583/1583 1518/1518/1518
f 1519/1519/1519 1518/1518/1518 1583/1583/1583
f 1583/1583/1583 1584/1584/1584 1519/1519/1519
f 1520/1520/1520 1519/1519/1519 1584/1584/1584
f 1584/1584/1584 1585/1585/1585 1520/1520/1520
f 1521/1521/1521 1520/1520/1520 1585/1585/1585
f 1585/1585/1585 1586/1586/1586 1521/1521/1521
f 1522/1522/1522 1521/1521/1521 1586/1586/1586
f 1586/1586/1586 1587/1587/1587 1522/1522/1522
f 1523/1523/1523 1522/1522/1522 1587/1587/1587
f 1587/1587/1587 1588/1588/1588 1523/1523/1523
f 1524/1524/1524 1523/1523/1523 1588/1588/1588
f 1588/1588/1588 1589/1589/1589 1524/1524/1524
f 1525/1525/1525 1524/1524/1524 1589/1589/1589
f 1589/1589/1589 1590/1590/1590 1525/1525/1525
f 1526/1526/1526 1525/1525/1525 1590/1590/1590
f 1590/1590/1590 1591/1591/1591 1526/1526/1526
f 1527/1527/1527 1526/1526/1526 1591/1591/1591
f 1591/1591/1591 1592/1592/1592 1527/1527/1527
f 1528/1528/1528 1527/1527/1527 1592/1592/1592
f 1592/1592/1592 1593/1593/1593 1528/1528/1528
f 1529/1529/1529 1528/1528/1528 1593/1593/1593
f 1593/1593/1593 1594/1594/1594 1529/1529/1529
f 1530/1530/1530 1529/1529/1529 1594/1594/1594
f 1594/1594/1594 1595/1595/1595 1530/1530/1530
f 1531/1531/1531 1530/1530/1530 1595/1595/1595
f 1595/1595/1595 1596/1596/1596 1531/1531/1531
f 1532/1532/1532 1531/1531/1531 1596/1596/1596
f 1596/1596/1596 1597/1597/1597 1532/1532/1532
f 1533/1533/1533 1532/1532/1532 1597/1597/1597
f 1597/1597/1597 1598/1598/1598 1533/1533/1533
f 1534/1534/1534 1533/1533/1533 1598/1598/1598
f 1598/1598/1598 1599/1599/1599 1534/1534/1534
f 1535/1535/1535 1534/1534/1534 1599/1599/1599
f 1599/1599/1599 1600/1600/1600 1535/1535/1535
f 1536/1536/1536 1535/1535/1535 1600/1600/1600
f 1600/1600/1600 1601/1601/1601 1536/1536/1536
f 1537/1537/1537 1536/1536/1536 1601/1601/1601
f 1601/1601/1601 1602/1602/1602 1537/1537/1537
f 1538/1538/1538 1537/1537/1537 1602/1602/1602
f 1602/1602/1602 1603/1603/1603 1538/1538/1538
f 1539/1539/1539 1538/1538/1538 1603/1603/1603
f 1603/1603/1603 1604/1604/1604 1539/1539/1539
f 1540/1540/1540 1539/1539/1539 1604/1604/1604
f 1604/1604/1604 1605/1605/1605 1540/1540/1540
f 1541/1541/1541 1540/1540/1540 1605/1605/1605
f 1605/1605/1605 1606/1606/1606 1541/1541/1541
f 1542/1542/1542 1541/1541/1541 1606/1606/1606
f 1606/1606/1606 1607/1607/1607 1542/1542/1542
f 1543/1543/1543 1542/1542/1542 1607/1607/1607
f 1607/1607/1607 1608/1608/1608 1543/1543/1543
f 1544/1544/1544 1543/1543/1543 1608/1608/1608
f 1608/1608/1608 1609/1609/1609 1544/1544/1544
f 1545/1545/1545 1544/1544/1544 1609/1609/1609
f 1609/1609/1609 1610/1610/1610 1545/1545/1545
f 1546/1546/1546 1545/1545/1545 1610/1610/1610
f 1610/1610/1610 1611/1611/1611 1546/1546/1546
f 1547/1547/1547 1546/1546/1546 1611/1611/1611
f 1611/1611/1611 1612/1612/1612 1547/1547/1547
f 1548/1548/1548 1547/1547/1547 1612/1612/1612
f 1612/1612/1612 1613/1613/1613 1548/1548/1548
f 1549/1549/1549 1548/1548/1548 1613/1613/1613
f 1613/1613/1613 1614/1614/1614 1549/1549/1549
f 1550/1550/1550 1549/1549/1549 1614/1614/1614
f 1614/1614/1614 1615/1615/1615 1550/1550/1550
f 1551/1551/1551 1550/1550/1550 1615/1615/1615
f 1615/1615/1615 1616/1616/1616 1551/1551/1551
f 1552/1552/1552 1551/1551/1551 1616/1616/1616
f 1616/1616/1616 1617/1617/1617 1552/1552/1552
f 1553/1553/1553 1552/1552/1552 1617/1617/1617
f 1617/1617/1617 1618/1618/1618 1553/1553/1553
f 1554/1554/1554 1553/1553/1553 1618/1618/1618
f 1618/1618/1618 1619/1619/1619 1554/1554/1554
f 1555/1555/1555 1554/1554/1554 1619/1619/1619
f 1619/1619/1619 1620/1620/1620 1555/1555/1555
f 1556/1556/1556 1555/1555/1555 1620/1620/1620
f 1620/1620/1620 1621/1621/1621 1556/1556/1556
f 1557/1557/1557 1556/1556/1556 1621/1621/1621
f 1621/1621/1621 1622/1622/1622 1557/1557/1557
f 1558/1558/1558 1557/1557/1557 1622/1622/1622
f 1622/1622/1622 1623/1623/1623 1558/1558/1558
f 1559/1559/1559 1558/1558/1558 1623/1623/1623
f 1623/1623/1623 1624/1624/1624 1559/1559/1559
f 1561/1561/1561 1560/1560/1560 1625/1625/1625
f 1625/1625/1625 1626/1626/1626 1561/1561/1561
f 1562/1562/1562 1561/1561/1561 1626/1626/1626
f 1626/1626/1626 1627/1627/1627 1562/1562/1562
f 1563/1563/1563 1562/1562/1562 1627/1627/1627
f 1627/1627/1627 1628/1628/1628 1563/1563/1563
f 1564/1564/1564 1563/1563/1563 1628/1628/1628
f 1628/1628/1628 1629/1629/1629 1564/1564/1564
f 1565/1565/1565 1564/1564/1564 1629/1629/1629
f 1629/1629/1629 1630/1630/1630 1565/1565/1565
f 1566/1566/1566 1565/1565/1565 1630/1630/1630
f 1630/1630/1630 1631/1631/1631 1566/1566/1566
f 1567/1567/1567 1566/1566/1566 1631/1631/1631
f 1631/1631/1631 1632/1632/1632 1567/1567/1567
f 1568/1568/1568 1567/1567/1567 1632/1632/1632
f 1632/1632/1632 1633/1633/1633 1568/1568/1568
f 1569/1569/1569 1568/1568/1568 1633/1633/1633
f 1633/1633/1633 1634/1634/1634 1569/1569/1569
f 1570/1570/1570 1569/1569/1569 1634/1634/1634
f 1634/1634/1634 1635/1635/1635 1570/1570/1570
f 1571/1571/1571 1570/1570/1570 1635/1635/1635
f 1635/1635/1635 1636/1636/1636 1571/1571/1571
f 1572/1572/1572 1571/1571/1571 1636/1636/1636
f 1636/1636/1636 1637/1637/1637 1572/1572/1572
f 1573/1573/1573 1572/1572/1572 1637/1637/1637
f 1637/1637/1637 1638/1638/1638 1573/1573/1573
f 1574/1574/1574 1573/1573/1573 1638/1638/1638
f 1638/1638/1638 1639/1639/1639 1574/1574/1574
f 1575/1575/1575 1574/1574/1574 1639/1639/1639
f 1639/1639/1639 1640/1640/1640 1575/1575/1575
f 1576/1576/1576 1575/1575/1575 1640/1640/1640
f 1640/1640/1640 1641/1641/1641 1576/1576/1576
f 1577/1577/1577 1576/1576/1576 1641/1641/1641
f 1641/1641/1641 1642/1642/1642 1577/1577/1577
f 1578/1578/1578 1577/1577/1577 1642/1642/1642
f 1642/1642/1642 1643/1643/1643 1578/1578/1578
f 1579/1579/1579 1578/1578/1578 1643/1643/1643
f 1643/1643/1643 1644/1644/1644 1579/1579/1579
f 1580/1580/1580 1579/1579/1579 1644/1644/1644
f 1644/1644/1644 1645/1645/1645 1580/1580/1580
f 1581/1581/1581 1580/1580/1580 1645/1645/1645
f 1645/1645/1645 1646/1646/1646 1581/1581/1581
f 1582/1582/1582 1581/1581/1581 1646/1646/1646
f 1646/1646/1646 1647/1647/1647 1582/1582/1582
f 1583/1583/1583 1582/1582/1582 1647/1647/1647
f 1647/1647/1647 1648/1648/1648 1583/1583/1583
f 1584/1584/1584 1583/1583/1583 1648/1648/1648
f 1648/1648/1648 1649/1649/1649 1584/1584/1584
f 1585/1585/1585 1584/1584/1584 1649/1649/1649
f 1649/1649/1649 1650/1650/1650 1585/1585/1585
f 1586/1586/1586 1585/1585/1585 1650/1650/1650
f 1650/1650/1650 1651/1651/1651 1586/1586/1586
f 1587/1587/1587 1586/1586/1586 1651/1651/1651
f 1651/1651/1651 1652/1652/1652 1587/1587/1587
f 1588/1588/1588 1587/1587/1587 1652/1652/1652
f 1652/1652/1652 1653/1653/1653 1588/1588/1588
f 1589/1589/1589 1588/1588/1588 1653/1653/1653
f 1653/1653/1653 1654/1654/1654 1589/1589/1589
f 1590/1590/1590 1589/1589/1589 1654/1654/1654
f 1654/1654/1654 1655/1655/1655 1590/1590/1590
f 1591/1591/1591 1590/1590/1590 1655/1655/1655
f 1655/1655/1655 1656/1656/1656 1591/1591/1591
f 1592/1592/1592 1591/1591/1591 1656/1656/1656
f 1656/1656/1656 1657/1657/1657 1592/1592/1592
f 1593/1593/1593 1592/1592/1592 1657/1657/1657
f 1657/1657/1657 1658/1658/1658 1593/1593/1593
f 1594/1594/1594 1593/1593/1593 1658/1658/1658
f 1658/1658/1658 1659/1659/1659 1594/1594/1594
f 1595/1595/1595 1594/1594/1594 1659/1659/1659
f 1659/1659/1659 1660/1660/1660 1595/1595/1595
f 1596/1596/1596 1595/1595/1595 1660/1660/1660
f 1660/1660/1660 1661/1661/1661 1596/1596/1596
f 1597/1597/1597 1596/1596/1596 1661/1661/1661
f 1661/1661/1661 1662/1662/1662 1597/1597/1597
f 1598/1598/1598 1597/1597/1597 1662/1662/1662
f 1662/1662/1662 1663/1663/1663 1598/1598/1598
f 1599/1599/1599 1598/1598/1598 1663/1663/1663
f 1663/1663/1663 1664/1664/1664 1599/1599/1599
f 1600/1600/1600 1599/1599/1599 1664/1664/1664
f 1664/1664/1664 1665/1665/1665 1600/1600/1600
f 1601/1601/1601 1600/1600/1600 1665/1665/1665
f 1665/1665/1665 1666/1666/1666 1601/1601/1601
f 1602/1602/1602 1601/1601/1601 1666/1666/1666
f 1666/1666/1666 1667/1667/1667 1602/1602/1602
f 1603/1603/1603 1602/1602/1602 1667/1667/1667
f 1667/1667/1667 1668/1668/1668 1603/1603/1603
f 1604/1604/1604 1603/1603/1603 1668/1668/1668
f 1668/1668/1668 1669/1669/1669 1604/1604/1604
f 1605/1605/1605 1604/1604/1604 1669/1669/1669
f 1669/1669/1669 1670/1670/1670 1605/1605/1605
f 1606/1606/1606 1605/1605/1605 1670/1670/1670
f 1670/1670/1670 1671/1671/1671 1606/1606/1606
f 1607/1607/1607 1606/1606/1606 1671/1671/1671
f 1671/1671/1671 1672/1672/1672 1607/1607/1607
f 1608/1608/1608 1607/1607/1607 1672/1672/1672
f 1672/1672/1672 1673/1673/1673 1608/1608/1608
f 1609/1609/1609 1608/1608/1608 1673/1673/1673
f 1673/1673/1673 1674/1674/1674 1609/1609/1609
f 1610/1610/1610 1609/1609/1609 1674/1674/1674
f 1674/1674/1674 1675/1675/1675 1610/1610/1610
f 1611/1611/1611 1610/1610/1610 1675/1675/1675
f 1675/1675/1675 1676/1676/1676 1611/1611/1611
f 1612/1612/1612 1611/1611/1611 1676/1676/1676
f 1676/1676/1676 1677/1677/1677 1612/1612/1612
f 1613/1613/1613 1612/1612/1612 1677/1677/1677
f 1677/1677/1677 1678/1678/1678 1613/1613/1613
f 1614/1614/1614 1613/1613/1613 1678/1678/1678
f 1678/1678/1678 1679/1679/1679 1614/1614/1614
f 1615/1615/1615 1614/1614/1614 1679/1679/1679
f 1679/1679/1679 1680/1680/1680 1615/1615/1615
f 1616/1616/1616 1615/1615/1615 1680/1680/1680
f 1680/1680/1680 1681/1681/1681 1616/1616/1616
f 1617/1617/1617 1616/1616/1616 1681/1681/1681
f 1681/1681/1681 1682/1682/1682 1617/1617/1617
f 1618/1618/1618 1617/1617/1617 1682/1682/1682
f 1682/1682/1682 1683/1683/1683 1618/1618/1618
f 1619/1619/1619 1618/1618/1618 1683/1683/1683
f 1683/1683/1683 1684/1684/1684 1619/1619/1619
f 1620/1620/1620 1619/1619/1619 1684/1684/1684
f 1684/1684/1684 1685/1685/1685 1620/1620/1620
f 1621/1621/1621 1620/1620/1620 1685/1685/1685
f 1685/1685/1685 1686/1686/1686 1621/1621/1621
f 1622/1622/1622 1621/1621/1621 1686/1686/1686
f 1686/1686/1686 1687/1687/1687 1622/1622/1622
f 1623/1623/1623 1622/1622/1622 1687/1687/1687
f 1687/1687/1687 1688/1688/1688 1623/1623/1623
f 1624/1624/1624 1623/1623/1623 1688/1688/1688
f 1688/1688/1688 1689/1689/1689 1624/1624/1624
f 1626/1626/1626 1625/1625/1625 1690/1690/1690
f 1690/1690/1690 1691/1691/1691 1626/1626/1626
f 1627/1627/1627 1626/1626/1626 1691/1691/1691
f 1691/1691/1691 1692/1692/1692 1627/1627/1627
f 1628/1628/1628 1627/1627/1627 1692/1692/1692
f 1692/1692/1692 1693/1693/1693 1628/1628/1628
f 1629/1629/1629 1628/1628/1628 1693/1693/1693
f 1693/1693/1693 1694/1694/1694 1629/1629/1629
f 1630/1630/1630 1629/1629/1629 1694/1694/1694
f 1694/1694/1694 1695/1695/1695 1630/1630/1630
f 1631/1631/1631 1630/1630/1630 1695/1695/1695
f 1695/1695/1695 1696/1696/1696 1631/1631/1631
f 1632/1632/1632 1631/1631/1631 1696/1696/1696
f 1696/1696/1696 1697/1697/1697 1632/1632/1632
f 1633/1633/1633 1632/1632/1632 1697/1697/1697
f 1697/1697/1697 1698/1698/1698 1633/1633/1633
f 1634/1634/1634 1633/1633/1633 1698/1698/1698
f 1698/1698/1698 1699/1699/1699 1634/1634/1634
f 1635/1635/1635 1634/1634/1634 1699/1699/1699
f 1699/1699/1699 1700/1700/1700 1635/1635/1635
f 1636/1636/1636 1635/1635/1635 1700/1700/1700
f 1700/1700/1700 1701/1701/1701 1636/1636/1636
f 1637/1637/1637 1636/1636/1636 1701/1701/1701
f 1701/1701/1701 1702/1702/1702 1637/1637/1637
f 1638/1638/1638 1637/1637/1637 1702/1702/1702
f 1702/1702/1702 1703/1703/1703 1638/1638/1638
f 1639/1639/1639 1638/1638/1638 1703/1703/1703
f 1703/1703/1703 1704/1704/1704 1639/1639/1639
f 1640/1640/1640 1639/1639/1639 1704/1704/1704
f 1704/1704/1704 1705/1705/1705 1640/1640/1640
f 1641/1641/1641 1640/1640/1640 1705/1705/1705
f 1705/1705/1705 1706/1706/1706 1641/1641/1641
f 1642/1642/1642 1641/1641/1641 1706/1706/1706
f 1706/1706/1706 1707/1707/1707 1642/1642/1642
f 1643/1643/1643 1642/1642/1642 1707/1707/1707
f 1707/1707/1707 1708/1708/1708 1643/1643/1643
f 1644/1644/1644 1643/1643/1643 1708/1708/1708
f 1708/1708/1708 1709/1709/1709 1644/1644/1644
f 1645/1645/1645 1644/1644/1644 1709/1709/1709
f 1709/1709/1709 1710/1710/1710 1645/1645/1645
f 1646/1646/1646 1645/1645/1645 1710/1710/1710
f 1710/1710/1710 1711/1711/1711 1646/1646/1646
f 1647/1647/1647 1646/1646/1646 1711/1711/1711
f 1711/1711/1711 1712/1712/1712 1647/1647/1647
f 1648/1648/1648 1647/1647/1647 1712/1712/1712
f 1712/1712/1712 1713/1713/1713 1648/1648/1648
f 1649/1649/1649 1648/1648/1648 1713/1713/1713
f 1713/1713/1713 1714/1714/1714 1649/1649/1649
f 1650/1650/1650 1649/1649/1649 1714/1714/1714
f 1714/1714/1714 1715/1715/1715 1650/1650/1650
f 1651/1651/1651 1650/1650/1650 1715/1715/1715
f 1715/1715/1715 1716/1716/1716 1651/1651/1651
f 1652/1652/1652 1651/1651/1651 1716/1716/1716
f 1716/1716/1716 1717/1717/1717 1652/1652/1652
f 1653/1653/1653 1652/1652/1652 1717/1717/1717
f 1717/1717/1717 1718/1718/1718 1653/1653/1653
f 1654/1654/1654 1653/1653/1653 1718/1718/1718
f 1718/1718/1718 1719/1719/1719 1654/1654/1654
f 1655/1655/1655 1654/1654/1654 1719/1719/1719
f 1719/1719/1719 1720/1720/1720 1655/1655/1655
f 1656/1656/1656 1655/1655/1655 1720/1720/1720
f 1720/1720/1720 1721/1721/1721 1656/1656/1656
f 1657/1657/1657 1656/1656/1656 1721/1721/1721
f 1721/1721/1721 1722/1722/1722 1657/1657/1657
f 1658/1658/1658 1657/1657/1657 1722/1722/1722
f 1722/1722/1722 1723/1723/1723 1658/1658/1658
f 1659/1659/1659 1658/1658/1658 1723/1723/1723
f 1723/1723/1723 1724/1724/1724 1659/1659/1659
f 1660/1660/1660 1659/1659/1659 1724/1724/1724
f 1724/1724/1724 1725/1725/1725 1660/1660/1660
f 1661/1661/1661 1660/1660/1660 1725/1725/1725
f 1725/1725/1725 1726/1726/1726 1661/1661/1661
f 1662/1662/1662 1661/1661/1661 1726/1726/1726
f 1726/1726/1726 1727/1727/1727 1662/1662/1662
f 1663/1663/1663 1662/1662/1662 1727/1727/1727
f 1727/1727/1727 1728/1728/1728 1663/1663/1663
f 1664/1664/1664 1663/1663/1663 1728/1728/1728
f 1728/1728/1728 1729/1729/1729 1664/1664/1664
f 1665/1665/1665 1664/1664/1664 1729/1729/1729
f 1729/1729/1729 1730/1730/1730 1665/1665/1665
f 1666/1666/1666 1665/1665/1665 1730/1730/1730
f 1730/1730/1730 1731/1731/1731 1666/1666/1666
f 1667/1667/1667 1666/1666/1666 1731/1731/1731
f 1731/1731/1731 1732/1732/1732 1667/1667/1667
f 1668/1668/1668 1667/1667/1667 1732/1732/1732
f 1732/1732/1732 1733/1733/1733 1668/1668/1668
f 1669/1669/1669 1668/1668/1668 1733/1733/1733
f 1733/1733/1733 1734/1734/1734 1669/1669/1669
f 1670/1670/1670 1669/1669/1669 1734/1734/1734
f 1734/1734/1734 1735/1735/1735 1670/1670/1670
f 1671/1671/1671 1670/1670/1670 1735/1735/1735
f 1735/1735/1735 1736/1736/1736 1671/1671/1671
f 1672/1672/1672 1671/1671/1671 1736/1736/1736
f 1736/1736/1736 1737/1737/1737 1672/1672/1672
f 1673/1673/1673 1672/1672/1672 1737/1737/1737
f 1737/1737/1737 1738/1738/1738 1673/1673/1673
f 1674/1674/1674 1673/1673/1673 1738/1738/1738
f 1738/1738/1738 1739/1739/1739 1674/1674/1674
f 1675/1675/1675 1674/1674/1674 1739/1739/1739
f 1739/1739/1739 1740/1740/1740 1675/1675/1675
f 1676/1676/1676 1675/1675/1675 1740/1740/1740
f 1740/1740/1740 1741/1741/1741 1676/1676/1676
f 1677/1677/1677 1676/1676/1676 1741/1741/1741
f 1741/1741/1741 1742/1742/1742 1677/1677/1677
f 1678/1678/1678 1677/1677/1677 1742/1742/1742
f 1742/1742/1742 1743/1743/1743 1678/1678/1678
f 1679/1679/1679 1678/1678/1678 1743/1743/1743
f 1743/1743/1743 1744/1744/1744 1679/1679/1679
f 1680/1680/1680 1679/1679/1679 1744/1744/1744
f 1744/1744/1744 1745/1745/1745 1680/1680/1680
f 1681/1681/1681 1680/1680/1680 1745/1745/1745
f 1745/1745/1745 1746/1746/1746 1681/1681/1681
f 1682/1682/1682 1681/1681/1681 1746/1746/1746
f 1746/1746/1746 1747/1747/1747 1682/1682/1682
f 1683/1683/1683 1682/1682/1682 1747/1747/1747
f 1747/1747/1747 1748/1748/1748 1683/1683/1683
f 1684/1684/1684 1683/1683/1683 1748/1748/1748
f 1748/1748/1748 1749/1749/1749 1684/1684/1684
f 1685/1685/1685 1684/1684/1684 1749/1749/1749
f 1749/1749/1749 1750/1750/1750 1685/1685/1685
f 1686/1686/1686 1685/1685/1685 1750/1750/1750
f 1750/1750/1750 1751/1751/1751 1686/1686/1686
f 1687/1687/1687 1686/1686/1686 1751/1751/1751
f 1751/1751/1751 1752/1752/1752 1687/1687/1687
f 1688/1688/1688 1687/1687/1687 1752/1752/1752
f 1752/1752/1752 1753/1753/1753 1688/1688/1688
f 1689/1689/1689 1688/1688/1688 1753/1753/1753
f 1753/1753/1753 1754/1754/1754 1689/1689/1689
f 1691/1691/1691 1690/1690/1690 1755/1755/1755
f 1755/1755/1755 1756/1756/1756 1691/1691/1691
f 1692/1692/1692 1691/1691/1691 1756/1756/1756
f 1756/1756/1756 1757/1757/1757 1692/1692/1692
f 1693/1693/1693 1692/1692/1692 1757/1757/1757
f 1757/1757/1757 1758/1758/1758 1693/1693/1693
f 1694/1694/1694 1693/1693/1693 1758/1758/1758
f 1758/1758/1758 1759/1759/1759 1694/1694/1694
f 1695/1695/1695 1694/1694/1694 1759/1759/1759
f 1759/1759/1759 1760/1760/1760 1695/1695/1695
f 1696/1696/1696 1695/1695/1695 1760/1760/1760
f 1760/1760/1760 1761/1761/1761 1696/1696/1696
f 1697/1697/1697 1696/1696/1696 1761/1761/1761
f 1761/1761/1761 1762/1762/1762 1697/1697/1697
f 1698/1698/1698 1697/1697/1697 1762/1762/1762
f 1762/1762/1762 1763/1763/1763 1698/1698/1698
f 1699/1699/1699 1698/1698/1698 1763/1763/1763
f 1763/1763/1763 1764/1764/1764 1699/1699/1699
f 1700/1700/1700 1699/1699/1699 1764/1764/1764
f 1764/1764/1764 1765/1765/1765 1700/1700/1700
f 1701/1701/1701 1700/1700/1700 1765/1765/1765
f 1765/1765/1765 1766/1766/1766 1701/1701/1701
f 1702/1702/1702 1701/1701/1701 1766/1766/1766
f 1766/1766/1766 1767/1767/1767 1702/1702/1702
f 1703/1703/1703 1702/1702/1702 1767/1767/1767
f 1767/1767/1767 1768/1768/1768 1703/1703/1703
f 1704/1704/1704 1703/1703/1703 1768/1768/1768
f 1768/1768/1768 1769/1769/1769 1704/1704/1704
f 1705/1705/1705 1704/1704/1704 1769/1769/1769
f 1769/1769/1769 1770/1770/1770 1705/1705/1705
f 1706/1706/1706 1705/1705/1705 1770/1770/1770
f 1770/1770/1770 1771/1771/1771 1706/1706/1706
f 1707/1707/1707 1706/1706/1706 1771/1771/1771
f 1771/1771/1771 1772/1772/1772 1707/1707/1707
f 1708/1708/1708 1707/1707/1707 1772/1772/1772
f 1772/1772/1772 1773/1773/1773 1708/1708/1708
f 1709/1709/1709 1708/1708/1708 1773/1773/1773
f 1773/1773/1773 1774/1774/1774 1709/1709/1709
f 1710/1710/1710 1709/1709/1709 1774/1774/1774
f 1774/1774/1774 1775/1775/1775 1710/1710/1710
f 1711/1711/1711 1710/1710/1710 1775/1775/1775
f 1775/1775/1775 1776/1776/1776 1711/1711/1711
f 1712/1712/1712 1711/1711/1711 1776/1776/1776
f 1776/1776/1776 1777/1777/1777 1712/1712/1712
f 1713/1713/1713 1712/1712/1712 1777/1777/1777
f 1777/1777/1777 1778/1778/1778 1713/1713/1713
f 1714/1714/1714 1713/1713/1713 1778/1778/1778
f 1778/1778/1778 1779/1779/1779 1714/1714/1714
f 1715/1715/1715 1714/1714/1714 1779/1779/1779
f 1779/1779/1779 1780/1780/1780 1715/1715/1715
f 1716/1716/1716 1715/1715/1715 1780/1780/1780
f 1780/1780/1780 1781/1781/1781 1716/1716/1716
f 1717/1717/1717 1716/1716/1716 1781/1781/1781
f 1781/1781/1781 1782/1782/1782 1717/1717/1717
f 1718/1718/1718 1717/1717/1717 1782/1782/1782
f 1782/1782/1782 1783/1783/1783 1718/1718/1718
f 1719/1719/1719 1718/1718/1718 1783/1783/1783
f 1783/1783/1783 1784/1784/1784 1719/1719/1719
f 1720/1720/1720 1719/1719/1719 1784/1784/1784
f 1784/1784/1784 1785/1785/1785 1720/1720/1720
f 1721/1721/1721 1720/1720/1720 1785/1785/1785
f 1785/1785/1785 1786/1786/1786 1721/1721/1721
f 1722/1722/1722 1721/1721/1721 1786/1786/1786
f 1786/1786/1786 1787/1787/1787 1722/1722/1722
f 1723/1723/1723 1722/1722/1722 1787/1787/1787
f 1787/1787/1787 1788/1788/1788 1723/1723/1723
f 1724/1724/1724 1723/1723/1723 1788/1788/1788
f 1788/1788/1788 1789/1789/1789 1724/1724/1724
f 1725/1725/1725 1724/1724/1724 1789/1789/1789
f 1789/1789/1789 1790/1790/1790 1725/1725/1725
f 1726/1726/1726 1725/1725/1725 1790/1790/1790
f 1790/1790/1790 1791/1791/1791 1726/1726/1726
f 1727/1727/1727 1726/1726/1726 1791/1791/1791
f 1791/1791/1791 1792/1792/1792 1727/1727/1727
f 1728/1728/1728 1727/1727/1727 1792/1792/1792
f 1792/1792/1792 1793/1793/1793 1728/1728/1728
f 1729/1729/1729 1728/1728/1728 1793/1793/1793
f 1793/1793/1793 1794/1794/1794 1729/1729/1729
f 1730/1730/1730 1729/1729/1729 1794/1794/1794
f 1794/1794/1794 1795/1795/1795 1730/1730/1730
f 1731/1731/1731 1730/1730/1730 1795/1795/1795
f 1795/1795/1795 1796/1796/1796 1731/1731/1731
f 1732/1732/1732 1731/1731/1731 1796/1796/1796
f 1796/1796/1796 1797/1797/1797 1732/1732/1732
f 1733/1733/1733 1732/1732/1732 1797/1797/1797
f 1797/1797/1797 1798/1798/1798 1733/1733/1733
f 1734/1734/1734 1733/1733/1733 1798/1798/1798
f 1798/1798/1798 1799/1799/1799 1734/1734/1734
f 1735/1735/1735 1734/1734/1734 1799/1799/1799
f 1799/1799/1799 1800/1800/1800 1735/1735/1735
f 1736/1736/1736 1735/1735/1735 1800/1800/1800
f 1800/1800/1800 1801/1801/1801 1736/1736/1736
f 1737/1737/1737 1736/1736/1736 1801/1801/1801
f 1801/1801/1801 1802/1802/1802 1737/1737/1737
f 1738/1738/1738 1737/1737/1737 1802/1802/1802
f 1802/1802/1802 1803/1803/1803 1738/1738/1738
f 1739/1739/1739 1738/1738/1738 1803/1803/1803
f 1803/1803/1803 1804/1804/1804 1739/1739/1739
f 1740/1740/1740 1739/1739/1739 1804/1804/1804
f 1804/1804/1804 1805/1805/1805 1740/1740/1740
f 1741/1741/1741 1740/1740/1740 1805/1805/1805
f 1805/1805/1805 1806/1806/1806 1741/1741/1741
f 1742/1742/1742 1741/1741/1741 1806/1806/1806
f 1806/1806/1806 1807/1807/1807 1742/1742/1742
f 1743/1743/1743 1742/1742/1742 1807/1807/1807
f 1807/1807/1807 1808/1808/1808 1743/1743/1743
f 1744/1744/1744 1743/1743/1743 1808/1808/1808
f 1808/1808/1808 1809/1809/1809 1744/1744/1744
f 1745/1745/1745 1744/1744/1744 1809/1809/1809
f 1809/1809/1809 1810/1810/1810 1745/1745/1745
f 1746/1746/1746 1745/1745/1745 1810/1810/1810
f 1810/1810/1810 1811/1811/1811 1746/1746/1746
f 1747/1747/1747 1746/1746/1746 1811/1811/1811
f 1811/1811/1811 1812/1812/1812 1747/1747/1747
f 1748/1748/1748 1747/1747/1747 1812/1812/1812
f 1812/1812/1812 1813/1813/1813 1748/1748/1748
f 1749/1749/1749 1748/1748/1748 1813/1813/1813
f 1813/1813/1813 1814/1814/1814 1749/1749/1749
f 1750/1750/1750 1749/1749/1749 1814/1814/1814
f 1814/1814/1814 1815/1815/1815 1750/1750/1750
f 1751/1751/1751 1750/1750/1750 1815/1815/1815
f 1815/1815/1815 1816/1816/1816 1751/1751/1751
f 1752/1752/1752 1751/1751/1751 1816/1816/1816
f 1816/1816/1816 1817/1817/1817 1752/1752/1752
f 1753/1753/1753 1752/1752/1752 1817/1817/1817
f 1817/1817/1817 1818/1818/1818 1753/1753/1753
f 1754/1754/1754 1753/1753/1753 1818/1818/1818
f 1818/1818/1818 1819/1819/1819 1754/1754/1754
f 1756/1756/1756 1755/1755/1755 1820/1820/1820
f 1820/1820/1820 1821/1821/1821 1756/1756/1756
f 1757/1757/1757 1756/1756/1756 1821/1821/1821
f 1821/1821/1821 1822/1822/1822 1757/1757/1757
f 1758/1758/1758 1757/1757/1757 1822/1822/1822
f 1822/1822/1822 1823/1823/1823 1758/1758/1758
f 1759/1759/1759 1758/1758/1758 1823/1823/1823
f 1823/1823/1823 1824/1824/1824 1759/1759/1759
f 1760/1760/1760 1759/1759/1759 1824/1824/1824
f 1824/1824/1824 1825/1825/1825 1760/1760/1760
f 1761/1761/1761 1760/1760/1760 1825/1825/1825
f 1825/1825/1825 1826/1826/1826 1761/1761/1761
f 1762/1762/1762 1761/1761/1761 1826/1826/1826
f 1826/1826/1826 1827/1827/1827 1762/1762/1762
f 1763/1763/1763 1762/1762/1762 1827/1827/1827
f 1827/1827/1827 1828/1828/1828 1763/1763/1763
f 1764/1764/1764 1763/1763/1763 1828/1828/1828
f 1828/1828/1828 1829/1829/1829 1764/1764/1764
f 1765/1765/1765 1764/1764/1764 1829/1829/1829
f 1829/1829/1829 1830/1830/1830 1765/1765/1765
f 1766/1766/1766 1765/1765/1765 1830/1830/1830
f 1830/1830/1830 1831/1831/1831 1766/1766/1766
f 1767/1767/1767 1766/1766/1766 1831/1831/1831
f 1831/1831/1831 1832/1832/1832 1767/1767/1767
f 1768/1768/1768 1767/1767/1767 1832/1832/1832
f 1832/1832/1832 1833/1833/1833 1768/1768/1768
f 1769/1769/1769 1768/1768/1768 1833/1833/1833
f 1833/1833/1833 1834/1834/1834 1769/1769/1769
f 1770/1770/1770 1769/1769/1769 1834/1834/1834
f 1834/1834/1834 1835/1835/1835 1770/1770/1770
f 1771/1771/1771 1770/1770/1770 1835/1835/1835
f 1835/1835/1835 1836/1836/1836 1771/1771/1771
f 1772/1772/1772 1771/1771/1771 1836/1836/1836
f 1836/1836/1836 1837/1837/1837 1772/1772/1772
f 1773/1773/1773 1772/1772/1772 1837/1837/1837
f 1837/1837/1837 1838/1838/1838 1773/1773/1773
f 1774/1774/1774 1773/1773/1773 1838/1838/1838
f 1838/1838/1838 1839/1839/1839 1774/1774/1774
f 1775/1775/1775 1774/1774/1774 1839/1839/1839
f 1839/1839/1839 1840/1840/1840 1775/1775/1775
f 1776/1776/1776 1775/1775/1775 1840/1840/1840
f 1840/1840/1840 1841/1841/1841 1776/1776/1776
f 1777/1777/1777 1776/1776/1776 1841/1841/1841
f 1841/1841/1841 1842/1842/1842 1777/1777/1777
f 1778/1778/1778 1777/1777/1777 1842/1842/1842
f 1842/1842/1842 1843/1843/1843 1778/1778/1778
f 1779/1779/1779 1778/1778/1778 1843/1843/1843
f 1843/1843/1843 1844/1844/1844 1779/1779/1779
f 1780/1780/1780 1779/1779/1779 1844/1844/1844
f 1844/1844/1844 1845/1845/1845 1780/1780/1780
f 1781/1781/1781 1780/1780/1780 1845/1845/1845
f 1845/1845/1845 1846/1846/1846 1781/1781/1781
f 1782/1782/1782 1781/1781/1781 1846/1846/1846
f 1846/1846/1846 1847/1847/1847 1782/1782/1782
f 1783/1783/1783 1782/1782/1782 1847/1847/1847
f 1847/1847/1847 1848/1848/1848 1783/1783/1783
f 1784/1784/1784 1783/1783/1783 1848/1848/1848
f 1848/1848/1848 1849/1849/1849 1784/1784/1784
f 1785/1785/1785 1784/1784/1784 1849/1849/1849
f 1849/1849/1849 1850/1850/1850 1785/1785/1785
f 1786/1786/1786 1785/1785/1785 1850/1850/1850
f 1850/1850/1850 1851/1851/1851 1786/1786/1786
f 1787/1787/1787 1786/1786/1786 1851/1851/1851
f 1851/1851/1851 1852/1852/1852 1787/1787/1787
f 1788/1788/1788 1787/1787/1787 1852/1852/1852
f 1852/1852/1852 1853/1853/1853 1788/1788/1788
f 1789/1789/1789 1788/1788/1788 1853/1853/1853
f 1853/1853/1853 1854/1854/1854 1789/1789/1789
f 1790/1790/1790 1789/1789/1789 1854/1854/1854
f 1854/1854/1854 1855/1855/1855 1790/1790/1790
f 1791/1791/1791 1790/1790/1790 1855/1855/1855
f 1855/1855/1855 1856/1856/1856 1791/1791/1791
f 1792/1792/1792 1791/1791/1791 1856/1856/1856
f 1856/1856/1856 1857/1857/1857 1792/1792/1792
f 1793/1793/1793 1792/1792/1792 1857/1857/1857
f 1857/1857/1857 1858/1858/1858 1793/1793/1793
f 1794/1794/1794 1793/1793/1793 1858/1858/1858
f 1858/1858/1858 1859/1859/1859 1794/1794/1794
f 1795/1795/1795 1794/1794/1794 1859/1859/1859
f 1859/1859/1859 1860/1860/1860 1795/1795/1795
f 1796/1796/1796 1795/1795/1795 1860/1860/1860
f 1860/1860/1860 1861/1861/1861 1796/1796/1796
f 1797/1797/1797 1796/1796/1796 1861/1861/1861
f 1861/1861/1861 1862/1862/1862 1797/1797/1797
f 1798/1798/1798 1797/1797/1797 1862/1862/1862
f 1862/1862/1862 1863/1863/1863 1798/1798/1798
f 1799/1799/1799 1798/1798/1798 1863/1863/1863
f 1863/1863/1863 1864/1864/1864 1799/1799/1799
f 1800/1800/1800 1799/1799/1799 1864/1864/1864
f 1864/1864/1864 1865/1865/1865 1800/1800/1800
f 1801/1801/1801 1800/1800/1800 1865/1865/1865
f 1865/1865/1865 1866/1866/1866 1801/1801/1801
f 1802/1802/1802 1801/1801/1801 1866/1866/1866
f 1866/1866/1866 1867/1867/1867 1802/1802/1802
f 1803/1803/1803 1802/1802/1802 1867/1867/1867
f 1867/1867/1867 1868/1868/1868 1803/1803/1803
f 1804/1804/1804 1803/1803/1803 1868/1868/1868
f 1868/1868/1868 1869/1869/1869 1804/1804/1804
f 1805/1805/1805 1804/1804/1804 1869/1869/1869
f 1869/1869/1869 1870/1870/1870 1805/1805/1805
f 1806/1806/1806 1805/1805/1805 1870/1870/1870
f 1870/1870/1870 1871/1871/1871 1806/1806/1806
f 1807/1807/1807 1806/1806/1806 1871/1871/1871
f 1871/1871/1871 1872/1872/1872 1807/1807/1807
f 1808/1808/1808 1807/1807/1807 1872/1872/1872
f 1872/1872/1872 1873/1873/1873 1808/1808/1808
f 1809/1809/1809 1808/1808/1808 1873/1873/1873
f 1873/1873/1873 1874/1874/1874 1809/1809/1809
f 1810/1810/1810 1809/1809/1809 1874/1874/1874
f 1874/1874/1874 1875/1875/1875 1810/1810/1810
f 1811/1811/1811 1810/1810/1810 1875/1875/1875
f 1875/1875/1875 1876/1876/1876 1811/1811/1811
f 1812/1812/1812 1811/1811/1811 1876/1876/1876
f 1876/1876/1876 1877/1877/1877 1812/1812/1812
f 1813/1813/1813 1812/1812/1812 1877/1877/1877
f 1877/1877/1877 1878/1878/1878 1813/1813/1813
f 1814/1814/1814 1813/1813/1813 1878/1878/1878
f 1878/1878/1878 1879/1879/1879 1814/1814/1814
f 1815/1815/1815 1814/1814/1814 1879/1879/1879
f 1879/1879/1879 1880/1880/1880 1815/1815/1815
f 1816/1816/1816 1815/1815/1815 1880/1880/1880
f 1880/1880/1880 1881/1881/1881 1816/1816/1816
f 1817/1817/1817 1816/1816/1816 1881/1881/1881
f 1881/1881/1881 1882/1882/1882 1817/1817/1817
f 1818/1818/1818 1817/1817/1817 1882/1882/1882
f 1882/1882/1882 1883/1883/1883 1818/1818/1818
f 1819/1819/1819 1818/1818/1818 1883/1883/1883
f 1883/1883/1883 1884/1884/1884 1819/1819/1819
f 1821/1821/1821 1820/1820/1820 1885/1885/1885
f 1885/1885/1885 1886/1886/1886 1821/1821/1821
f 1822/1822/1822 1821/1821/1821 1886/1886/1886
f 1886/1886/1886 1887/1887/1887 1822/1822/1822
f 1823/1823/1823 1822/1822/1822 1887/1887/1887
f 1887/1887/1887 1888/1888/1888 1823/1823/1823
f 1824/1824/1824 1823/1823/1823 1888/1888/1888
f 1888/1888/1888 1889/1889/1889 1824/1824/1824
f 1825/1825/1825 1824/1824/1824 1889/1889/1889
f 1889/1889/1889 1890/1890/1890 1825/1825/1825
f 1826/1826/1826 1825/1825/1825 1890/1890/1890
f 1890/1890/1890 1891/1891/1891 1826/1826/1826
f 1827/1827/1827 1826/1826/1826 1891/1891/1891
f 1891/1891/1891 1892/1892/1892 1827/1827/1827
f 1828/1828/1828 1827/1827/1827 1892/1892/1892
f 1892/1892/1892 1893/1893/1893 1828/1828/1828
f 1829/1829/1829 1828/1828/1828 1893/1893/1893
f 1893/1893/1893 1894/1894/1894 1829/1829/1829
f 1830/1830/1830 1829/1829/1829 1894/1894/1894
f 1894/1894/1894 1895/1895/1895 1830/1830/1830
f 1831/1831/1831 1830/1830/1830 1895/1895/1895
f 1895/1895/1895 1896/1896/1896 1831/1831/1831
f 1832/1832/1832 1831/1831/1831 1896/1896/1896
f 1896/1896/1896 1897/1897/1897 1832/1832/1832
f 1833/1833/1833 1832/1832/1832 1897/1897/1897
f 1897/1897/1897 1898/1898/1898 1833/1833/1833
f 1834/1834/1834 1833/1833/1833 1898/1898/1898
f 1898/1898/1898 1899/1899/1899 1834/1834/1834
f 1835/1835/1835 1834/1834/1834 1899/1899/1899
f 1899/1899/1899 1900/1900/1900 1835/1835/1835
f 1836/1836/1836 1835/1835/1835 1900/1900/1900
f 1900/1900/1900 1901/1901/1901 1836/1836/1836
f 1837/1837/1837 1836/1836/1836 1901/1901/1901
f 1901/1901/1901 1902/1902/1902 1837/1837/1837
f 1838/1838/1838 1837/1837/1837 1902/1902/1902
f 1902/1902/1902 1903/1903/1903 1838/1838/1838
f 1839/1839/1839 1838/1838/1838 1903/1903/1903
f 1903/1903/1903 1904/1904/1904 1839/1839/1839
f 1840/1840/1840 1839/1839/1839 1904/1904/1904
f 1904/1904/1904 1905/1905/1905 1840/1840/1840
f 1841/1841/1841 1840/1840/1840 1905/1905/1905
f 1905/1905/1905 1906/1906/1906 1841/1841/1841
f 1842/1842/1842 1841/1841/1841 1906/1906/1906
f 1906/1906/1906 1907/1907/1907 1842/1842/1842
f 1843/1843/1843 1842/1842/1842 1907/1907/1907
f 1907/1907/1907 1908/1908/1908 1843/1843/1843
f 1844/1844/1844 1843/1843/1843 1908/1908/1908
f 1908/1908/1908 1909/1909/1909 1844/1844/1844
f 1845/1845/1845 1844/1844/1844 1909/1909/1909
f 1909/1909/1909 1910/1910/1910 1845/1845/1845
f 1846/1846/1846 1845/1845/1845 1910/1910/1910
f 1910/1910/1910 1911/1911/1911 1846/1846/1846
f 1847/1847/1847 1846/1846/1846 1911/1911/1911
f 1911/1911/1911 1912/1912/1912 1847/1847/1847
f 1848/1848/1848 1847/1847/1847 1912/1912/1912
f 1912/1912/1912 1913/1913/1913 1848/1848/1848
f 1849/1849/1849 1848/1848/1848 1913/1913/1913
f 1913/1913/1913 1914/1914/1914 1849/1849/1849
f 1850/1850/1850 1849/1849/1849 1914/1914/1914
f 1914/1914/1914 1915/1915/1915 1850/1850/1850
f 1851/1851/1851 1850/1850/1850 1915/1915/1915
f 1915/1915/1915 1916/1916/1916 1851/1851/1851
f 1852/1852/1852 1851/1851/1851 1916/1916/1916
f 1916/1916/1916 1917/1917/1917 1852/1852/1852
f 1853/1853/1853 1852/1852/1852 1917/1917/1917
f 1917/1917/1917 1918/1918/1918 1853/1853/1853
f 1854/1854/1854 1853/1853/1853 1918/1918/1918
f 1918/1918/1918 1919/1919/1919 1854/1854/1854
f 1855/1855/1855 1854/1854/1854 1919/1919/1919
f 1919/1919/1919 1920/1920/1920 1855/1855/1855
f 1856/1856/1856 1855/1855/1855 1920/1920/1920
f 1920/1920/1920 1921/1921/1921 1856/1856/1856
f 1857/1857/1857 1856/1856/1856 1921/1921/1921
f 1921/1921/1921 1922/1922/1922 1857/1857/1857
f 1858/1858/1858 1857/1857/1857 1922/1922/1922
f 1922/1922/1922 1923/1923/1923 1858/1858/1858
f 1859/1859/1859 1858/1858/1858 1923/1923/1923
f 1923/1923/1923 1924/1924/1924 1859/1859/1859
f 1860/1860/1860 1859/1859/1859 1924/1924/1924
f 1924/1924/1924 1925/1925/1925 1860/1860/1860
f 1861/1861/1861 1860/1860/1860 1925/1925/1925
f 1925/1925/1925 1926/1926/1926 1861/1861/1861
f 1862/1862/1862 1861/1861/1861 1926/1926/1926
f 1926/1926/1926 1927/1927/1927 1862/1862/1862
f 1863/1863/1863 1862/1862/1862 1927/1927/1927
f 1927/1927/1927 1928/1928/1928 1863/1863/1863
f 1864/1864/1864 1863/1863/1863 1928/1928/1928
f 1928/1928/1928 1929/1929/1929 1864/1864/1864
f 1865/1865/1865 1864/1864/1864 1929/1929/1929
f 1929/1929/1929 1930/1930/1930 1865/1865/1865
f 1866/1866/1866 1865/1865/1865 1930/1930/1930
f 1930/1930/1930 1931/1931/1931 1866/1866/1866
f 1867/1867/1867 1866/1866/1866 1931/1931/1931
f 1931/1931/1931 1932/1932/1932 1867/1867/1867
f 1868/1868/1868 1867/1867/1867 1932/1932/1932
f 1932/1932/1932 1933/1933/1933 1868/1868/1868
f 1869/1869/1869 1868/1868/1868 1933/1933/1933
f 1933/1933/1933 1934/1934/1934 1869/1869/1869
f 1870/1870/1870 1869/1869/1869 1934/1934/1934
f 1934/1934/1934 1935/1935/1935 1870/1870/1870
f 1871/1871/1871 1870/1870/1870 1935/1935/1935
f 1935/1935/1935 1936/1936/1936 1871/1871/1871
f 1872/1872/1872 1871/1871/1871 1936/1936/1936
f 1936/1936/1936 1937/1937/1937 1872/1872/1872
f 1873/1873/1873 1872/1872/1872 1937/1937/1937
f 1937/1937/1937 1938/1938/1938 1873/1873/1873
f 1874/1874/1874 1873/1873/1873 1938/1938/1938
f 1938/1938/1938 1939/1939/1939 1874/1874/1874
f 1875/1875/1875 1874/1874/1874 1939/1939/1939
f 1939/1939/1939 1940/1940/1940 1875/1875/1875
f 1876/1876/1876 1875/1875/1875 1940/1940/1940
f 1940/1940/1940 1941/1941/1941 1876/1876/1876
f 1877/1877/1877 1876/1876/1876 1941/1941/1941
f 1941/1941/1941 1942/1942/1942 1877/1877/1877
f 1878/1878/1878 1877/1877/1877 1942/1942/1942
f 1942/1942/1942 1943/1943/1943 1878/1878/1878
f 1879/1879/1879 1878/1878/1878 1943/1943/1943
f 1943/1943/1943 1944/1944/1944 1879/1879/1879
f 1880/1880/1880 1879/1879/1879 1944/1944/1944
f 1944/1944/1944 1945/1945/1945 1880/1880/1880
f 1881/1881/1881 1880/1880/1880 1945/1945/1945
f 1945/1945/1945 1946/1946/1946 1881/1881/1881
f 1882/1882/1882 1881/1881/1881 1946/1946/1946
f 1946/1946/1946 1947/1947/1947 1882/1882/1882
f 1883/1883/1883 1882/1882/1882 1947/1947/1947
f 1947/1947/1947 1948/1948/1948 1883/1883/1883
f 1884/1884/1884 1883/1883/1883 1948/1948/1948
f 1948/1948/1948 1949/1949/1949 1884/1884/1884
f 1886/1886/1886 1885/1885/1885 1950/1950/1950
f 1950/1950/1950 1951/1951/1951 1886/1886/1886
f 1887/1887/1887 1886/1886/1886 1951/1951/1951
f 1951/1951/1951 1952/1952/1952 1887/1887/1887
f 1888/1888/1888 1887/1887/1887 1952/1952/1952
f 1952/1952/1952 1953/1953/1953 1888/1888/1888
f 1889/1889/1889 1888/1888/1888 1953/1953/1953
f 1953/1953/1953 1954/1954/1954 1889/1889/1889
f 1890/1890/1890 1889/1889/1889 1954/1954/1954
f 1954/1954/1954 1955/1955/1955 1890/1890/1890
f 1891/1891/1891 1890/1890/1890 1955/1955/1955
f 1955/1955/1955 1956/1956/1956 1891/1891/1891
f 1892/1892/1892 1891/1891/1891 1956/1956/1956
f 1956/1956/1956 1957/1957/1957 1892/1892/1892
f 1893/1893/1893 1892/1892/1892 1957/1957/1957
f 1957/1957/1957 1958/1958/1958 1893/1893/1893
f 1894/1894/1894 1893/1893/1893 1958/1958/1958
f 1958/1958/1958 1959/1959/1959 1894/1894/1894
f 1895/1895/1895 1894/1894/1894 1959/1959/1959
f 1959/1959/1959 1960/1960/1960 1895/1895/1895
f 1896/1896/1896 1895/1895/1895 1960/1960/1960
f 1960/1960/1960 1961/1961/1961 1896/1896/1896
f 1897/1897/1897 1896/1896/1896 1961/1961/1961
f 1961/1961/1961 1962/1962/1962 1897/1897/1897
f 1898/1898/1898 1897/1897/1897 1962/1962/1962
f 1962/1962/1962 1963/1963/1963 1898/1898/1898
f 1899/1899/1899 1898/1898/1898 1963/1963/1963
f 1963/1963/1963 1964/1964/1964 1899/1899/1899
f 1900/1900/1900 1899/1899/1899 1964/1964/1964
f 1964/1964/1964 1965/1965/1965 1900/1900/1900
f 1901/1901/1901 1900/1900/1900 1965/1965/1965
f 1965/1965/1965 1966/1966/1966 1901/1901/1901
f 1902/1902/1902 1901/1901/1901 1966/1966/1966
f 1966/1966/1966 1967/1967/1967 1902/1902/1902
f 1903/1903/1903 1902/1902/1902 1967/1967/1967
f 1967/1967/1967 1968/1968/1968 1903/1903/1903
f 1904/1904/1904 1903/1903/1903 1968/1968/1968
f 1968/1968/1968 1969/1969/1969 1904/1904/1904
f 1905/1905/1905 1904/1904/1904 1969/1969/1969
f 1969/1969/1969 1970/1970/1970 1905/1905/1905
f 1906/1906/1906 1905/1905/1905 1970/1970/1970
f 1970/1970/1970 1971/1971/1971 1906/1906/1906
f 1907/1907/1907 1906/1906/1906 1971/1971/1971
f 1971/1971/1971 1972/1972/1972 1907/1907/1907
f 1908/1908/1908 1907/1907/1907 1972/1972/1972
f 1972/1972/1972 1973/1973/1973 1908/1908/1908
f 1909/1909/1909 1908/1908/1908 1973/1973/1973
f 1973/1973/1973 1974/1974/1974 1909/1909/1909
f 1910/1910/1910 1909/1909/1909 1974/1974/1974
f 1974/1974/1974 1975/1975/1975 1910/1910/1910
f 1911/1911/1911 1910/1910/1910 1975/1975/1975
f 1975/1975/1975 1976/1976/1976 1911/1911/1911
f 1912/1912/1912 1911/1911/1911 1976/1976/1976
f 1976/1976/1976 1977/1977/1977 1912/1912/1912
f 1913/1913/1913 1912/1912/1912 1977/1977/1977
f 1977/1977/1977 1978/1978/1978 1913/1913/1913
f 1914/1914/1914 1913/1913/1913 1978/1978/1978
f 1978/1978/1978 1979/1979/1979 1914/1914/1914
f 1915/1915/1915 1914/1914/1914 1979/1979/1979
f 1979/1979/1979 1980/1980/1980 1915/1915/1915
f 1916/1916/1916 1915/1915/1915 1980/1980/1980
f 1980/1980/1980 1981/1981/1981 1916/1916/1916
f 1917/1917/1917 1916/1916/1916 1981/1981/1981
f 1981/1981/1981 1982/1982/1982 1917/1917/1917
f 1918/1918/1918 1917/1917/1917 1982/1982/1982
f 1982/1982/1982 1983/1983/1983 1918/1918/1918
f 1919/1919/1919 1918/1918/1918 1983/1983/1983
f 1983/1983/1983 1984/1984/1984 1919/1919/1919
f 1920/1920/1920 1919/1919/1919 1984/1984/1984
f 1984/1984/1984 1985/1985/1985 1920/1920/1920
f 1921/1921/1921 1920/1920/1920 1985/1985/1985
f 1985/1985/1985 1986/1986/1986 1921/1921/1921
f 1922/1922/1922 1921/1921/1921 1986/1986/1986
f 1986/1986/1986 1987/1987/1987 1922/1922/1922
f 1923/1923/1923 1922/1922/1922 1987/1987/1987
f 1987/1987/1987 1988/1988/1988 1923/1923/1923
f 1924/1924/1924 1923/1923/1923 1988/1988/1988
f 1988/1988/1988 1989/1989/1989 1924/1924/1924
f 1925/1925/1925 1924/1924/1924 1989/1989/1989
f 1989/1989/1989 1990/1990/1990 1925/1925/1925
f 1926/1926/1926 1925/1925/1925 1990/1990/1990
f 1990/1990/1990 1991/1991/1991 1926/1926/1926
f 1927/1927/1927 1926/1926/1926 1991/1991/1991
f 1991/1991/1991 1992/1992/1992 1927/1927/1927
f 1928/1928/1928 1927/1927/1927 1992/1992/1992
f 1992/1992/1992 1993/1993/1993 1928/1928/1928
f 1929/1929/1929 1928/1928/1928 1993/1993/1993
f 1993/1993/1993 1994/1994/1994 1929/1929/1929
f 1930/1930/1930 1929/1929/1929 1994/1994/1994
f 1994/1994/1994 1995/1995/1995 1930/1930/1930
f 1931/1931/1931 1930/1930/1930 1995/1995/1995
f 1995/1995/1995 1996/1996/1996 1931/1931/1931
f 1932/1932/1932 1931/1931/1931 1996/1996/1996
f 1996/1996/1996 1997/1997/1997 1932/1932/1932
f 1933/1933/1933 1932/1932/1932 1997/1997/1997
f 1997/1997/1997 1998/1998/1998 1933/1933/1933
f 1934/1934/1934 1933/1933/1933 1998/1998/1998
f 1998/1998/1998 1999/1999/1999 1934/1934/1934
f 1935/1935/1935 1934/1934/1934 1999/1999/1999
f 1999/1999/1999 2000/2000/2000 1935/1935/1935
f 1936/1936/1936 1935/1935/1935 2000/2000/2000
f 2000/2000/2000 2001/2001/2001 1936/1936/1936
f 1937/1937/1937 1936/1936/1936 2001/2001/2001
f 2001/2001/2001 2002/2002/2002 1937/1937/1937
f 1938/1938/1938 1937/1937/1937 2002/2002/2002
f 2002/2002/2002 2003/2003/2003 1938/1938/1938
f 1939/1939/1939 1938/1938/1938 2003/2003/2003
f 2003/2003/2003 2004/2004/2004 1939/1939/1939
f 1940/1940/1940 1939/1939/1939 2004/2004/2004
f 2004/2004/2004 2005/2005/2005 1940/1940/1940
f 1941/1941/1941 1940/1940/1940 2005/2005/2005
f 2005/2005/2005 2006/2006/2006 1941/1941/1941
f 1942/1942/1942 1941/1941/1941 2006/2006/2006
f 2006/2006/2006 2007/2007/2007 1942/1942/1942
f 1943/1943/1943 1942/1942/1942 2007/2007/2007
f 2007/2007/2007 2008/2008/2008 1943/1943/1943
f 1944/1944/1944 1943/1943/1943 2008/2008/2008
f 2008/2008/2008 2009/2009/2009 1944/1944/1944
f 1945/1945/1945 1944/1944/1944 2009/2009/2009
f 2009/2009/2009 2010/2010/2010 1945/1945/1945
f 1946/1946/1946 1945/1945/1945 2010/2010/2010
f 2010/2010/2010 2011/2011/2011 1946/1946/1946
f 1947/1947/1947 1946/1946/1946 2011/2011/2011
f 2011/2011/2011 2012/2012/2012 1947/1947/1947
f 1948/1948/1948 1947/1947/1947 2012/2012/2012
f 2012/2012/2012 2013/2013/2013 1948/1948/1948
f 1949/1949/1949 1948/1948/1948 2013/2013/2013
f 2013/2013/2013 2014/2014/2014 1949/1949/1949
f 1951/1951/1951 1950/1950/1950 2015/2015/2015
f 2015/2015/2015 2016/2016/2016 1951/1951/1951
f 1952/1952/1952 1951/1951/1951 2016/2016/2016
f 2016/2016/2016 2017/2017/2017 1952/1952/1952
f 1953/1953/1953 1952/1952/1952 2017/2017/2017
f 2017/2017/2017 2018/2018/2018 1953/1953/1953
f 1954/1954/1954 1953/1953/1953 2018/2018/2018
f 2018/2018/2018 2019/2019/2019 1954/1954/1954
f 1955/1955/1955 1954/1954/1954 2019/2019/2019
f 2019/2019/2019 2020/2020/2020 1955/1955/1955
f 1956/1956/1956 1955/1955/1955 2020/2020/2020
f 2020/2020/2020 2021/2021/2021 1956/1956/1956
f 1957/1957/1957 1956/1956/1956 2021/2021/2021
f 2021/2021/2021 2022/2022/2022 1957/1957/1957
f 1958/1958/1958 1957/1957/1957 2022/2022/2022
f 2022/2022/2022 2023/2023/2023 1958/1958/1958
f 1959/1959/1959 1958/1958/1958 2023/2023/2023
f 2023/2023/2023 2024/2024/2024 1959/1959/1959
f 1960/1960/1960 1959/1959/1959 2024/2024/2024
f 2024/2024/2024 2025/2025/2025 1960/1960/1960
f 1961/1961/1961 1960/1960/1960 2025/2025/2025
f 2025/2025/2025 2026/2026/2026 1961/1961/1961
f 1962/1962/1962 1961/1961/1961 2026/2026/2026
f 2026/2026/2026 2027/2027/2027 1962/1962/1962
f 1963/1963/1963 1962/1962/1962 2027/2027/2027
f 2027/2027/2027 2028/2028/2028 1963/1963/1963
f 1964/1964/1964 1963/1963/1963 2028/2028/2028
f 2028/2028/2028 2029/2029/2029 1964/1964/1964
f 1965/1965/1965 1964/1964/1964 2029/2029/2029
f 2029/2029/2029 2030/2030/2030 1965/1965/1965
f 1966/1966/1966 1965/1965/1965 2030/2030/2030
f 2030/2030/2030 2031/2031/2031 1966/1966/1966
f 1967/1967/1967 1966/1966/1966 2031/2031/2031
f 2031/2031/2031 2032/2032/2032 1967/1967/1967
f 1968/1968/1968 1967/1967/1967 2032/2032/2032
f 2032/2032/2032 2033/2033/2033 1968/1968/1968
f 1969/1969/1969 1968/1968/1968 2033/2033/2033
f 2033/2033/2033 2034/2034/2034 1969/1969/1969
f 1970/1970/1970 1969/1969/1969 2034/2034/2034
f 2034/2034/2034 2035/2035/2035 1970/1970/1970
f 1971/1971/1971 1970/1970/1970 2035/2035/2035
f 2035/2035/2035 2036/2036/2036 1971/1971/1971
f 1972/1972/1972 1971/1971/1971 2036/2036/2036
f 2036/2036/2036 2037/2037/2037 1972/1972/1972
f 1973/1973/1973 1972/1972/1972 2037/2037/2037
f 2037/2037/2037 2038/2038/2038 1973/1973/1973
f 1974/1974/1974 1973/1973/1973 2038/2038/2038
f 2038/2038/2038 2039/2039/2039 1974/1974/1974
f 1975/1975/1975 1974/1974/1974 2039/2039/2039
f 2039/2039/2039 2040/2040/2040 1975/1975/1975
f 1976/1976/1976 1975/1975/1975 2040/2040/2040
f 2040/2040/2040 2041/2041/2041 1976/1976/1976
f 1977/1977/1977 1976/1976/1976 2041/2041/2041
f 2041/2041/2041 2042/2042/2042 1977/1977/1977
f 1978/1978/1978 1977/1977/1977 2042/2042/2042
f 2042/2042/2042 2043/2043/2043 1978/1978/1978
f 1979/1979/1979 1978/1978/1978 2043/2043/2043
f 2043/2043/2043 2044/2044/2044 1979/1979/1979
f 1980/1980/1980 1979/1979/1979 2044/2044/2044
f 2044/2044/2044 2045/2045/2045 1980/1980/1980
f 1981/1981/1981 1980/1980/1980 2045/2045/2045
f 2045/2045/2045 2046/2046/2046 1981/1981/1981
f 1982/1982/1982 1981/1981/1981 2046/2046/2046
f 2046/2046/2046 2047/2047/2047 1982/1982/1982
f 1983/1983/1983 1982/1982/1982 2047/2047/2047
f 2047/2047/2047 2048/2048/2048 1983/1983/1983
f 1984/1984/1984 1983/1983/1983 2048/2048/2048
f 2048/2048/2048 2049/2049/2049 1984/1984/1984
f 1985/1985/1985 1984/1984/1984 2049/2049/2049
f 2049/2049/2049 2050/2050/2050 1985/1985/1985
f 1986/1986/1986 1985/1985/1985 2050/2050/2050
f 2050/2050/2050 2051/2051/2051 1986/1986/1986
f 1987/1987/1987 1986/1986/1986 2051/2051/2051
f 2051/2051/2051 2052/2052/2052 1987/1987/1987
f 1988/1988/1988 1987/1987/1987 2052/2052/2052
f 2052/2052/2052 2053/2053/2053 1988/1988/1988
f 1989/1989/1989 1988/1988/1988 2053/2053/2053
f 2053/2053/2053 2054/2054/2054 1989/1989/1989
f 1990/1990/1990 1989/1989/1989 2054/2054/2054
f 2054/2054/2054 2055/2055/2055 1990/1990/1990
f 1991/1991/1991 1990/1990/1990 2055/2055/2055
f 2055/2055/2055 2056/2056/2056 1991/1991/1991
f 1992/1992/1992 1991/1991/1991 2056/2056/2056
f 2056/2056/2056 2057/2057/2057 1992/1992/1992
f 1993/1993/1993 1992/1992/1992 2057/2057/2057
f 2057/2057/2057 2058/2058/2058 1993/1993/1993
f 1994/1994/1994 1993/1993/1993 2058/2058/2058
f 2058/2058/2058 2059/2059/2059 1994/1994/1994
f 1995/1995/1995 1994/1994/1994 2059/2059/2059
f 2059/2059/2059 2060/2060/2060 1995/1995/1995
f 1996/1996/1996 1995/1995/1995 2060/2060/2060
f 2060/2060/2060 2061/2061/2061 1996/1996/1996
f 1997/1997/1997 1996/1996/1996 2061/2061/2061
f 2061/2061/2061 2062/2062/2062 1997/1997/1997
f 1998/1998/1998 1997/1997/1997 2062/2062/2062
f 2062/2062/2062 2063/2063/2063 1998/1998/1998
f 1999/1999/1999 1998/1998/1998 2063/2063/2063
f 2063/2063/2063 2064/2064/2064 1999/1999/1999
f 2000/2000/2000 1999/1999/1999 2064/2064/2064
f 2064/2064/2064 2065/2065/2065 2000/2000/2000
f 2001/2001/2001 2000/2000/2000 2065/2065/2065
f 2065/2065/2065 2066/2066/2066 2001/2001/2001
f 2002/2002/2002 2001/2001/2001 2066/2066/2066
f 2066/2066/2066 2067/2067/2067 2002/2002/2002
f 2003/2003/2003 2002/2002/2002 2067/2067/2067
f 2067/2067/2067 2068/2068/2068 2003/2003/2003
f 2004/2004/2004 2003/2003/2003 2068/2068/2068
f 2068/2068/2068 2069/2069/2069 2004/2004/2004
f 2005/2005/2005 2004/2004/2004 2069/2069/2069
f 2069/2069/2069 2070/2070/2070 2005/2005/2005
f 2006/2006/2006 2005/2005/2005 2070/2070/2070
f 2070/2070/2070 2071/2071/2071 2006/2006/2006
f 2007/2007/2007 2006/2006/2006 2071/2071/2071
f 2071/2071/2071 2072/2072/2072 2007/2007/2007
f 2008/2008/2008 2007/2007/2007 2072/2072/2072
f 2072/2072/2072 2073/2073/2073 2008/2008/2008
f 2009/2009/2009 2008/2008/2008 2073/2073/2073
f 2073/2073/2073 2074/2074/2074 2009/2009/2009
f 2010/2010/2010 2009/2009/2009 2074/2074/2074
f 2074/2074/2074 2075/2075/2075 2010/2010/2010
f 2011/2011/2011 2010/2010/2010 2075/2075/2075
f 2075/2075/2075 2076/2076/2076 2011/2011/2011
f 2012/2012/2012 2011/2011/2011 2076/2076/2076
f 2076/2076/2076 2077/2077/2077 2012/2012/2012
f 2013/2013/2013 2012/2012/2012 2077/2077/2077
f 2077/2077/2077 2078/2078/2078 2013/2013/2013
f 2014/2014/2014 2013/2013/2013 2078/2078/2078
f 2078/2078/2078 2079/2079/2079 2014/2014/2014
f 2080/2080/2080 2016/2016/2016 2015/2015/2015
f 2081/2081/2081 2017/2017/2017 2016/2016/2016
f 2082/2082/2082 2018/2018/2018 2017/2017/2017
f 2083/2083/2083 2019/2019/2019 2018/2018/2018
f 2084/2084/2084 2020/2020/2020 2019/2019/2019
f 2085/2085/2085 2021/2021/2021 2020/2020/2020
f 2086/2086/2086 2022/2022/2022 2021/2021/2021
f 2087/2087/2087 2023/2023/2023 2022/2022/2022
f 2088/2088/2088 2024/2024/2024 2023/2023/2023
f 2089/2089/2089 2025/2025/2025 2024/2024/2024
f 2090/2090/2090 2026/2026/2026 2025/2025/2025
f 2091/2091/2091 2027/2027/2027 2026/2026/2026
f 2092/2092/2092 2028/2028/2028 2027/2027/2027
f 2093/2093/2093 2029/2029/2029 2028/2028/2028
f 2094/2094/2094 2030/2030/2030 2029/2029/2029
f 2095/2095/2095 2031/2031/2031 2030/2030/2030
f 2096/2096/2096 2032/2032/2032 2031/2031/2031
f 2097/2097/2097 2033/2033/2033 2032/2032/2032
f 2098/2098/2098 2034/2034/2034 2033/2033/2033
f 2099/2099/2099 2035/2035/2035 2034/2034/2034
f 2100/2100/2100 2036/2036/2036 2035/2035/2035
f 2101/2101/2101 2037/2037/2037 2036/2036/2036
f 2102/2102/2102 2038/2038/2038 2037/2037/2037
f 2103/2103/2103 2039/2039/2039 2038/2038/2038
f 2104/2104/2104 2040/2040/2040 2039/2039/2039
f 2105/2105/2105 2041/2041/2041 2040/2040/2040
f 2106/2106/2106 2042/2042/2042 2041/2041/2041
f 2107/2107/2107 2043/2043/2043 2042/2042/2042
f 2108/2108/2108 2044/2044/2044 2043/2043/2043
f 2109/2109/2109 2045/2045/2045 2044/2044/2044
f 2110/2110/2110 2046/2046/2046 2045/2045/2045
f 2111/2111/2111 2047/2047/2047 2046/2046/2046
f 2112/2112/2112 2048/2048/2048 2047/2047/2047
f 2113/2113/2113 2049/2049/2049 2048/2048/2048
f 2114/2114/2114 2050/2050/2050 2049/2049/2049
f 2115/2115/2115 2051/2051/2051 2050/2050/2050
f 2116/2116/2116 2052/2052/2052 2051/2051/2051
f 2117/2117/2117 2053/2053/2053 2052/2052/2052
f 2118/2118/2118 2054/2054/2054 2053/2053/2053
f 2119/2119/2119 2055/2055/2055 2054/2054/2054
f 2120/2120/2120 2056/2056/2056 2055/2055/2055
f 2121/2121/2121 2057/2057/2057 2056/2056/2056
f 2122/2122/2122 2058/2058/2058 2057/2057/2057
f 2123/2123/2123 2059/2059/2059 2058/2058/2058
f 2124/2124/2124 2060/2060/2060 2059/2059/2059
f 2125/2125/2125 2061/2061/2061 2060/2060/2060
f 2126/2126/2126 2062/2062/2062 2061/2061/2061
f 2127/2127/2127 2063/2063/2063 2062/2062/2062
f 2128/2128/2128 2064/2064/2064 2063/2063/2063
f 2129/2129/2129 2065/2065/2065 2064/2064/2064
f 2130/2130/2130 2066/2066/2066 2065/2065/2065
f 2131/2131/2131 2067/2067/2067 2066/2066/2066
f 2132/2132/2132 2068/2068/2068 2067/2067/2067
f 2133/2133/2133 2069/2069/2069 2068/2068/2068
f 2134/2134/2134 2070/2070/2070 2069/2069/2069
f 2135/2135/2135 2071/2071/2071 2070/2070/2070
f 2136/2136/2136 2072/2072/2072 2071/2071/2071
f 2137/2137/2137 2073/2073/2073 2072/2072/2072
f 2138/2138/2138 2074/2074/2074 2073/2073/2073
f 2139/2139/2139 2075/2075/2075 2074/2074/2074
f 2140/2140/2140 2076/2076/2076 2075/2075/2075
f 2141/2141/2141 2077/2077/2077 2076/2076/2076
f 2142/2142/2142 2078/2078/2078 2077/2077/2077
f 2143/2143/2143 2079/2079/2079 2078/2078/2078
