# Blender 5.0.0
# www.blender.org
mtllib yatblend.mtl
o Text
v 3.843229 -0.000025 -0.185335
v 3.842563 -0.000025 -0.202427
v 3.840567 -0.000025 -0.219150
v 3.837245 -0.000025 -0.235429
v 3.832599 -0.000025 -0.251187
v 3.826634 -0.000025 -0.266348
v 3.819354 -0.000025 -0.280835
v 3.810761 -0.000025 -0.294573
v 3.800858 -0.000025 -0.307484
v 3.789651 -0.000025 -0.319492
v 3.777141 -0.000025 -0.330521
v 3.763332 -0.000025 -0.340494
v 3.748229 -0.000025 -0.349335
v 3.762085 -0.000025 -0.359197
v 3.774664 -0.000025 -0.369729
v 3.785979 -0.000025 -0.380851
v 3.796044 -0.000025 -0.392484
v 3.804873 -0.000025 -0.404547
v 3.812479 -0.000025 -0.416960
v 3.818877 -0.000025 -0.429645
v 3.824081 -0.000025 -0.442521
v 3.828104 -0.000025 -0.455507
v 3.830961 -0.000025 -0.468525
v 3.832664 -0.000025 -0.481495
v 3.833229 -0.000025 -0.494335
v 3.831470 -0.000025 -0.521969
v 3.826326 -0.000025 -0.548238
v 3.817995 -0.000025 -0.572945
v 3.806674 -0.000025 -0.595891
v 3.792561 -0.000025 -0.616879
v 3.775854 -0.000025 -0.635710
v 3.756752 -0.000025 -0.652188
v 3.735451 -0.000025 -0.666113
v 3.712151 -0.000025 -0.677289
v 3.687049 -0.000025 -0.685516
v 3.660342 -0.000025 -0.690598
v 3.632229 -0.000025 -0.692335
v 3.603119 -0.000025 -0.690618
v 3.575428 -0.000025 -0.685595
v 3.549370 -0.000025 -0.677460
v 3.525155 -0.000025 -0.666410
v 3.502996 -0.000025 -0.652636
v 3.483104 -0.000025 -0.636335
v 3.465692 -0.000025 -0.617701
v 3.450970 -0.000025 -0.596928
v 3.439151 -0.000025 -0.574210
v 3.430447 -0.000025 -0.549743
v 3.425069 -0.000025 -0.523720
v 3.423229 -0.000025 -0.496335
v 3.423849 -0.000025 -0.481966
v 3.425688 -0.000025 -0.467877
v 3.428714 -0.000025 -0.454101
v 3.432896 -0.000025 -0.440669
v 3.438203 -0.000025 -0.427611
v 3.444604 -0.000025 -0.414960
v 3.452068 -0.000025 -0.402747
v 3.460562 -0.000025 -0.391002
v 3.470057 -0.000025 -0.379757
v 3.480521 -0.000025 -0.369044
v 3.491922 -0.000025 -0.358893
v 3.504229 -0.000025 -0.349335
v 3.488666 -0.000025 -0.339521
v 3.474474 -0.000025 -0.329067
v 3.461651 -0.000025 -0.317960
v 3.450192 -0.000025 -0.306187
v 3.440094 -0.000025 -0.293734
v 3.431354 -0.000025 -0.280585
v 3.423968 -0.000025 -0.266729
v 3.417933 -0.000025 -0.252150
v 3.413245 -0.000025 -0.236835
v 3.409900 -0.000025 -0.220771
v 3.407896 -0.000025 -0.203942
v 3.407229 -0.000025 -0.186335
v 3.409190 -0.000025 -0.159621
v 3.414914 -0.000025 -0.134118
v 3.424167 -0.000025 -0.110038
v 3.436711 -0.000025 -0.087595
v 3.452310 -0.000025 -0.066998
v 3.470729 -0.000025 -0.048460
v 3.491731 -0.000025 -0.032194
v 3.515081 -0.000025 -0.018409
v 3.540542 -0.000025 -0.007320
v 3.567877 -0.000025 0.000864
v 3.596852 -0.000025 0.005929
v 3.627229 -0.000025 0.007665
v 3.657108 -0.000025 0.005949
v 3.685590 -0.000025 0.000938
v 3.712448 -0.000025 -0.007163
v 3.737451 -0.000025 -0.018150
v 3.760371 -0.000025 -0.031817
v 3.780979 -0.000025 -0.047960
v 3.799045 -0.000025 -0.066374
v 3.814340 -0.000025 -0.086854
v 3.826635 -0.000025 -0.109195
v 3.835701 -0.000025 -0.133192
v 3.841309 -0.000025 -0.158640
v 3.735229 -0.000025 -0.496335
v 3.734251 -0.000025 -0.482775
v 3.731400 -0.000025 -0.469683
v 3.726807 -0.000025 -0.457195
v 3.720600 -0.000025 -0.445446
v 3.712906 -0.000025 -0.434573
v 3.703854 -0.000025 -0.424710
v 3.693574 -0.000025 -0.415993
v 3.682192 -0.000025 -0.408558
v 3.669839 -0.000025 -0.402539
v 3.656641 -0.000025 -0.398071
v 3.642729 -0.000025 -0.395292
v 3.628229 -0.000025 -0.394335
v 3.613940 -0.000025 -0.395312
v 3.600164 -0.000025 -0.398150
v 3.587041 -0.000025 -0.402710
v 3.574710 -0.000025 -0.408854
v 3.563310 -0.000025 -0.416442
v 3.552979 -0.000025 -0.425335
v 3.543856 -0.000025 -0.435396
v 3.536081 -0.000025 -0.446483
v 3.529792 -0.000025 -0.458460
v 3.525127 -0.000025 -0.471187
v 3.522227 -0.000025 -0.484525
v 3.521229 -0.000025 -0.498335
v 3.522132 -0.000025 -0.513137
v 3.524789 -0.000025 -0.526997
v 3.529120 -0.000025 -0.539851
v 3.535044 -0.000025 -0.551632
v 3.542482 -0.000025 -0.562273
v 3.551354 -0.000025 -0.571710
v 3.561580 -0.000025 -0.579876
v 3.573081 -0.000025 -0.586706
v 3.585776 -0.000025 -0.592132
v 3.599586 -0.000025 -0.596090
v 3.614430 -0.000025 -0.598513
v 3.630229 -0.000025 -0.599335
v 3.645109 -0.000025 -0.598436
v 3.659188 -0.000025 -0.595803
v 3.672370 -0.000025 -0.591539
v 3.684562 -0.000025 -0.585743
v 3.695672 -0.000025 -0.578517
v 3.705604 -0.000025 -0.569960
v 3.714266 -0.000025 -0.560175
v 3.721562 -0.000025 -0.549261
v 3.727401 -0.000025 -0.537320
v 3.731688 -0.000025 -0.524451
v 3.734328 -0.000025 -0.510756
v 3.745229 -0.000025 -0.193335
v 3.744377 -0.000025 -0.179236
v 3.741827 -0.000025 -0.165544
v 3.737589 -0.000025 -0.152413
v 3.731674 -0.000025 -0.140002
v 3.724092 -0.000025 -0.128466
v 3.714854 -0.000025 -0.117960
v 3.703970 -0.000025 -0.108643
v 3.691451 -0.000025 -0.100669
v 3.677307 -0.000025 -0.094195
v 3.661548 -0.000025 -0.089377
v 3.644186 -0.000025 -0.086372
v 3.625229 -0.000025 -0.085335
v 3.608163 -0.000025 -0.086257
v 3.592035 -0.000025 -0.088960
v 3.576948 -0.000025 -0.093351
v 3.563007 -0.000025 -0.099335
v 3.550316 -0.000025 -0.106820
v 3.538979 -0.000025 -0.115710
v 3.529100 -0.000025 -0.125913
v 3.520784 -0.000025 -0.137335
v 3.514135 -0.000025 -0.149882
v 3.509257 -0.000025 -0.163460
v 3.506253 -0.000025 -0.177976
v 3.505229 -0.000025 -0.193335
v 3.506217 -0.000025 -0.208905
v 3.509127 -0.000025 -0.223558
v 3.513885 -0.000025 -0.237210
v 3.520414 -0.000025 -0.249780
v 3.528638 -0.000025 -0.261183
v 3.538479 -0.000025 -0.271335
v 3.549862 -0.000025 -0.280155
v 3.562711 -0.000025 -0.287558
v 3.576948 -0.000025 -0.293460
v 3.592497 -0.000025 -0.297780
v 3.609283 -0.000025 -0.300433
v 3.627229 -0.000025 -0.301335
v 3.644046 -0.000025 -0.300394
v 3.659928 -0.000025 -0.297641
v 3.674776 -0.000025 -0.293179
v 3.688488 -0.000025 -0.287113
v 3.700965 -0.000025 -0.279547
v 3.712104 -0.000025 -0.270585
v 3.721806 -0.000025 -0.260332
v 3.729970 -0.000025 -0.248891
v 3.736495 -0.000025 -0.236367
v 3.741280 -0.000025 -0.222863
v 3.744225 -0.000025 -0.208485
v 0.301229 -0.000025 -0.448335
v 0.160339 -0.000025 -0.603112
v 0.000229 -0.000025 -0.683335
v 0.253229 -0.000025 -0.362335
v 0.284689 -0.000025 -0.000942
v 0.334883 -0.000025 -0.000068
v 0.351229 -0.000025 -0.361335
v 0.604229 -0.000025 -0.683335
v 0.457244 -0.000025 -0.611841
v 0.966229 -0.000025 -0.687335
v 0.897229 -0.000025 -0.687335
v 0.604229 -0.000025 -0.001335
v 0.704229 -0.000025 -0.001335
v 0.790229 -0.000025 -0.202335
v 1.080229 -0.000025 -0.202335
v 1.171229 -0.000025 -0.001335
v 1.271229 -0.000025 -0.001335
v 0.930229 -0.000025 -0.537335
v 1.040229 -0.000025 -0.290335
v 0.828229 -0.000025 -0.290335
v 1.858229 -0.000025 -0.683335
v 1.288229 -0.000025 -0.683335
v 1.288229 -0.000025 -0.595335
v 1.524229 -0.000025 -0.595335
v 1.524229 -0.000025 -0.001335
v 1.622229 -0.000025 -0.001335
v 1.622229 -0.000025 -0.595335
v 1.858229 -0.000025 -0.595335
v 2.345229 -0.000025 -0.342335
v 2.343421 -0.000025 -0.393337
v 2.338099 -0.000025 -0.441178
v 2.329417 -0.000025 -0.485617
v 2.317525 -0.000025 -0.526410
v 2.302579 -0.000025 -0.563313
v 2.284729 -0.000025 -0.596085
v 2.264130 -0.000025 -0.624482
v 2.240933 -0.000025 -0.648261
v 2.215292 -0.000025 -0.667179
v 2.187359 -0.000025 -0.680993
v 2.157287 -0.000025 -0.689459
v 2.125229 -0.000025 -0.692335
v 2.093171 -0.000025 -0.689459
v 2.063100 -0.000025 -0.680993
v 2.035167 -0.000025 -0.667179
v 2.009526 -0.000025 -0.648261
v 1.986329 -0.000025 -0.624482
v 1.965729 -0.000025 -0.596085
v 1.947880 -0.000025 -0.563313
v 1.932933 -0.000025 -0.526410
v 1.921042 -0.000025 -0.485617
v 1.912359 -0.000025 -0.441178
v 1.907037 -0.000025 -0.393337
v 1.905229 -0.000025 -0.342335
v 1.907037 -0.000025 -0.291334
v 1.912359 -0.000025 -0.243493
v 1.921042 -0.000025 -0.199054
v 1.932933 -0.000025 -0.158261
v 1.947880 -0.000025 -0.121357
v 1.965729 -0.000025 -0.088585
v 1.986329 -0.000025 -0.060188
v 2.009526 -0.000025 -0.036409
v 2.035167 -0.000025 -0.017492
v 2.063100 -0.000025 -0.003678
v 2.093171 -0.000025 0.004788
v 2.125229 -0.000025 0.007665
v 2.157287 -0.000025 0.004788
v 2.187359 -0.000025 -0.003678
v 2.215292 -0.000025 -0.017492
v 2.240933 -0.000025 -0.036409
v 2.264129 -0.000025 -0.060188
v 2.284729 -0.000025 -0.088585
v 2.302578 -0.000025 -0.121357
v 2.317525 -0.000025 -0.158261
v 2.329416 -0.000025 -0.199054
v 2.338099 -0.000025 -0.243493
v 2.343421 -0.000025 -0.291334
v 2.171148 -0.000025 -0.347582
v 2.169254 -0.000025 -0.311286
v 2.163832 -0.000025 -0.281917
v 2.155270 -0.000025 -0.258757
v 2.143959 -0.000025 -0.241087
v 2.130286 -0.000025 -0.228188
v 2.114640 -0.000025 -0.219341
v 2.097412 -0.000025 -0.213828
v 2.078989 -0.000025 -0.210929
v 2.059760 -0.000025 -0.209925
v 2.040115 -0.000025 -0.210099
v 2.020443 -0.000025 -0.210730
v 2.001133 -0.000025 -0.211100
v 1.986688 -0.000025 -0.213528
v 1.980389 -0.000025 -0.220459
v 1.980794 -0.000025 -0.231364
v 1.986458 -0.000025 -0.245714
v 1.995936 -0.000025 -0.262980
v 2.007787 -0.000025 -0.282633
v 2.020564 -0.000025 -0.304143
v 2.032825 -0.000025 -0.326982
v 2.043126 -0.000025 -0.350620
v 2.050023 -0.000025 -0.374529
v 2.052072 -0.000025 -0.398179
v 2.047829 -0.000025 -0.421040
v 2.037472 -0.000025 -0.462338
v 2.032191 -0.000025 -0.500273
v 2.031322 -0.000025 -0.533780
v 2.034197 -0.000025 -0.561793
v 2.040151 -0.000025 -0.583248
v 2.048519 -0.000025 -0.597079
v 2.058634 -0.000025 -0.602220
v 2.069830 -0.000025 -0.597606
v 2.081442 -0.000025 -0.582171
v 2.092803 -0.000025 -0.554851
v 2.103249 -0.000025 -0.514579
v 2.112112 -0.000025 -0.460290
v 2.143948 -0.000025 -0.521345
v 2.167186 -0.000025 -0.562584
v 2.182939 -0.000025 -0.586110
v 2.192316 -0.000025 -0.594025
v 2.196428 -0.000025 -0.588431
v 2.196388 -0.000025 -0.571430
v 2.193305 -0.000025 -0.545124
v 2.188291 -0.000025 -0.511614
v 2.182457 -0.000025 -0.473003
v 2.176915 -0.000025 -0.431393
v 2.172775 -0.000025 -0.388885
v 2.845229 -0.000025 -0.342335
v 2.843421 -0.000025 -0.393337
v 2.838099 -0.000025 -0.441178
v 2.829417 -0.000025 -0.485617
v 2.817525 -0.000025 -0.526410
v 2.802579 -0.000025 -0.563313
v 2.784729 -0.000025 -0.596085
v 2.764130 -0.000025 -0.624482
v 2.740933 -0.000025 -0.648261
v 2.715292 -0.000025 -0.667179
v 2.687359 -0.000025 -0.680993
v 2.657287 -0.000025 -0.689459
v 2.625229 -0.000025 -0.692335
v 2.593171 -0.000025 -0.689459
v 2.563100 -0.000025 -0.680993
v 2.535167 -0.000025 -0.667179
v 2.509526 -0.000025 -0.648261
v 2.486329 -0.000025 -0.624482
v 2.465729 -0.000025 -0.596085
v 2.447880 -0.000025 -0.563313
v 2.432933 -0.000025 -0.526410
v 2.421042 -0.000025 -0.485617
v 2.412359 -0.000025 -0.441178
v 2.407037 -0.000025 -0.393337
v 2.405229 -0.000025 -0.342335
v 2.407037 -0.000025 -0.291334
v 2.412359 -0.000025 -0.243493
v 2.421042 -0.000025 -0.199054
v 2.432933 -0.000025 -0.158261
v 2.447880 -0.000025 -0.121357
v 2.465729 -0.000025 -0.088585
v 2.486329 -0.000025 -0.060188
v 2.509525 -0.000025 -0.036409
v 2.535167 -0.000025 -0.017492
v 2.563099 -0.000025 -0.003678
v 2.593171 -0.000025 0.004788
v 2.625229 -0.000025 0.007665
v 2.657287 -0.000025 0.004788
v 2.687359 -0.000025 -0.003678
v 2.715292 -0.000025 -0.017492
v 2.740933 -0.000025 -0.036409
v 2.764129 -0.000025 -0.060188
v 2.784729 -0.000025 -0.088585
v 2.802578 -0.000025 -0.121357
v 2.817525 -0.000025 -0.158261
v 2.829416 -0.000025 -0.199054
v 2.838099 -0.000025 -0.243493
v 2.843421 -0.000025 -0.291334
v 2.747229 -0.000025 -0.342335
v 2.746280 -0.000025 -0.303668
v 2.743470 -0.000025 -0.267743
v 2.738854 -0.000025 -0.234679
v 2.732488 -0.000025 -0.204595
v 2.724428 -0.000025 -0.177607
v 2.714729 -0.000025 -0.153835
v 2.703446 -0.000025 -0.133397
v 2.690636 -0.000025 -0.116409
v 2.676354 -0.000025 -0.102992
v 2.660655 -0.000025 -0.093261
v 2.643594 -0.000025 -0.087337
v 2.625229 -0.000025 -0.085335
v 2.606863 -0.000025 -0.087337
v 2.589803 -0.000025 -0.093261
v 2.574104 -0.000025 -0.102992
v 2.559822 -0.000025 -0.116409
v 2.547011 -0.000025 -0.133397
v 2.535729 -0.000025 -0.153835
v 2.526030 -0.000025 -0.177607
v 2.517970 -0.000025 -0.204595
v 2.511604 -0.000025 -0.234679
v 2.506988 -0.000025 -0.267743
v 2.504178 -0.000025 -0.303668
v 2.503229 -0.000025 -0.342335
v 2.504178 -0.000025 -0.381003
v 2.506989 -0.000025 -0.416928
v 2.511604 -0.000025 -0.449992
v 2.517970 -0.000025 -0.480076
v 2.526030 -0.000025 -0.507063
v 2.535729 -0.000025 -0.530835
v 2.547012 -0.000025 -0.551274
v 2.559822 -0.000025 -0.568261
v 2.574105 -0.000025 -0.581679
v 2.589804 -0.000025 -0.591410
v 2.606864 -0.000025 -0.597334
v 2.625229 -0.000025 -0.599335
v 2.643595 -0.000025 -0.597334
v 2.660655 -0.000025 -0.591410
v 2.676354 -0.000025 -0.581679
v 2.690637 -0.000025 -0.568261
v 2.703447 -0.000025 -0.551274
v 2.714729 -0.000025 -0.530835
v 2.724428 -0.000025 -0.507063
v 2.732489 -0.000025 -0.480076
v 2.738854 -0.000025 -0.449992
v 2.743470 -0.000025 -0.416928
v 2.746280 -0.000025 -0.381003
v 3.345229 -0.000025 -0.342335
v 3.343421 -0.000025 -0.393337
v 3.338099 -0.000025 -0.441178
v 3.329417 -0.000025 -0.485617
v 3.317525 -0.000025 -0.526410
v 3.302579 -0.000025 -0.563313
v 3.284729 -0.000025 -0.596085
v 3.264130 -0.000025 -0.624482
v 3.240933 -0.000025 -0.648261
v 3.215292 -0.000025 -0.667179
v 3.187359 -0.000025 -0.680993
v 3.157287 -0.000025 -0.689459
v 3.125229 -0.000025 -0.692335
v 3.093171 -0.000025 -0.689459
v 3.063100 -0.000025 -0.680993
v 3.035167 -0.000025 -0.667179
v 3.009526 -0.000025 -0.648261
v 2.986329 -0.000025 -0.624482
v 2.965729 -0.000025 -0.596085
v 2.947880 -0.000025 -0.563313
v 2.932933 -0.000025 -0.526410
v 2.921042 -0.000025 -0.485617
v 2.912359 -0.000025 -0.441178
v 2.907037 -0.000025 -0.393337
v 2.905229 -0.000025 -0.342335
v 2.907037 -0.000025 -0.291334
v 2.912359 -0.000025 -0.243493
v 2.921042 -0.000025 -0.199054
v 2.932933 -0.000025 -0.158261
v 2.947880 -0.000025 -0.121357
v 2.965729 -0.000025 -0.088585
v 2.986329 -0.000025 -0.060188
v 3.009525 -0.000025 -0.036409
v 3.035167 -0.000025 -0.017492
v 3.063099 -0.000025 -0.003678
v 3.093171 -0.000025 0.004788
v 3.125229 -0.000025 0.007665
v 3.157287 -0.000025 0.004788
v 3.187359 -0.000025 -0.003678
v 3.215292 -0.000025 -0.017492
v 3.240933 -0.000025 -0.036409
v 3.264129 -0.000025 -0.060188
v 3.284729 -0.000025 -0.088585
v 3.302578 -0.000025 -0.121357
v 3.317525 -0.000025 -0.158261
v 3.329416 -0.000025 -0.199054
v 3.338099 -0.000025 -0.243493
v 3.343421 -0.000025 -0.291334
v 3.247229 -0.000025 -0.342335
v 3.246280 -0.000025 -0.303668
v 3.243470 -0.000025 -0.267743
v 3.238854 -0.000025 -0.234679
v 3.232488 -0.000025 -0.204595
v 3.224428 -0.000025 -0.177607
v 3.214729 -0.000025 -0.153835
v 3.203446 -0.000025 -0.133397
v 3.190636 -0.000025 -0.116409
v 3.176354 -0.000025 -0.102992
v 3.160655 -0.000025 -0.093261
v 3.143594 -0.000025 -0.087337
v 3.125229 -0.000025 -0.085335
v 3.106863 -0.000025 -0.087337
v 3.089803 -0.000025 -0.093261
v 3.074104 -0.000025 -0.102992
v 3.059822 -0.000025 -0.116409
v 3.047011 -0.000025 -0.133397
v 3.035729 -0.000025 -0.153835
v 3.026030 -0.000025 -0.177607
v 3.017970 -0.000025 -0.204595
v 3.011604 -0.000025 -0.234679
v 3.006988 -0.000025 -0.267743
v 3.004178 -0.000025 -0.303668
v 3.003229 -0.000025 -0.342335
v 3.004178 -0.000025 -0.381003
v 3.006989 -0.000025 -0.416928
v 3.011604 -0.000025 -0.449992
v 3.017970 -0.000025 -0.480076
v 3.026030 -0.000025 -0.507063
v 3.035729 -0.000025 -0.530835
v 3.047012 -0.000025 -0.551274
v 3.059822 -0.000025 -0.568261
v 3.074105 -0.000025 -0.581679
v 3.089804 -0.000025 -0.591410
v 3.106864 -0.000025 -0.597334
v 3.125229 -0.000025 -0.599335
v 3.143595 -0.000025 -0.597334
v 3.160655 -0.000025 -0.591410
v 3.176354 -0.000025 -0.581679
v 3.190637 -0.000025 -0.568261
v 3.203447 -0.000025 -0.551274
v 3.214729 -0.000025 -0.530835
v 3.224428 -0.000025 -0.507063
v 3.232489 -0.000025 -0.480076
v 3.238854 -0.000025 -0.449992
v 3.243470 -0.000025 -0.416928
v 3.246280 -0.000025 -0.381003
v 3.843229 0.652149 -0.185335
v 3.842563 0.652149 -0.202427
v 3.840567 0.652149 -0.219150
v 3.837245 0.652149 -0.235429
v 3.832599 0.652149 -0.251187
v 3.826634 0.652149 -0.266348
v 3.819354 0.652149 -0.280835
v 3.810761 0.652149 -0.294573
v 3.800858 0.652149 -0.307484
v 3.789651 0.652149 -0.319492
v 3.777141 0.652149 -0.330521
v 3.763332 0.652149 -0.340494
v 3.748229 0.652149 -0.349335
v 3.762085 0.652149 -0.359197
v 3.774664 0.652149 -0.369729
v 3.785979 0.652149 -0.380851
v 3.796044 0.652149 -0.392484
v 3.804873 0.652149 -0.404547
v 3.812479 0.652149 -0.416960
v 3.818877 0.652149 -0.429645
v 3.824081 0.652149 -0.442521
v 3.828104 0.652149 -0.455507
v 3.830961 0.652149 -0.468525
v 3.832664 0.652149 -0.481495
v 3.833229 0.652149 -0.494335
v 3.831470 0.652149 -0.521969
v 3.826326 0.652149 -0.548238
v 3.817995 0.652149 -0.572945
v 3.806674 0.652149 -0.595891
v 3.792561 0.652149 -0.616879
v 3.775854 0.652149 -0.635710
v 3.756752 0.652149 -0.652188
v 3.735451 0.652149 -0.666113
v 3.712151 0.652149 -0.677289
v 3.687049 0.652149 -0.685516
v 3.660342 0.652149 -0.690598
v 3.632229 0.652149 -0.692335
v 3.603119 0.652149 -0.690618
v 3.575428 0.652149 -0.685595
v 3.549370 0.652149 -0.677460
v 3.525155 0.652149 -0.666410
v 3.502996 0.652149 -0.652636
v 3.483104 0.652149 -0.636335
v 3.465692 0.652149 -0.617701
v 3.450970 0.652149 -0.596928
v 3.439151 0.652149 -0.574210
v 3.430447 0.652149 -0.549743
v 3.425069 0.652149 -0.523720
v 3.423229 0.652149 -0.496335
v 3.423849 0.652149 -0.481966
v 3.425688 0.652149 -0.467877
v 3.428714 0.652149 -0.454101
v 3.432896 0.652149 -0.440669
v 3.438203 0.652149 -0.427611
v 3.444604 0.652149 -0.414960
v 3.452068 0.652149 -0.402747
v 3.460562 0.652149 -0.391002
v 3.470057 0.652149 -0.379757
v 3.480521 0.652149 -0.369044
v 3.491922 0.652149 -0.358893
v 3.504229 0.652149 -0.349335
v 3.488666 0.652149 -0.339521
v 3.474474 0.652149 -0.329067
v 3.461651 0.652149 -0.317960
v 3.450192 0.652149 -0.306187
v 3.440094 0.652149 -0.293734
v 3.431354 0.652149 -0.280585
v 3.423968 0.652149 -0.266729
v 3.417933 0.652149 -0.252150
v 3.413245 0.652149 -0.236835
v 3.409900 0.652149 -0.220771
v 3.407896 0.652149 -0.203942
v 3.407229 0.652149 -0.186335
v 3.409190 0.652149 -0.159621
v 3.414914 0.652149 -0.134118
v 3.424167 0.652149 -0.110038
v 3.436711 0.652149 -0.087595
v 3.452310 0.652149 -0.066998
v 3.470729 0.652149 -0.048460
v 3.491731 0.652149 -0.032194
v 3.515081 0.652149 -0.018409
v 3.540542 0.652149 -0.007320
v 3.567877 0.652149 0.000864
v 3.596852 0.652149 0.005929
v 3.627229 0.652149 0.007665
v 3.657108 0.652149 0.005949
v 3.685590 0.652149 0.000938
v 3.712448 0.652149 -0.007163
v 3.737451 0.652149 -0.018150
v 3.760371 0.652149 -0.031817
v 3.780979 0.652149 -0.047960
v 3.799045 0.652149 -0.066374
v 3.814340 0.652149 -0.086854
v 3.826635 0.652149 -0.109195
v 3.835701 0.652149 -0.133192
v 3.841309 0.652149 -0.158640
v 3.735229 0.652149 -0.496335
v 3.734251 0.652149 -0.482775
v 3.731400 0.652149 -0.469683
v 3.726807 0.652149 -0.457195
v 3.720600 0.652149 -0.445446
v 3.712906 0.652149 -0.434573
v 3.703854 0.652149 -0.424710
v 3.693574 0.652149 -0.415993
v 3.682192 0.652149 -0.408558
v 3.669839 0.652149 -0.402539
v 3.656641 0.652149 -0.398071
v 3.642729 0.652149 -0.395292
v 3.628229 0.652149 -0.394335
v 3.613940 0.652149 -0.395312
v 3.600164 0.652149 -0.398150
v 3.587041 0.652149 -0.402710
v 3.574710 0.652149 -0.408854
v 3.563310 0.652149 -0.416442
v 3.552979 0.652149 -0.425335
v 3.543856 0.652149 -0.435396
v 3.536081 0.652149 -0.446483
v 3.529792 0.652149 -0.458460
v 3.525127 0.652149 -0.471187
v 3.522227 0.652149 -0.484525
v 3.521229 0.652149 -0.498335
v 3.522132 0.652149 -0.513137
v 3.524789 0.652149 -0.526997
v 3.529120 0.652149 -0.539851
v 3.535044 0.652149 -0.551632
v 3.542482 0.652149 -0.562273
v 3.551354 0.652149 -0.571710
v 3.561580 0.652149 -0.579876
v 3.573081 0.652149 -0.586706
v 3.585776 0.652149 -0.592132
v 3.599586 0.652149 -0.596090
v 3.614430 0.652149 -0.598513
v 3.630229 0.652149 -0.599335
v 3.645109 0.652149 -0.598436
v 3.659188 0.652149 -0.595803
v 3.672370 0.652149 -0.591539
v 3.684562 0.652149 -0.585743
v 3.695672 0.652149 -0.578517
v 3.705604 0.652149 -0.569960
v 3.714266 0.652149 -0.560175
v 3.721562 0.652149 -0.549261
v 3.727401 0.652149 -0.537320
v 3.731688 0.652149 -0.524451
v 3.734328 0.652149 -0.510756
v 3.745229 0.652149 -0.193335
v 3.744377 0.652149 -0.179236
v 3.741827 0.652149 -0.165544
v 3.737589 0.652149 -0.152413
v 3.731674 0.652149 -0.140002
v 3.724092 0.652149 -0.128466
v 3.714854 0.652149 -0.117960
v 3.703970 0.652149 -0.108643
v 3.691451 0.652149 -0.100669
v 3.677307 0.652149 -0.094195
v 3.661548 0.652149 -0.089377
v 3.644186 0.652149 -0.086372
v 3.625229 0.652149 -0.085335
v 3.608163 0.652149 -0.086257
v 3.592035 0.652149 -0.088960
v 3.576948 0.652149 -0.093351
v 3.563007 0.652149 -0.099335
v 3.550316 0.652149 -0.106820
v 3.538979 0.652149 -0.115710
v 3.529100 0.652149 -0.125913
v 3.520784 0.652149 -0.137335
v 3.514135 0.652149 -0.149882
v 3.509257 0.652149 -0.163460
v 3.506253 0.652149 -0.177976
v 3.505229 0.652149 -0.193335
v 3.506217 0.652149 -0.208905
v 3.509127 0.652149 -0.223558
v 3.513885 0.652149 -0.237210
v 3.520414 0.652149 -0.249780
v 3.528638 0.652149 -0.261183
v 3.538479 0.652149 -0.271335
v 3.549862 0.652149 -0.280155
v 3.562711 0.652149 -0.287558
v 3.576948 0.652149 -0.293460
v 3.592497 0.652149 -0.297780
v 3.609283 0.652149 -0.300433
v 3.627229 0.652149 -0.301335
v 3.644046 0.652149 -0.300394
v 3.659928 0.652149 -0.297641
v 3.674776 0.652149 -0.293179
v 3.688488 0.652149 -0.287113
v 3.700965 0.652149 -0.279547
v 3.712104 0.652149 -0.270585
v 3.721806 0.652149 -0.260332
v 3.729970 0.652149 -0.248891
v 3.736495 0.652149 -0.236367
v 3.741280 0.652149 -0.222863
v 3.744225 0.652149 -0.208485
v 0.301229 0.652149 -0.448335
v 0.160339 0.652149 -0.603112
v 0.000229 0.652149 -0.683335
v 0.253229 0.652149 -0.362335
v 0.284689 0.652149 -0.000942
v 0.334883 0.652149 -0.000068
v 0.351229 0.652149 -0.361335
v 0.604229 0.652149 -0.683335
v 0.457244 0.652149 -0.611841
v 0.966229 0.652149 -0.687335
v 0.897229 0.652149 -0.687335
v 0.604229 0.652149 -0.001335
v 0.704229 0.652149 -0.001335
v 0.790229 0.652149 -0.202335
v 1.080229 0.652149 -0.202335
v 1.171229 0.652149 -0.001335
v 1.271229 0.652149 -0.001335
v 0.930229 0.652149 -0.537335
v 1.040229 0.652149 -0.290335
v 0.828229 0.652149 -0.290335
v 1.858229 0.652149 -0.683335
v 1.288229 0.652149 -0.683335
v 1.288229 0.652149 -0.595335
v 1.524229 0.652149 -0.595335
v 1.524229 0.652149 -0.001335
v 1.622229 0.652149 -0.001335
v 1.622229 0.652149 -0.595335
v 1.858229 0.652149 -0.595335
v 2.345229 0.652149 -0.342335
v 2.343421 0.652149 -0.393337
v 2.338099 0.652149 -0.441178
v 2.329417 0.652149 -0.485617
v 2.317525 0.652149 -0.526410
v 2.302579 0.652149 -0.563313
v 2.284729 0.652149 -0.596085
v 2.264130 0.652149 -0.624482
v 2.240933 0.652149 -0.648261
v 2.215292 0.652149 -0.667179
v 2.187359 0.652149 -0.680993
v 2.157287 0.652149 -0.689459
v 2.125229 0.652149 -0.692335
v 2.093171 0.652149 -0.689459
v 2.063100 0.652149 -0.680993
v 2.035167 0.652149 -0.667179
v 2.009526 0.652149 -0.648261
v 1.986329 0.652149 -0.624482
v 1.965729 0.652149 -0.596085
v 1.947880 0.652149 -0.563313
v 1.932933 0.652149 -0.526410
v 1.921042 0.652149 -0.485617
v 1.912359 0.652149 -0.441178
v 1.907037 0.652149 -0.393337
v 1.905229 0.652149 -0.342335
v 1.907037 0.652149 -0.291334
v 1.912359 0.652149 -0.243493
v 1.921042 0.652149 -0.199054
v 1.932933 0.652149 -0.158261
v 1.947880 0.652149 -0.121357
v 1.965729 0.652149 -0.088585
v 1.986329 0.652149 -0.060188
v 2.009526 0.652149 -0.036409
v 2.035167 0.652149 -0.017492
v 2.063100 0.652149 -0.003678
v 2.093171 0.652149 0.004788
v 2.125229 0.652149 0.007665
v 2.157287 0.652149 0.004788
v 2.187359 0.652149 -0.003678
v 2.215292 0.652149 -0.017492
v 2.240933 0.652149 -0.036409
v 2.264129 0.652149 -0.060188
v 2.284729 0.652149 -0.088585
v 2.302578 0.652149 -0.121357
v 2.317525 0.652149 -0.158261
v 2.329416 0.652149 -0.199054
v 2.338099 0.652149 -0.243493
v 2.343421 0.652149 -0.291334
v 2.171148 0.652149 -0.347582
v 2.169254 0.652149 -0.311286
v 2.163832 0.652149 -0.281917
v 2.155270 0.652149 -0.258757
v 2.143959 0.652149 -0.241087
v 2.130286 0.652149 -0.228188
v 2.114640 0.652149 -0.219341
v 2.097412 0.652149 -0.213828
v 2.078989 0.652149 -0.210929
v 2.059760 0.652149 -0.209925
v 2.040115 0.652149 -0.210099
v 2.020443 0.652149 -0.210730
v 2.001133 0.652149 -0.211100
v 1.986688 0.652149 -0.213528
v 1.980389 0.652149 -0.220459
v 1.980794 0.652149 -0.231364
v 1.986458 0.652149 -0.245714
v 1.995936 0.652149 -0.262980
v 2.007787 0.652149 -0.282633
v 2.020564 0.652149 -0.304143
v 2.032825 0.652149 -0.326982
v 2.043126 0.652149 -0.350620
v 2.050023 0.652149 -0.374529
v 2.052072 0.652149 -0.398179
v 2.047829 0.652149 -0.421040
v 2.037472 0.652149 -0.462338
v 2.032191 0.652149 -0.500273
v 2.031322 0.652149 -0.533780
v 2.034197 0.652149 -0.561793
v 2.040151 0.652149 -0.583248
v 2.048519 0.652149 -0.597079
v 2.058634 0.652149 -0.602220
v 2.069830 0.652149 -0.597606
v 2.081442 0.652149 -0.582171
v 2.092803 0.652149 -0.554851
v 2.103249 0.652149 -0.514579
v 2.112112 0.652149 -0.460290
v 2.143948 0.652149 -0.521345
v 2.167186 0.652149 -0.562584
v 2.182939 0.652149 -0.586110
v 2.192316 0.652149 -0.594025
v 2.196428 0.652149 -0.588431
v 2.196388 0.652149 -0.571430
v 2.193305 0.652149 -0.545124
v 2.188291 0.652149 -0.511614
v 2.182457 0.652149 -0.473003
v 2.176915 0.652149 -0.431393
v 2.172775 0.652149 -0.388885
v 2.845229 0.652149 -0.342335
v 2.843421 0.652149 -0.393337
v 2.838099 0.652149 -0.441178
v 2.829417 0.652149 -0.485617
v 2.817525 0.652149 -0.526410
v 2.802579 0.652149 -0.563313
v 2.784729 0.652149 -0.596085
v 2.764130 0.652149 -0.624482
v 2.740933 0.652149 -0.648261
v 2.715292 0.652149 -0.667179
v 2.687359 0.652149 -0.680993
v 2.657287 0.652149 -0.689459
v 2.625229 0.652149 -0.692335
v 2.593171 0.652149 -0.689459
v 2.563100 0.652149 -0.680993
v 2.535167 0.652149 -0.667179
v 2.509526 0.652149 -0.648261
v 2.486329 0.652149 -0.624482
v 2.465729 0.652149 -0.596085
v 2.447880 0.652149 -0.563313
v 2.432933 0.652149 -0.526410
v 2.421042 0.652149 -0.485617
v 2.412359 0.652149 -0.441178
v 2.407037 0.652149 -0.393337
v 2.405229 0.652149 -0.342335
v 2.407037 0.652149 -0.291334
v 2.412359 0.652149 -0.243493
v 2.421042 0.652149 -0.199054
v 2.432933 0.652149 -0.158261
v 2.447880 0.652149 -0.121357
v 2.465729 0.652149 -0.088585
v 2.486329 0.652149 -0.060188
v 2.509525 0.652149 -0.036409
v 2.535167 0.652149 -0.017492
v 2.563099 0.652149 -0.003678
v 2.593171 0.652149 0.004788
v 2.625229 0.652149 0.007665
v 2.657287 0.652149 0.004788
v 2.687359 0.652149 -0.003678
v 2.715292 0.652149 -0.017492
v 2.740933 0.652149 -0.036409
v 2.764129 0.652149 -0.060188
v 2.784729 0.652149 -0.088585
v 2.802578 0.652149 -0.121357
v 2.817525 0.652149 -0.158261
v 2.829416 0.652149 -0.199054
v 2.838099 0.652149 -0.243493
v 2.843421 0.652149 -0.291334
v 2.747229 0.652149 -0.342335
v 2.746280 0.652149 -0.303668
v 2.743470 0.652149 -0.267743
v 2.738854 0.652149 -0.234679
v 2.732488 0.652149 -0.204595
v 2.724428 0.652149 -0.177607
v 2.714729 0.652149 -0.153835
v 2.703446 0.652149 -0.133397
v 2.690636 0.652149 -0.116409
v 2.676354 0.652149 -0.102992
v 2.660655 0.652149 -0.093261
v 2.643594 0.652149 -0.087337
v 2.625229 0.652149 -0.085335
v 2.606863 0.652149 -0.087337
v 2.589803 0.652149 -0.093261
v 2.574104 0.652149 -0.102992
v 2.559822 0.652149 -0.116409
v 2.547011 0.652149 -0.133397
v 2.535729 0.652149 -0.153835
v 2.526030 0.652149 -0.177607
v 2.517970 0.652149 -0.204595
v 2.511604 0.652149 -0.234679
v 2.506988 0.652149 -0.267743
v 2.504178 0.652149 -0.303668
v 2.503229 0.652149 -0.342335
v 2.504178 0.652149 -0.381003
v 2.506989 0.652149 -0.416928
v 2.511604 0.652149 -0.449992
v 2.517970 0.652149 -0.480076
v 2.526030 0.652149 -0.507063
v 2.535729 0.652149 -0.530835
v 2.547012 0.652149 -0.551274
v 2.559822 0.652149 -0.568261
v 2.574105 0.652149 -0.581679
v 2.589804 0.652149 -0.591410
v 2.606864 0.652149 -0.597334
v 2.625229 0.652149 -0.599335
v 2.643595 0.652149 -0.597334
v 2.660655 0.652149 -0.591410
v 2.676354 0.652149 -0.581679
v 2.690637 0.652149 -0.568261
v 2.703447 0.652149 -0.551274
v 2.714729 0.652149 -0.530835
v 2.724428 0.652149 -0.507063
v 2.732489 0.652149 -0.480076
v 2.738854 0.652149 -0.449992
v 2.743470 0.652149 -0.416928
v 2.746280 0.652149 -0.381003
v 3.345229 0.652149 -0.342335
v 3.343421 0.652149 -0.393337
v 3.338099 0.652149 -0.441178
v 3.329417 0.652149 -0.485617
v 3.317525 0.652149 -0.526410
v 3.302579 0.652149 -0.563313
v 3.284729 0.652149 -0.596085
v 3.264130 0.652149 -0.624482
v 3.240933 0.652149 -0.648261
v 3.215292 0.652149 -0.667179
v 3.187359 0.652149 -0.680993
v 3.157287 0.652149 -0.689459
v 3.125229 0.652149 -0.692335
v 3.093171 0.652149 -0.689459
v 3.063100 0.652149 -0.680993
v 3.035167 0.652149 -0.667179
v 3.009526 0.652149 -0.648261
v 2.986329 0.652149 -0.624482
v 2.965729 0.652149 -0.596085
v 2.947880 0.652149 -0.563313
v 2.932933 0.652149 -0.526410
v 2.921042 0.652149 -0.485617
v 2.912359 0.652149 -0.441178
v 2.907037 0.652149 -0.393337
v 2.905229 0.652149 -0.342335
v 2.907037 0.652149 -0.291334
v 2.912359 0.652149 -0.243493
v 2.921042 0.652149 -0.199054
v 2.932933 0.652149 -0.158261
v 2.947880 0.652149 -0.121357
v 2.965729 0.652149 -0.088585
v 2.986329 0.652149 -0.060188
v 3.009525 0.652149 -0.036409
v 3.035167 0.652149 -0.017492
v 3.063099 0.652149 -0.003678
v 3.093171 0.652149 0.004788
v 3.125229 0.652149 0.007665
v 3.157287 0.652149 0.004788
v 3.187359 0.652149 -0.003678
v 3.215292 0.652149 -0.017492
v 3.240933 0.652149 -0.036409
v 3.264129 0.652149 -0.060188
v 3.284729 0.652149 -0.088585
v 3.302578 0.652149 -0.121357
v 3.317525 0.652149 -0.158261
v 3.329416 0.652149 -0.199054
v 3.338099 0.652149 -0.243493
v 3.343421 0.652149 -0.291334
v 3.247229 0.652149 -0.342335
v 3.246280 0.652149 -0.303668
v 3.243470 0.652149 -0.267743
v 3.238854 0.652149 -0.234679
v 3.232488 0.652149 -0.204595
v 3.224428 0.652149 -0.177607
v 3.214729 0.652149 -0.153835
v 3.203446 0.652149 -0.133397
v 3.190636 0.652149 -0.116409
v 3.176354 0.652149 -0.102992
v 3.160655 0.652149 -0.093261
v 3.143594 0.652149 -0.087337
v 3.125229 0.652149 -0.085335
v 3.106863 0.652149 -0.087337
v 3.089803 0.652149 -0.093261
v 3.074104 0.652149 -0.102992
v 3.059822 0.652149 -0.116409
v 3.047011 0.652149 -0.133397
v 3.035729 0.652149 -0.153835
v 3.026030 0.652149 -0.177607
v 3.017970 0.652149 -0.204595
v 3.011604 0.652149 -0.234679
v 3.006988 0.652149 -0.267743
v 3.004178 0.652149 -0.303668
v 3.003229 0.652149 -0.342335
v 3.004178 0.652149 -0.381003
v 3.006989 0.652149 -0.416928
v 3.011604 0.652149 -0.449992
v 3.017970 0.652149 -0.480076
v 3.026030 0.652149 -0.507063
v 3.035729 0.652149 -0.530835
v 3.047012 0.652149 -0.551274
v 3.059822 0.652149 -0.568261
v 3.074105 0.652149 -0.581679
v 3.089804 0.652149 -0.591410
v 3.106864 0.652149 -0.597334
v 3.125229 0.652149 -0.599335
v 3.143595 0.652149 -0.597334
v 3.160655 0.652149 -0.591410
v 3.176354 0.652149 -0.581679
v 3.190637 0.652149 -0.568261
v 3.203447 0.652149 -0.551274
v 3.214729 0.652149 -0.530835
v 3.224428 0.652149 -0.507063
v 3.232489 0.652149 -0.480076
v 3.238854 0.652149 -0.449992
v 3.243470 0.652149 -0.416928
v 3.246280 0.652149 -0.381003
vn -0.0000 -1.0000 -0.0000
vn -0.0000 1.0000 -0.0000
vn 0.9443 -0.0000 0.3291
vn -0.9269 -0.0000 -0.3754
vn -0.9790 -0.0000 -0.2038
vn 0.9476 -0.0000 -0.3195
vn 0.8782 -0.0000 -0.4783
vn -0.9426 -0.0000 0.3340
vn 0.7286 -0.0000 0.6850
vn 0.9269 -0.0000 -0.3754
vn 0.5268 -0.0000 0.8500
vn 0.8095 -0.0000 -0.5872
vn -0.7488 -0.0000 0.6628
vn -0.5268 -0.0000 0.8500
vn 0.8755 -0.0000 0.4833
vn 0.4531 -0.0000 0.8915
vn 0.9798 -0.0000 -0.2000
vn -0.8755 -0.0000 0.4833
vn -0.3810 -0.0000 0.9246
vn 0.8196 -0.0000 0.5729
vn 0.6847 -0.0000 0.7288
vn 0.9808 -0.0000 0.1948
vn -0.8313 -0.0000 0.5558
vn -0.6847 -0.0000 0.7288
vn -0.7991 -0.0000 0.6012
vn -0.9797 -0.0000 0.2006
vn 0.9259 -0.0000 0.3778
vn -0.9259 -0.0000 0.3778
vn -0.9930 -0.0000 -0.1183
vn 0.8934 -0.0000 0.4493
vn 0.7984 -0.0000 0.6021
vn -0.9793 -0.0000 -0.2024
vn -0.9600 -0.0000 -0.2799
vn -0.7984 -0.0000 0.6021
vn 0.8556 -0.0000 0.5176
vn 0.9930 -0.0000 -0.1185
vn -0.8984 -0.0000 0.4392
vn -0.8782 -0.0000 -0.4783
vn 0.9600 -0.0000 -0.2799
vn 0.9980 -0.0000 0.0633
vn -0.9978 -0.0000 0.0662
vn 0.9814 -0.0000 -0.1922
vn 0.9582 -0.0000 0.2862
vn -0.9582 -0.0000 0.2862
vn -0.9993 -0.0000 -0.0379
vn 0.9477 -0.0000 0.3193
vn 0.6450 -0.0000 0.7642
vn -0.9487 -0.0000 0.3160
vn -0.9814 -0.0000 -0.1918
vn -0.8057 -0.0000 0.5923
vn 0.9992 -0.0000 -0.0389
vn -1.0000 -0.0000 -0.0024
vn 0.9821 -0.0000 0.1883
vn 0.9814 -0.0000 -0.1918
vn 0.9978 -0.0000 -0.0665
vn -0.9819 -0.0000 0.1893
vn -0.9982 -0.0000 -0.0603
vn 0.9783 -0.0000 0.2070
vn 0.8309 -0.0000 0.5564
vn -0.9978 -0.0000 -0.0670
vn -0.9783 -0.0000 0.2070
vn -0.9973 -0.0000 0.0732
vn 0.9636 -0.0000 0.2674
vn -0.9233 -0.0000 0.3840
vn 0.9980 -0.0000 -0.0635
vn 0.9904 -0.0000 0.1383
vn 0.9974 -0.0000 0.0718
vn -0.9904 -0.0000 0.1383
vn -0.9932 -0.0000 -0.1164
vn -0.9831 -0.0000 -0.1831
vn 0.9981 -0.0000 0.0609
vn -0.9981 -0.0000 0.0623
vn -0.9939 -0.0000 -0.1106
vn 0.9793 -0.0000 -0.2026
vn -0.9517 -0.0000 -0.3071
vn 0.9974 -0.0000 -0.0721
vn 0.9939 -0.0000 -0.1106
vn -0.9991 -0.0000 0.0431
vn 0.9970 -0.0000 0.0780
vn 0.8712 -0.0000 0.4909
vn 0.9411 -0.0000 -0.3381
vn -0.9974 -0.0000 -0.0720
vn -0.9970 -0.0000 0.0780
vn -0.9757 -0.0000 0.2190
vn 0.9948 -0.0000 0.1021
vn -0.9994 -0.0000 -0.0354
vn -0.9680 -0.0000 0.2511
vn 0.9990 -0.0000 0.0439
vn 0.9766 -0.0000 0.2152
vn -0.9890 -0.0000 -0.1480
vn -0.9027 -0.0000 -0.4302
vn 0.9772 -0.0000 -0.2125
vn 0.9994 -0.0000 -0.0354
vn -0.9771 -0.0000 -0.2127
vn 0.9997 -0.0000 0.0245
vn 0.9997 -0.0000 -0.0259
vn 0.8836 -0.0000 -0.4683
vn -0.9916 -0.0000 0.1294
vn -0.9997 -0.0000 0.0245
vn -0.8357 -0.0000 -0.5492
vn -0.9994 -0.0000 0.0354
vn 0.9915 -0.0000 0.1302
vn 0.8084 -0.0000 -0.5886
vn -0.9869 -0.0000 0.1611
vn -0.9335 -0.0000 0.3587
vn 0.9389 -0.0000 -0.3441
vn 0.9997 -0.0000 -0.0245
vn 0.8867 -0.0000 0.4624
vn -0.9385 -0.0000 -0.3452
vn -0.9997 -0.0000 -0.0245
vn -0.9888 -0.0000 -0.1494
vn 0.9355 -0.0000 0.3534
vn -0.7510 -0.0000 -0.6604
vn 0.9768 -0.0000 0.2143
vn 0.9994 -0.0000 0.0354
vn 0.9905 -0.0000 -0.1379
vn -0.9767 -0.0000 0.2145
vn 0.9970 -0.0000 -0.0780
vn 0.7185 -0.0000 -0.6956
vn -0.9970 -0.0000 -0.0780
vn -0.6503 -0.0000 -0.7596
vn 0.8854 -0.0000 -0.4649
vn -0.8842 -0.0000 -0.4672
vn -0.9939 -0.0000 0.1106
vn -0.9912 -0.0000 -0.1320
vn 0.6171 -0.0000 -0.7869
vn -0.8729 -0.0000 0.4879
vn 0.9552 -0.0000 0.2959
vn 0.9939 -0.0000 0.1106
vn 0.9700 -0.0000 -0.2433
vn -0.9548 -0.0000 0.2973
vn 0.9904 -0.0000 -0.1383
vn 0.8761 -0.0000 0.4821
vn -0.9904 -0.0000 -0.1383
vn -0.5372 -0.0000 -0.8434
vn 0.8187 -0.0000 -0.5742
vn -0.8163 -0.0000 -0.5776
vn -0.9814 -0.0000 0.1918
vn -0.9953 -0.0000 -0.0969
vn 0.5080 -0.0000 -0.8614
vn -0.4162 -0.0000 -0.9093
vn 0.9271 -0.0000 0.3747
vn 0.9814 -0.0000 0.1918
vn 0.9832 -0.0000 -0.1825
vn -0.9264 -0.0000 0.3765
vn -0.9783 -0.0000 -0.2070
vn 0.9963 -0.0000 0.0863
vn 0.3945 -0.0000 -0.9189
vn -0.2924 -0.0000 -0.9563
vn 0.7408 -0.0000 -0.6717
vn 0.9783 -0.0000 -0.2070
vn -0.7368 -0.0000 -0.6762
vn -0.9582 -0.0000 -0.2862
vn 0.2794 -0.0000 -0.9602
vn -0.9992 -0.0000 -0.0394
vn -0.1705 -0.0000 -0.9853
vn 0.8928 -0.0000 0.4504
vn 0.9582 -0.0000 -0.2862
vn -0.8923 -0.0000 0.4515
vn -0.9600 -0.0000 0.2799
vn 0.9608 -0.0000 0.2772
vn 0.1653 -0.0000 -0.9862
vn -0.7972 -0.0000 0.6038
vn 0.6524 -0.0000 -0.7579
vn 0.9600 -0.0000 0.2799
vn 0.9167 -0.0000 0.3995
vn -0.6467 -0.0000 -0.7627
vn -0.9259 -0.0000 -0.3778
vn -0.9986 -0.0000 -0.0521
vn 0.8012 -0.0000 0.5984
vn -0.0546 -0.0000 -0.9985
vn 0.8527 -0.0000 0.5225
vn 0.9259 -0.0000 -0.3778
vn -0.9269 -0.0000 0.3754
vn 0.5541 -0.0000 -0.8325
vn 0.0539 -0.0000 -0.9985
vn -0.5469 -0.0000 -0.8372
vn 0.9269 -0.0000 0.3754
vn 0.8811 -0.0000 0.4730
vn -0.7094 -0.0000 0.7048
vn -0.8533 -0.0000 0.5214
vn -0.8755 -0.0000 -0.4833
vn -0.9834 -0.0000 -0.1816
vn 0.7138 -0.0000 0.7003
vn 0.4459 -0.0000 -0.8951
vn 0.8755 -0.0000 -0.4833
vn 0.8598 -0.0000 0.5107
vn -0.6123 -0.0000 0.7906
vn -0.4380 -0.0000 -0.8990
vn -0.7984 -0.0000 -0.6021
vn 0.6167 -0.0000 0.7872
vn 0.8070 -0.0000 0.5906
vn 0.7984 -0.0000 -0.6021
vn -0.5084 -0.0000 0.8611
vn -0.8103 -0.0000 0.5861
vn -0.8782 -0.0000 0.4783
vn 0.8564 -0.0000 0.5164
vn -0.9380 -0.0000 -0.3467
vn 0.5122 -0.0000 0.8589
vn 0.3282 -0.0000 -0.9446
vn 0.8782 -0.0000 0.4783
vn -0.3993 -0.0000 0.9168
vn -0.3206 -0.0000 -0.9472
vn -0.6847 -0.0000 -0.7288
vn 0.8766 -0.0000 0.4812
vn -0.8422 -0.0000 -0.5392
vn 0.4023 -0.0000 0.9155
vn 0.2018 -0.0000 -0.9794
vn 0.6847 -0.0000 -0.7288
vn -0.2868 -0.0000 0.9580
vn -0.1959 -0.0000 -0.9806
vn -0.5268 -0.0000 -0.8500
vn 0.9302 -0.0000 0.3671
vn 0.2888 -0.0000 0.9574
vn 0.0682 -0.0000 -0.9977
vn 0.5268 -0.0000 -0.8500
vn -0.1722 -0.0000 0.9851
vn -0.0658 -0.0000 -0.9978
vn -0.3281 -0.0000 -0.9447
vn -0.6862 -0.0000 -0.7274
vn 0.1733 -0.0000 0.9849
vn 0.3281 -0.0000 -0.9447
vn -0.0570 -0.0000 0.9984
vn 0.7562 -0.0000 0.6543
vn -0.8095 -0.0000 0.5872
vn 0.0573 -0.0000 0.9984
vn -0.7641 -0.0000 0.6451
vn 0.9993 -0.0000 0.0371
vn -0.4922 -0.0000 -0.8705
vn 0.8094 -0.0000 0.5872
vn 0.7010 -0.0000 0.7132
vn -0.1083 -0.0000 -0.9941
vn -0.7154 -0.0000 0.6987
vn 0.7401 -0.0000 -0.6725
vn -0.3048 -0.0000 -0.9524
vn 0.1083 -0.0000 -0.9941
vn 0.6420 -0.0000 0.7667
vn -0.1554 -0.0000 -0.9878
vn -0.6650 -0.0000 0.7469
vn -0.7158 -0.0000 0.6983
vn 0.1658 -0.0000 -0.9862
vn 0.5798 -0.0000 0.8147
vn 0.7158 -0.0000 0.6983
vn -0.6133 -0.0000 0.7898
vn -0.5937 -0.0000 0.8047
vn 0.0192 -0.0000 -0.9998
vn -0.0521 -0.0000 -0.9986
vn -0.5334 -0.0000 -0.8458
vn 0.5937 -0.0000 0.8047
vn -0.4433 -0.0000 0.8964
vn 0.8095 -0.0000 0.5872
vn 0.0321 -0.0000 -0.9995
vn 0.5052 -0.0000 -0.8630
vn 0.0088 -0.0000 -1.0000
vn -0.9196 -0.0000 -0.3928
vn 0.5855 -0.0000 -0.8107
vn 0.4433 -0.0000 0.8964
vn -0.5931 -0.0000 -0.8051
vn -0.2710 -0.0000 0.9626
vn -0.0000 -0.0000 -1.0000
vn 0.6613 -0.0000 -0.7501
vn 0.2710 -0.0000 0.9626
vn -0.6547 -0.0000 -0.7559
vn -0.0894 -0.0000 0.9960
vn 0.9138 -0.0000 -0.4063
vn 0.0894 -0.0000 0.9960
vn -0.7854 -0.0000 0.6190
vn -0.0589 -0.0000 -0.9983
vn 0.7310 -0.0000 -0.6823
vn 0.4480 -0.0000 -0.8940
vn -0.7166 -0.0000 -0.6975
vn 0.0617 -0.0000 -0.9981
vn -0.4374 -0.0000 -0.8993
vn -0.1785 -0.0000 -0.9839
vn 0.7863 -0.0000 0.6178
vn -0.7235 -0.0000 -0.6903
vn 0.1869 -0.0000 -0.9824
vn 0.7935 -0.0000 -0.6086
vn -0.2980 -0.0000 -0.9546
vn -0.7767 -0.0000 -0.6298
vn 0.7395 -0.0000 -0.6732
vn 0.3115 -0.0000 -0.9503
vn 0.9243 -0.0000 0.3817
vn 0.0502 -0.0000 0.9987
vn -0.4152 -0.0000 -0.9097
vn -0.9135 -0.0000 0.4068
vn -0.0559 -0.0000 0.9984
vn 0.4324 -0.0000 -0.9017
vn -0.0894 -0.0000 -0.9960
vn -0.9962 -0.0000 0.0867
vn 0.1561 -0.0000 0.9877
vn -0.5279 -0.0000 -0.8493
vn -0.1708 -0.0000 0.9853
vn 0.0894 -0.0000 -0.9960
vn -0.0174 -0.0000 0.9998
vn 0.9990 -0.0000 0.0452
vn 0.5472 -0.0000 -0.8370
vn 0.2710 -0.0000 -0.9626
vn 0.2676 -0.0000 0.9635
vn -0.6338 -0.0000 -0.7735
vn -0.2710 -0.0000 -0.9626
vn -0.2878 -0.0000 0.9577
vn 0.6532 -0.0000 -0.7572
vn 0.4433 -0.0000 -0.8964
vn -0.0000 -0.0000 1.0000
vn 0.8478 -0.0000 -0.5303
vn -0.7306 -0.0000 -0.6828
vn -0.4433 -0.0000 -0.8964
vn -0.8328 -0.0000 -0.5536
vn 0.7480 -0.0000 -0.6636
vn 0.5937 -0.0000 -0.8047
vn 0.9194 -0.0000 0.3934
vn 0.3830 -0.0000 0.9238
vn -0.8159 -0.0000 -0.5782
vn -0.5937 -0.0000 -0.8047
vn -0.9110 -0.0000 0.4124
vn -0.4046 -0.0000 0.9145
vn -0.7158 -0.0000 -0.6983
vn -1.0000 -0.0000 -0.0000
vn 0.4992 -0.0000 0.8665
vn -0.5185 -0.0000 0.8551
vn 0.8298 -0.0000 -0.5580
vn 0.7158 -0.0000 -0.6983
vn -0.8095 -0.0000 -0.5872
vn 1.0000 -0.0000 -0.0000
vn 0.0520 -0.0000 0.9986
vn 0.8935 -0.0000 -0.4490
vn -0.0604 -0.0000 0.9982
vn -0.8825 -0.0000 -0.4704
vn 0.1611 -0.0000 0.9869
vn 0.6125 -0.0000 0.7905
vn -0.1838 -0.0000 0.9830
vn -0.6268 -0.0000 0.7792
vn 0.1083 -0.0000 0.9941
vn -0.8871 -0.0000 -0.4615
vn -0.1083 -0.0000 0.9941
vn 0.7180 -0.0000 0.6960
vn -0.7264 -0.0000 0.6873
vn 0.2755 -0.0000 0.9613
vn 0.3281 -0.0000 0.9447
vn -0.3281 -0.0000 0.9447
vn -0.9240 -0.0000 -0.3825
vn 0.8968 -0.0000 -0.4425
vn -0.3078 -0.0000 0.9515
vn 0.9306 -0.0000 -0.3661
vn 0.3931 -0.0000 0.9195
vn 0.8111 -0.0000 0.5849
vn -0.4293 -0.0000 0.9032
vn -0.8140 -0.0000 0.5808
vn -0.9562 -0.0000 -0.2927
vn 0.5106 -0.0000 0.8598
vn -0.5453 -0.0000 0.8383
vn 0.9592 -0.0000 -0.2828
vn 0.6240 -0.0000 0.7814
vn 0.8874 -0.0000 0.4609
vn -0.6527 -0.0000 0.7576
vn -0.8869 -0.0000 0.4620
vn -0.9422 -0.0000 -0.3352
vt -0.102371 0.409355
vt -0.026128 0.587862
vt -0.008173 0.587862
vt -0.017541 0.548830
vt 0.071192 0.409355
vt -0.193706 0.503293
vt -0.259540 0.586821
vt -0.217877 0.565946
vt -0.140618 0.568217
vt -0.102371 0.586821
vt -0.168205 0.503032
vt -0.181215 0.525671
vt -0.044083 0.484557
vt 0.011082 0.484557
vt -0.185519 0.409253
vt -0.172458 0.409026
vt -0.053971 0.461658
vt 0.021491 0.461658
vt -0.076349 0.409355
vt 0.045170 0.409355
vt 0.075615 0.563922
vt 0.075615 0.586821
vt 0.223937 0.586821
vt 0.223937 0.563922
vt 0.137026 0.563922
vt 0.137026 0.409355
vt 0.162527 0.563922
vt 0.162527 0.409355
vt 0.285072 0.588415
vt 0.293414 0.589163
vt 0.301756 0.588415
vt 0.309581 0.586211
vt 0.277247 0.586211
vt 0.316849 0.582617
vt 0.269979 0.582617
vt 0.323522 0.577694
vt 0.263306 0.577694
vt 0.257270 0.571507
vt 0.329558 0.571507
vt 0.251910 0.564117
vt 0.276085 0.565714
vt 0.334918 0.564117
vt 0.273453 0.564376
vt 0.278998 0.564513
vt 0.282020 0.560497
vt 0.310871 0.563581
vt 0.271276 0.560777
vt 0.247265 0.555590
vt 0.339563 0.555590
vt 0.308431 0.561522
vt 0.311941 0.562126
vt 0.311930 0.557702
vt 0.304332 0.555400
vt 0.269726 0.555194
vt 0.284976 0.553388
vt 0.311128 0.550857
vt 0.243376 0.545987
vt 0.343452 0.545987
vt 0.298285 0.544669
vt 0.268978 0.547905
vt 0.287694 0.542908
vt 0.309824 0.542137
vt 0.269204 0.539186
vt 0.240282 0.535372
vt 0.346546 0.535372
vt 0.290001 0.528782
vt 0.308306 0.532090
vt 0.270578 0.529314
vt 0.238022 0.523808
vt 0.348806 0.523808
vt 0.306863 0.521262
vt 0.273273 0.518568
vt 0.236637 0.511359
vt 0.350190 0.511359
vt 0.305786 0.510201
vt 0.274377 0.512619
vt 0.273844 0.506465
vt 0.236167 0.498088
vt 0.350661 0.498088
vt 0.305363 0.499454
vt 0.272050 0.500244
vt 0.269369 0.494093
vt 0.304870 0.490009
vt 0.236637 0.484817
vt 0.350190 0.484817
vt 0.266179 0.488150
vt 0.303459 0.482367
vt 0.262854 0.482553
vt 0.238022 0.472368
vt 0.348806 0.472368
vt 0.259770 0.477439
vt 0.301231 0.476340
vt 0.257304 0.472946
vt 0.298288 0.471742
vt 0.255830 0.469212
vt 0.240282 0.460805
vt 0.346546 0.460805
vt 0.294730 0.468386
vt 0.255725 0.466374
vt 0.290659 0.466083
vt 0.257364 0.464571
vt 0.286175 0.464649
vt 0.281382 0.463894
vt 0.261122 0.463939
vt 0.266147 0.463843
vt 0.276378 0.463633
vt 0.271266 0.463678
vt 0.243376 0.450190
vt 0.343452 0.450190
vt 0.247265 0.440587
vt 0.339563 0.440587
vt 0.251910 0.432059
vt 0.334918 0.432059
vt 0.257270 0.424670
vt 0.329558 0.424670
vt 0.263306 0.418482
vt 0.323522 0.418482
vt 0.269979 0.413560
vt 0.316849 0.413560
vt 0.277247 0.409965
vt 0.309581 0.409965
vt 0.285072 0.407762
vt 0.301756 0.407762
vt 0.293414 0.407014
vt 0.415179 0.588415
vt 0.423521 0.589163
vt 0.431863 0.588415
vt 0.439688 0.586211
vt 0.407354 0.586211
vt 0.446956 0.582617
vt 0.400085 0.582617
vt 0.453628 0.577694
vt 0.393413 0.577694
vt 0.387377 0.571507
vt 0.459664 0.571507
vt 0.382017 0.564117
vt 0.423521 0.564963
vt 0.465025 0.564117
vt 0.418742 0.564442
vt 0.428300 0.564442
vt 0.414302 0.562901
vt 0.432739 0.562901
vt 0.377372 0.555590
vt 0.469669 0.555590
vt 0.410217 0.560369
vt 0.436824 0.560369
vt 0.406501 0.556877
vt 0.440541 0.556877
vt 0.403167 0.552457
vt 0.443874 0.552457
vt 0.373483 0.545987
vt 0.473559 0.545987
vt 0.400232 0.547138
vt 0.446810 0.547138
vt 0.397708 0.540953
vt 0.449334 0.540953
vt 0.370388 0.535372
vt 0.476653 0.535372
vt 0.395610 0.533930
vt 0.451431 0.533930
vt 0.368129 0.523808
vt 0.478912 0.523808
vt 0.393954 0.526102
vt 0.453087 0.526102
vt 0.392753 0.517498
vt 0.454289 0.517498
vt 0.366744 0.511359
vt 0.480297 0.511359
vt 0.392022 0.508150
vt 0.455020 0.508150
vt 0.366274 0.498088
vt 0.480768 0.498088
vt 0.391775 0.498088
vt 0.455267 0.498088
vt 0.366744 0.484817
vt 0.392021 0.488026
vt 0.455020 0.488026
vt 0.480297 0.484817
vt 0.392753 0.478678
vt 0.454288 0.478678
vt 0.368129 0.472368
vt 0.478912 0.472368
vt 0.393954 0.470075
vt 0.453087 0.470075
vt 0.370388 0.460805
vt 0.476653 0.460805
vt 0.451431 0.462246
vt 0.395610 0.462246
vt 0.449333 0.455224
vt 0.397708 0.455224
vt 0.373483 0.450190
vt 0.473559 0.450190
vt 0.446810 0.449038
vt 0.400231 0.449038
vt 0.377372 0.440587
vt 0.469669 0.440587
vt 0.443874 0.443720
vt 0.403167 0.443720
vt 0.440540 0.439299
vt 0.406501 0.439299
vt 0.382017 0.432059
vt 0.465025 0.432059
vt 0.436824 0.435808
vt 0.410217 0.435808
vt 0.432739 0.433276
vt 0.414302 0.433276
vt 0.428299 0.431734
vt 0.418742 0.431734
vt 0.387377 0.424670
vt 0.459664 0.424670
vt 0.423521 0.431213
vt 0.393413 0.418482
vt 0.453628 0.418482
vt 0.400085 0.413560
vt 0.446956 0.413560
vt 0.407354 0.409965
vt 0.439688 0.409965
vt 0.415179 0.407762
vt 0.431862 0.407762
vt 0.423521 0.407014
vt 0.545285 0.588415
vt 0.553627 0.589163
vt 0.561969 0.588415
vt 0.569794 0.586211
vt 0.537460 0.586211
vt 0.577063 0.582617
vt 0.530192 0.582617
vt 0.583735 0.577694
vt 0.523520 0.577694
vt 0.517484 0.571507
vt 0.589771 0.571507
vt 0.512123 0.564117
vt 0.553627 0.564963
vt 0.595131 0.564117
vt 0.548848 0.564442
vt 0.558406 0.564442
vt 0.544409 0.562901
vt 0.562846 0.562901
vt 0.507479 0.555590
vt 0.599776 0.555590
vt 0.540324 0.560369
vt 0.566931 0.560369
vt 0.536608 0.556877
vt 0.570647 0.556877
vt 0.533274 0.552457
vt 0.573981 0.552457
vt 0.503589 0.545987
vt 0.603665 0.545987
vt 0.530338 0.547138
vt 0.576916 0.547138
vt 0.527814 0.540953
vt 0.579440 0.540953
vt 0.500495 0.535372
vt 0.606760 0.535372
vt 0.525717 0.533930
vt 0.581538 0.533930
vt 0.498236 0.523808
vt 0.609019 0.523808
vt 0.524061 0.526102
vt 0.583194 0.526102
vt 0.522860 0.517498
vt 0.584395 0.517498
vt 0.496851 0.511359
vt 0.610404 0.511359
vt 0.522128 0.508150
vt 0.585126 0.508150
vt 0.496380 0.498088
vt 0.610874 0.498088
vt 0.521881 0.498088
vt 0.585373 0.498088
vt 0.496851 0.484817
vt 0.522128 0.488026
vt 0.585126 0.488026
vt 0.610404 0.484817
vt 0.522859 0.478678
vt 0.584395 0.478678
vt 0.498236 0.472368
vt 0.609019 0.472368
vt 0.524060 0.470075
vt 0.583194 0.470075
vt 0.500495 0.460805
vt 0.606760 0.460805
vt 0.581538 0.462246
vt 0.525717 0.462246
vt 0.579440 0.455224
vt 0.527814 0.455224
vt 0.503589 0.450190
vt 0.603665 0.450190
vt 0.576916 0.449038
vt 0.530338 0.449038
vt 0.507479 0.440587
vt 0.599776 0.440587
vt 0.573980 0.443720
vt 0.533274 0.443720
vt 0.570647 0.439299
vt 0.536607 0.439299
vt 0.512123 0.432059
vt 0.595131 0.432059
vt 0.566931 0.435808
vt 0.540324 0.435808
vt 0.562845 0.433276
vt 0.544409 0.433276
vt 0.558406 0.431734
vt 0.548848 0.431734
vt 0.517484 0.424670
vt 0.589771 0.424670
vt 0.553627 0.431213
vt 0.523520 0.418482
vt 0.583735 0.418482
vt 0.530192 0.413560
vt 0.577063 0.413560
vt 0.537460 0.409965
vt 0.569794 0.409965
vt 0.545285 0.407762
vt 0.561969 0.407762
vt 0.553627 0.407014
vt 0.677981 0.588716
vt 0.685555 0.589163
vt 0.692871 0.588711
vt 0.670775 0.587409
vt 0.699820 0.587388
vt 0.663994 0.585292
vt 0.706352 0.585248
vt 0.657693 0.582417
vt 0.712415 0.582340
vt 0.651927 0.578833
vt 0.717958 0.578716
vt 0.646751 0.574591
vt 0.722929 0.574428
vt 0.642220 0.569742
vt 0.727276 0.569528
vt 0.638389 0.564337
vt 0.685035 0.564963
vt 0.730948 0.564067
vt 0.680924 0.564749
vt 0.688907 0.564729
vt 0.677061 0.564119
vt 0.692570 0.564044
vt 0.635314 0.558425
vt 0.673468 0.563089
vt 0.733894 0.558096
vt 0.696001 0.562934
vt 0.670164 0.561677
vt 0.699173 0.561426
vt 0.667172 0.559900
vt 0.702064 0.559546
vt 0.664511 0.557775
vt 0.704649 0.557319
vt 0.633049 0.552058
vt 0.736062 0.551667
vt 0.662202 0.555319
vt 0.706902 0.554773
vt 0.660267 0.552550
vt 0.708801 0.551933
vt 0.658725 0.549484
vt 0.631650 0.545287
vt 0.710320 0.548826
vt 0.737401 0.544831
vt 0.657598 0.546140
vt 0.711436 0.545477
vt 0.656907 0.542533
vt 0.712123 0.541914
vt 0.631171 0.538161
vt 0.737858 0.537641
vt 0.656672 0.538682
vt 0.712357 0.538161
vt 0.656931 0.535088
vt 0.631332 0.534422
vt 0.712103 0.534632
vt 0.737711 0.534299
vt 0.657686 0.531617
vt 0.711361 0.531226
vt 0.631811 0.530756
vt 0.737268 0.530925
vt 0.658900 0.528306
vt 0.710166 0.527976
vt 0.736525 0.527537
vt 0.632598 0.527171
vt 0.660536 0.525189
vt 0.708551 0.524919
vt 0.735478 0.524158
vt 0.633686 0.523676
vt 0.662560 0.522304
vt 0.706549 0.522090
vt 0.734124 0.520807
vt 0.635067 0.520278
vt 0.664934 0.519686
vt 0.704193 0.519523
vt 0.732459 0.517507
vt 0.636733 0.516986
vt 0.667622 0.517372
vt 0.701518 0.517255
vt 0.730480 0.514276
vt 0.670588 0.515397
vt 0.698557 0.515320
vt 0.638675 0.513808
vt 0.673797 0.513799
vt 0.695342 0.513754
vt 0.728182 0.511137
vt 0.640886 0.510752
vt 0.677212 0.512612
vt 0.691908 0.512592
vt 0.680796 0.511874
vt 0.688288 0.511868
vt 0.684515 0.511619
vt 0.725563 0.508111
vt 0.643356 0.507826
vt 0.722619 0.505216
vt 0.646079 0.505038
vt 0.719346 0.502476
vt 0.649046 0.502397
vt 0.715740 0.499910
vt 0.652248 0.499910
vt 0.648198 0.497356
vt 0.719670 0.497609
vt 0.723263 0.495014
vt 0.644506 0.494636
vt 0.726519 0.492144
vt 0.641169 0.491746
vt 0.729435 0.489019
vt 0.638187 0.488682
vt 0.684254 0.487420
vt 0.732012 0.485660
vt 0.635559 0.485441
vt 0.679585 0.487185
vt 0.688630 0.487175
vt 0.675217 0.486494
vt 0.692763 0.486458
vt 0.671171 0.485370
vt 0.696627 0.485297
vt 0.734248 0.482085
vt 0.633285 0.482020
vt 0.667466 0.483834
vt 0.700195 0.483719
vt 0.664122 0.481908
vt 0.703441 0.481750
vt 0.736142 0.478315
vt 0.631363 0.478414
vt 0.661160 0.479613
vt 0.706340 0.479418
vt 0.658600 0.476971
vt 0.708865 0.476750
vt 0.629793 0.474621
vt 0.737694 0.474370
vt 0.656460 0.474004
vt 0.710989 0.473773
vt 0.628573 0.470636
vt 0.738903 0.470270
vt 0.654761 0.470733
vt 0.712687 0.470514
vt 0.653523 0.467181
vt 0.627703 0.466455
vt 0.713932 0.467000
vt 0.739768 0.466034
vt 0.652765 0.463368
vt 0.714698 0.463259
vt 0.627181 0.462076
vt 0.740287 0.461682
vt 0.652508 0.459316
vt 0.714960 0.459316
vt 0.627007 0.457495
vt 0.740461 0.457235
vt 0.652775 0.455320
vt 0.714738 0.455648
vt 0.627518 0.450543
vt 0.739961 0.450288
vt 0.714074 0.452085
vt 0.653556 0.451543
vt 0.712971 0.448668
vt 0.654826 0.448009
vt 0.629007 0.443907
vt 0.738502 0.443666
vt 0.711432 0.445438
vt 0.656556 0.444745
vt 0.709459 0.442436
vt 0.658720 0.441772
vt 0.631415 0.437642
vt 0.736143 0.437422
vt 0.707056 0.439703
vt 0.661291 0.439117
vt 0.704224 0.437278
vt 0.664240 0.436804
vt 0.634679 0.431801
vt 0.732943 0.431609
vt 0.700966 0.435203
vt 0.667543 0.434856
vt 0.697285 0.433519
vt 0.671171 0.433299
vt 0.693185 0.432265
vt 0.675096 0.432157
vt 0.688667 0.431483
vt 0.679293 0.431453
vt 0.638738 0.426442
vt 0.728963 0.426279
vt 0.683734 0.431213
vt 0.643531 0.421618
vt 0.724262 0.421488
vt 0.648996 0.417385
vt 0.718900 0.417287
vt 0.655072 0.413798
vt 0.712936 0.413731
vt 0.661697 0.410913
vt 0.706429 0.410872
vt 0.668810 0.408783
vt 0.699441 0.408764
vt 0.676350 0.407465
vt 0.692029 0.407460
vt 0.684254 0.407014
vt 0.467181 0.415149
vt 0.470733 0.415149
vt 0.470733 0.584853
vt 0.467181 0.584853
vt 0.555590 0.415149
vt 0.545987 0.415149
vt 0.545987 0.584853
vt 0.555590 0.584853
vt 0.470636 0.415149
vt 0.466455 0.415149
vt 0.466455 0.584853
vt 0.470636 0.584853
vt 0.551667 0.415149
vt 0.558096 0.415149
vt 0.558096 0.584853
vt 0.551667 0.584853
vt 0.564117 0.415149
vt 0.564117 0.584853
vt 0.470514 0.415149
vt 0.467000 0.415149
vt 0.467000 0.584853
vt 0.470514 0.584853
vt 0.555319 0.415149
vt 0.557775 0.415149
vt 0.557775 0.584853
vt 0.555319 0.584853
vt 0.545987 0.415149
vt 0.545987 0.584853
vt 0.410217 0.415149
vt 0.414302 0.415149
vt 0.414302 0.584853
vt 0.410217 0.584853
vt 0.571507 0.415149
vt 0.571507 0.584853
vt 0.557319 0.415149
vt 0.554773 0.415149
vt 0.554773 0.584853
vt 0.557319 0.584853
vt 0.432739 0.415149
vt 0.436824 0.415149
vt 0.436824 0.584853
vt 0.432739 0.584853
vt 0.547138 0.415149
vt 0.552457 0.415149
vt 0.552457 0.584853
vt 0.547138 0.584853
vt 0.273453 0.415149
vt 0.276085 0.415149
vt 0.276085 0.584853
vt 0.273453 0.584853
vt 0.466034 0.415149
vt 0.470270 0.415149
vt 0.470270 0.584853
vt 0.466034 0.584853
vt 0.278998 0.415149
vt 0.278998 0.584853
vt 0.552550 0.415149
vt 0.552550 0.584853
vt 0.406501 0.415149
vt 0.406501 0.584853
vt 0.463368 0.415149
vt 0.463368 0.584853
vt 0.551933 0.415149
vt 0.551933 0.584853
vt 0.440541 0.415149
vt 0.440541 0.584853
vt 0.564513 0.415149
vt 0.560497 0.415149
vt 0.560497 0.584853
vt 0.564513 0.584853
vt 0.463259 0.415149
vt 0.463259 0.584853
vt 0.540953 0.415149
vt 0.540953 0.584853
vt 0.462076 0.415149
vt 0.462076 0.584853
vt 0.549484 0.415149
vt 0.549484 0.584853
vt 0.556877 0.415149
vt 0.556877 0.584853
vt 0.552058 0.415149
vt 0.545287 0.415149
vt 0.545287 0.584853
vt 0.552058 0.584853
vt 0.535372 0.415149
vt 0.535372 0.584853
vt 0.560777 0.415149
vt 0.564376 0.415149
vt 0.564376 0.584853
vt 0.560777 0.584853
vt 0.461682 0.415149
vt 0.461682 0.584853
vt 0.548826 0.415149
vt 0.548826 0.584853
vt 0.459316 0.415149
vt 0.459316 0.584853
vt 0.544831 0.415149
vt 0.544831 0.584853
vt 0.533930 0.415149
vt 0.533930 0.584853
vt 0.457495 0.415149
vt 0.457495 0.584853
vt 0.546140 0.415149
vt 0.546140 0.584853
vt 0.308431 0.415149
vt 0.310871 0.415149
vt 0.310871 0.584853
vt 0.308431 0.584853
vt 0.545477 0.415149
vt 0.545477 0.584853
vt 0.523808 0.415149
vt 0.523808 0.584853
vt 0.563581 0.415149
vt 0.562126 0.415149
vt 0.562126 0.584853
vt 0.563581 0.584853
vt 0.457235 0.415149
vt 0.457235 0.584853
vt 0.557702 0.415149
vt 0.557702 0.584853
vt 0.542533 0.415149
vt 0.542533 0.584853
vt 0.455320 0.415149
vt 0.455320 0.584853
vt 0.541914 0.415149
vt 0.541914 0.584853
vt 0.455648 0.415149
vt 0.455648 0.584853
vt 0.526102 0.415149
vt 0.526102 0.584853
vt 0.555400 0.415149
vt 0.561522 0.415149
vt 0.561522 0.584853
vt 0.555400 0.584853
vt 0.538161 0.415149
vt 0.538161 0.584853
vt 0.450543 0.415149
vt 0.450543 0.584853
vt 0.555194 0.415149
vt 0.555194 0.584853
vt 0.553388 0.415149
vt 0.553388 0.584853
vt 0.537641 0.415149
vt 0.537641 0.584853
vt 0.517498 0.415149
vt 0.517498 0.584853
vt 0.450288 0.415149
vt 0.450288 0.584853
vt 0.550857 0.415149
vt 0.550857 0.584853
vt 0.452085 0.415149
vt 0.452085 0.584853
vt 0.538682 0.415149
vt 0.538682 0.584853
vt 0.511359 0.415149
vt 0.511359 0.584853
vt 0.451543 0.415149
vt 0.451543 0.584853
vt 0.448668 0.415149
vt 0.448668 0.584853
vt 0.535088 0.415149
vt 0.535088 0.584853
vt 0.534422 0.415149
vt 0.534422 0.584853
vt 0.508150 0.415149
vt 0.508150 0.584853
vt 0.544669 0.415149
vt 0.544669 0.584853
vt 0.448009 0.415149
vt 0.448009 0.584853
vt 0.534632 0.415149
vt 0.534632 0.584853
vt 0.508150 0.415149
vt 0.508150 0.584853
vt 0.443907 0.415149
vt 0.443907 0.584853
vt 0.547905 0.415149
vt 0.547905 0.584853
vt 0.498088 0.415149
vt 0.498088 0.584853
vt 0.542908 0.415149
vt 0.542908 0.584853
vt 0.534299 0.415149
vt 0.534299 0.584853
vt 0.443666 0.415149
vt 0.443666 0.584853
vt 0.542137 0.415149
vt 0.542137 0.584853
vt 0.445438 0.415149
vt 0.445438 0.584853
vt 0.531617 0.415149
vt 0.531617 0.584853
vt 0.531226 0.415149
vt 0.531226 0.584853
vt 0.539186 0.415149
vt 0.539186 0.584853
vt 0.444745 0.415149
vt 0.444745 0.584853
vt 0.530756 0.415149
vt 0.530756 0.584853
vt 0.442436 0.415149
vt 0.442436 0.584853
vt 0.484817 0.415149
vt 0.484817 0.584853
vt 0.530925 0.415149
vt 0.530925 0.584853
vt 0.441772 0.415149
vt 0.441772 0.584853
vt 0.528782 0.415149
vt 0.528782 0.584853
vt 0.437642 0.415149
vt 0.437642 0.584853
vt 0.528306 0.415149
vt 0.528306 0.584853
vt 0.488026 0.415149
vt 0.488026 0.584853
vt 0.527976 0.415149
vt 0.527976 0.584853
vt 0.532090 0.415149
vt 0.532090 0.584853
vt 0.437422 0.415149
vt 0.437422 0.584853
vt 0.439703 0.415149
vt 0.439703 0.584853
vt 0.527537 0.415149
vt 0.527537 0.584853
vt 0.529314 0.415149
vt 0.529314 0.584853
vt 0.527171 0.415149
vt 0.527171 0.584853
vt 0.478678 0.415149
vt 0.478678 0.584853
vt 0.439117 0.415149
vt 0.439117 0.584853
vt 0.707056 0.415149
vt 0.704224 0.415149
vt 0.704224 0.584853
vt 0.707056 0.584853
vt 0.525189 0.415149
vt 0.525189 0.584853
vt 0.524919 0.415149
vt 0.524919 0.584853
vt 0.472368 0.415149
vt 0.472368 0.584853
vt 0.521262 0.415149
vt 0.521262 0.584853
vt 0.664240 0.415149
vt 0.661291 0.415149
vt 0.661291 0.584853
vt 0.664240 0.584853
vt 0.431801 0.415149
vt 0.431801 0.584853
vt 0.524158 0.415149
vt 0.524158 0.584853
vt 0.518568 0.415149
vt 0.518568 0.584853
vt 0.523676 0.415149
vt 0.523676 0.584853
vt 0.470075 0.415149
vt 0.470075 0.584853
vt 0.431609 0.415149
vt 0.431609 0.584853
vt 0.700966 0.415149
vt 0.700966 0.584853
vt 0.522304 0.415149
vt 0.522304 0.584853
vt 0.522090 0.415149
vt 0.522090 0.584853
vt 0.460805 0.415149
vt 0.460805 0.584853
vt 0.510201 0.415149
vt 0.510201 0.584853
vt 0.667543 0.415149
vt 0.667543 0.584853
vt 0.697285 0.415149
vt 0.697285 0.584853
vt 0.520807 0.415149
vt 0.520807 0.584853
vt 0.512619 0.415149
vt 0.512619 0.584853
vt 0.520278 0.415149
vt 0.520278 0.584853
vt 0.462246 0.415149
vt 0.462246 0.584853
vt 0.506465 0.415149
vt 0.506465 0.584853
vt 0.671171 0.415149
vt 0.671171 0.584853
vt 0.693185 0.415149
vt 0.693185 0.584853
vt 0.519686 0.415149
vt 0.519686 0.584853
vt 0.519523 0.415149
vt 0.519523 0.584853
vt 0.455224 0.415149
vt 0.455224 0.584853
vt 0.675096 0.415149
vt 0.675096 0.584853
vt 0.499454 0.415149
vt 0.499454 0.584853
vt 0.688667 0.415149
vt 0.688667 0.584853
vt 0.517507 0.415149
vt 0.517507 0.584853
vt 0.516986 0.415149
vt 0.516986 0.584853
vt 0.450190 0.415149
vt 0.450190 0.584853
vt 0.500244 0.415149
vt 0.500244 0.584853
vt 0.679293 0.415149
vt 0.679293 0.584853
vt 0.426442 0.415149
vt 0.426442 0.584853
vt 0.667622 0.415149
vt 0.664934 0.415149
vt 0.664934 0.584853
vt 0.667622 0.584853
vt 0.494093 0.415149
vt 0.494093 0.584853
vt 0.704193 0.415149
vt 0.701518 0.415149
vt 0.701518 0.584853
vt 0.704193 0.584853
vt 0.449038 0.415149
vt 0.449038 0.584853
vt 0.490009 0.415149
vt 0.490009 0.584853
vt 0.426279 0.415149
vt 0.426279 0.584853
vt 0.683734 0.415149
vt 0.683734 0.584853
vt 0.514276 0.415149
vt 0.514276 0.584853
vt 0.440587 0.415149
vt 0.440587 0.584853
vt 0.670588 0.415149
vt 0.670588 0.584853
vt 0.698557 0.415149
vt 0.698557 0.584853
vt 0.440587 0.415149
vt 0.440587 0.584853
vt 0.488150 0.415149
vt 0.488150 0.584853
vt 0.421618 0.415149
vt 0.421618 0.584853
vt 0.513808 0.415149
vt 0.513808 0.584853
vt 0.443720 0.415149
vt 0.443720 0.584853
vt 0.482367 0.415149
vt 0.482367 0.584853
vt 0.421488 0.415149
vt 0.421488 0.584853
vt 0.673797 0.415149
vt 0.673797 0.584853
vt 0.482553 0.415149
vt 0.482553 0.584853
vt 0.643531 0.415149
vt 0.648996 0.415149
vt 0.648996 0.584853
vt 0.643531 0.584853
vt 0.695342 0.415149
vt 0.695342 0.584853
vt 0.439299 0.415149
vt 0.439299 0.584853
vt 0.718900 0.415149
vt 0.724262 0.415149
vt 0.724262 0.584853
vt 0.718900 0.584853
vt 0.511137 0.415149
vt 0.511137 0.584853
vt 0.655072 0.415149
vt 0.655072 0.584853
vt 0.510752 0.415149
vt 0.510752 0.584853
vt 0.432059 0.415149
vt 0.432059 0.584853
vt 0.477439 0.415149
vt 0.477439 0.584853
vt 0.476340 0.415149
vt 0.476340 0.584853
vt 0.712936 0.415149
vt 0.712936 0.584853
vt 0.677212 0.415149
vt 0.677212 0.584853
vt 0.661697 0.415149
vt 0.661697 0.584853
vt 0.691908 0.415149
vt 0.691908 0.584853
vt 0.570647 0.415149
vt 0.566931 0.415149
vt 0.566931 0.584853
vt 0.570647 0.584853
vt 0.472946 0.415149
vt 0.472946 0.584853
vt 0.471742 0.415149
vt 0.471742 0.584853
vt 0.706429 0.415149
vt 0.706429 0.584853
vt 0.680796 0.415149
vt 0.680796 0.584853
vt 0.540324 0.415149
vt 0.536607 0.415149
vt 0.536607 0.584853
vt 0.540324 0.584853
vt 0.668810 0.415149
vt 0.668810 0.584853
vt 0.688288 0.415149
vt 0.688288 0.584853
vt 0.562845 0.415149
vt 0.562845 0.584853
vt 0.469212 0.415149
vt 0.469212 0.584853
vt 0.699441 0.415149
vt 0.699441 0.584853
vt 0.684515 0.415149
vt 0.684515 0.584853
vt 0.544409 0.415149
vt 0.544409 0.584853
vt 0.676350 0.415149
vt 0.676350 0.584853
vt 0.558406 0.415149
vt 0.558406 0.584853
vt 0.298288 0.415149
vt 0.294730 0.415149
vt 0.294730 0.584853
vt 0.298288 0.584853
vt 0.692029 0.415149
vt 0.692029 0.584853
vt 0.548848 0.415149
vt 0.548848 0.584853
vt 0.684254 0.415149
vt 0.684254 0.584853
vt 0.508111 0.415149
vt 0.508111 0.584853
vt 0.424670 0.415149
vt 0.424670 0.584853
vt 0.507826 0.415149
vt 0.507826 0.584853
vt 0.466374 0.415149
vt 0.466374 0.584853
vt 0.440540 0.415149
vt 0.436824 0.415149
vt 0.436824 0.584853
vt 0.440540 0.584853
vt 0.290659 0.415149
vt 0.290659 0.584853
vt 0.722619 0.415149
vt 0.725563 0.415149
vt 0.725563 0.584853
vt 0.722619 0.584853
vt 0.553627 0.415149
vt 0.553627 0.584853
vt 0.505038 0.415149
vt 0.505038 0.584853
vt 0.410217 0.415149
vt 0.406501 0.415149
vt 0.406501 0.584853
vt 0.410217 0.584853
vt 0.464571 0.415149
vt 0.464571 0.584853
vt 0.432739 0.415149
vt 0.432739 0.584853
vt 0.286175 0.415149
vt 0.286175 0.584853
vt 0.719346 0.415149
vt 0.719346 0.584853
vt 0.281382 0.415149
vt 0.281382 0.584853
vt 0.646079 0.415149
vt 0.649046 0.415149
vt 0.649046 0.584853
vt 0.646079 0.584853
vt 0.418482 0.415149
vt 0.418482 0.584853
vt 0.414302 0.415149
vt 0.414302 0.584853
vt 0.428299 0.415149
vt 0.428299 0.584853
vt 0.261122 0.415149
vt 0.257364 0.415149
vt 0.257364 0.584853
vt 0.261122 0.584853
vt 0.715740 0.415149
vt 0.715740 0.584853
vt 0.652248 0.415149
vt 0.652248 0.584853
vt 0.523520 0.415149
vt 0.530192 0.415149
vt 0.530192 0.584853
vt 0.523520 0.584853
vt 0.418742 0.415149
vt 0.418742 0.584853
vt 0.266147 0.415149
vt 0.266147 0.584853
vt 0.276378 0.415149
vt 0.276378 0.584853
vt 0.648198 0.415149
vt 0.648198 0.584853
vt 0.577063 0.415149
vt 0.583735 0.415149
vt 0.583735 0.584853
vt 0.577063 0.584853
vt 0.537460 0.415149
vt 0.537460 0.584853
vt 0.271266 0.415149
vt 0.271266 0.584853
vt 0.719670 0.415149
vt 0.719670 0.584853
vt 0.423521 0.415149
vt 0.423521 0.584853
vt 0.587862 0.415149
vt 0.409355 0.415149
vt 0.409355 0.584853
vt 0.587862 0.584853
vt 0.723263 0.415149
vt 0.723263 0.584853
vt 0.569794 0.415149
vt 0.569794 0.584853
vt 0.644506 0.415149
vt 0.644506 0.584853
vt 0.545285 0.415149
vt 0.545285 0.584853
vt -0.008173 0.415149
vt -0.026128 0.415149
vt -0.026128 0.584853
vt -0.008173 0.584853
vt 0.726519 0.415149
vt 0.726519 0.584853
vt 0.561969 0.415149
vt 0.561969 0.584853
vt 0.641169 0.415149
vt 0.641169 0.584853
vt 0.586821 0.415149
vt 0.503293 0.415149
vt 0.503293 0.584853
vt 0.586821 0.584853
vt 0.685555 0.415149
vt 0.677981 0.415149
vt 0.677981 0.584853
vt 0.685555 0.584853
vt 0.393413 0.415149
vt 0.400085 0.415149
vt 0.400085 0.584853
vt 0.393413 0.584853
vt 0.489019 0.415149
vt 0.492144 0.415149
vt 0.492144 0.584853
vt 0.489019 0.584853
vt -0.217877 0.415149
vt -0.259540 0.415149
vt -0.259540 0.584853
vt -0.217877 0.584853
vt 0.491746 0.415149
vt 0.488682 0.415149
vt 0.488682 0.584853
vt 0.491746 0.584853
vt 0.692871 0.415149
vt 0.692871 0.584853
vt -0.102371 0.415149
vt -0.140618 0.415149
vt -0.140618 0.584853
vt -0.102371 0.584853
vt 0.670775 0.415149
vt 0.670775 0.584853
vt 0.446956 0.415149
vt 0.453628 0.415149
vt 0.453628 0.584853
vt 0.446956 0.584853
vt 0.407354 0.415149
vt 0.407354 0.584853
vt 0.503032 0.415149
vt 0.503032 0.584853
vt 0.568217 0.415149
vt 0.525671 0.415149
vt 0.525671 0.584853
vt 0.568217 0.584853
vt 0.699820 0.415149
vt 0.699820 0.584853
vt 0.485660 0.415149
vt 0.485660 0.584853
vt 0.663994 0.415149
vt 0.663994 0.584853
vt 0.439688 0.415149
vt 0.439688 0.584853
vt 0.485441 0.415149
vt 0.485441 0.584853
vt 0.415179 0.415149
vt 0.415179 0.584853
vt 0.565946 0.415149
vt 0.565946 0.584853
vt 0.706352 0.415149
vt 0.706352 0.584853
vt 0.484557 0.415149
vt 0.548830 0.415149
vt 0.548830 0.584853
vt 0.484557 0.584853
vt 0.679585 0.415149
vt 0.679585 0.584853
vt 0.657693 0.415149
vt 0.657693 0.584853
vt 0.431862 0.415149
vt 0.431862 0.584853
vt 0.688630 0.415149
vt 0.688630 0.584853
vt 0.712415 0.415149
vt 0.712415 0.584853
vt 0.545285 0.415149
vt 0.545285 0.584853
vt 0.263306 0.415149
vt 0.269979 0.415149
vt 0.269979 0.584853
vt 0.263306 0.584853
vt 0.409253 0.415149
vt 0.409253 0.584853
vt 0.675217 0.415149
vt 0.675217 0.584853
vt 0.651927 0.415149
vt 0.651927 0.584853
vt 0.692763 0.415149
vt 0.692763 0.584853
vt 0.561969 0.415149
vt 0.561969 0.584853
vt -0.185519 0.415149
vt -0.172458 0.415149
vt -0.172458 0.584853
vt -0.185519 0.584853
vt 0.316849 0.415149
vt 0.323522 0.415149
vt 0.323522 0.584853
vt 0.316849 0.584853
vt 0.409026 0.415149
vt 0.409026 0.584853
vt 0.717958 0.415149
vt 0.717958 0.584853
vt 0.569794 0.415149
vt 0.569794 0.584853
vt 0.277247 0.415149
vt 0.277247 0.584853
vt 0.646751 0.415149
vt 0.646751 0.584853
vt 0.537460 0.415149
vt 0.537460 0.584853
vt 0.696627 0.415149
vt 0.696627 0.584853
vt 0.309581 0.415149
vt 0.309581 0.584853
vt 0.011082 0.415149
vt -0.044083 0.415149
vt -0.044083 0.584853
vt 0.011082 0.584853
vt 0.722929 0.415149
vt 0.722929 0.584853
vt 0.577063 0.415149
vt 0.577063 0.584853
vt 0.285072 0.415149
vt 0.285072 0.584853
vt -0.053971 0.415149
vt 0.021491 0.415149
vt 0.021491 0.584853
vt -0.053971 0.584853
vt 0.482085 0.415149
vt 0.482085 0.584853
vt 0.574591 0.415149
vt 0.569742 0.415149
vt 0.569742 0.584853
vt 0.574591 0.584853
vt 0.530192 0.415149
vt 0.530192 0.584853
vt 0.482020 0.415149
vt 0.482020 0.584853
vt 0.301756 0.415149
vt 0.301756 0.584853
vt -0.076349 0.415149
vt -0.076349 0.584853
vt 0.569528 0.415149
vt 0.574428 0.415149
vt 0.574428 0.584853
vt 0.569528 0.584853
vt 0.583735 0.415149
vt 0.583735 0.584853
vt 0.293414 0.415149
vt 0.293414 0.584853
vt 0.461658 0.415149
vt 0.461658 0.584853
vt 0.667466 0.415149
vt 0.667466 0.584853
vt 0.564337 0.415149
vt 0.564337 0.584853
vt 0.523520 0.415149
vt 0.523520 0.584853
vt 0.700195 0.415149
vt 0.700195 0.584853
vt 0.415179 0.415149
vt 0.415179 0.584853
vt 0.045170 0.415149
vt 0.071192 0.415149
vt 0.071192 0.584853
vt 0.045170 0.584853
vt 0.577694 0.415149
vt 0.577694 0.584853
vt 0.563922 0.415149
vt 0.563922 0.584853
vt 0.431863 0.415149
vt 0.431863 0.584853
vt 0.664122 0.415149
vt 0.664122 0.584853
vt 0.223937 0.415149
vt 0.075615 0.415149
vt 0.075615 0.584853
vt 0.223937 0.584853
vt 0.703441 0.415149
vt 0.703441 0.584853
vt 0.564067 0.415149
vt 0.564067 0.584853
vt 0.439688 0.415149
vt 0.439688 0.584853
vt 0.407354 0.415149
vt 0.407354 0.584853
vt 0.680924 0.415149
vt 0.685035 0.415149
vt 0.685035 0.584853
vt 0.680924 0.584853
vt 0.137026 0.415149
vt 0.137026 0.584853
vt 0.478315 0.415149
vt 0.478315 0.584853
vt 0.688907 0.415149
vt 0.688907 0.584853
vt 0.478414 0.415149
vt 0.478414 0.584853
vt 0.446956 0.415149
vt 0.446956 0.584853
vt 0.400085 0.415149
vt 0.400085 0.584853
vt 0.677061 0.415149
vt 0.677061 0.584853
vt 0.661160 0.415149
vt 0.661160 0.584853
vt 0.692570 0.415149
vt 0.692570 0.584853
vt 0.162527 0.415149
vt 0.162527 0.584853
vt 0.706340 0.415149
vt 0.706340 0.584853
vt 0.548848 0.415149
vt 0.548848 0.584853
vt 0.453628 0.415149
vt 0.453628 0.584853
vt 0.558425 0.415149
vt 0.558425 0.584853
vt 0.558406 0.415149
vt 0.558406 0.584853
vt 0.393413 0.415149
vt 0.393413 0.584853
vt 0.476971 0.415149
vt 0.479613 0.415149
vt 0.479613 0.584853
vt 0.476971 0.584853
vt 0.479418 0.415149
vt 0.476750 0.415149
vt 0.476750 0.584853
vt 0.479418 0.584853
vt 0.673468 0.415149
vt 0.673468 0.584853
vt 0.544409 0.415149
vt 0.544409 0.584853
vt 0.301756 0.415149
vt 0.301756 0.584853
vt 0.562846 0.415149
vt 0.562846 0.584853
vt 0.474621 0.415149
vt 0.474621 0.584853
vt 0.309581 0.415149
vt 0.309581 0.584853
vt 0.696001 0.415149
vt 0.696001 0.584853
vt 0.474370 0.415149
vt 0.474370 0.584853
vt 0.670164 0.415149
vt 0.670164 0.584853
vt 0.316849 0.415149
vt 0.316849 0.584853
vt 0.474004 0.415149
vt 0.474004 0.584853
vt 0.699173 0.415149
vt 0.699173 0.584853
vt 0.473773 0.415149
vt 0.473773 0.584853
vt 0.540324 0.415149
vt 0.540324 0.584853
vt 0.566931 0.415149
vt 0.566931 0.584853
vt 0.667172 0.415149
vt 0.667172 0.584853
vt 0.418742 0.415149
vt 0.418742 0.584853
vt 0.323522 0.415149
vt 0.323522 0.584853
vt 0.702064 0.415149
vt 0.702064 0.584853
vt 0.428300 0.415149
vt 0.428300 0.584853
vt 0.536608 0.415149
vt 0.536608 0.584853
vt 0.570647 0.415149
vt 0.570647 0.584853
vt 0.664511 0.415149
vt 0.664511 0.584853
vt 0.704649 0.415149
vt 0.704649 0.584853
s 0
f 204/1/1 203/2/1 202/3/1
f 204/1/1 202/3/1 210/4/1
f 210/4/1 202/3/1 209/5/1
f 196/6/1 195/7/1 194/8/1
f 201/9/1 200/10/1 199/11/1
f 193/12/1 201/9/1 199/11/1
f 196/6/1 194/8/1 193/12/1
f 204/1/1 210/4/1 212/13/1
f 211/14/1 210/4/1 209/5/1
f 196/6/1 193/12/1 199/11/1
f 197/15/1 196/6/1 199/11/1
f 197/15/1 199/11/1 198/16/1
f 204/1/1 212/13/1 206/17/1
f 206/17/1 212/13/1 211/14/1
f 206/17/1 211/14/1 207/18/1
f 207/18/1 211/14/1 209/5/1
f 204/1/1 206/17/1 205/19/1
f 208/20/1 207/18/1 209/5/1
f 215/21/1 214/22/1 213/23/1
f 215/21/1 213/23/1 220/24/1
f 216/25/2 215/21/2 220/24/2
f 217/26/1 216/25/1 219/27/1
f 219/27/1 216/25/1 220/24/1
f 217/26/1 219/27/1 218/28/1
f 234/29/1 233/30/1 232/31/1
f 234/29/1 232/31/1 231/32/1
f 235/33/1 234/29/1 231/32/1
f 235/33/1 231/32/1 230/34/1
f 236/35/1 235/33/1 230/34/1
f 236/35/1 230/34/1 229/36/1
f 237/37/1 236/35/1 229/36/1
f 238/38/1 237/37/1 229/36/1
f 238/38/1 229/36/1 228/39/1
f 239/40/1 238/38/1 228/39/1
f 239/40/1 228/39/1 300/41/1
f 300/41/1 228/39/1 227/42/1
f 239/40/1 300/41/1 299/43/1
f 301/44/1 300/41/1 227/42/1
f 302/45/1 301/44/1 309/46/1
f 309/46/1 301/44/1 227/42/1
f 239/40/1 299/43/1 298/47/1
f 240/48/1 239/40/1 298/47/1
f 309/46/1 227/42/1 226/49/1
f 302/45/1 309/46/1 308/50/1
f 310/51/1 309/46/1 226/49/1
f 311/52/1 310/51/1 226/49/1
f 302/45/1 308/50/1 307/53/1
f 240/48/1 298/47/1 297/54/1
f 303/55/1 302/45/1 307/53/1
f 312/56/1 311/52/1 226/49/1
f 241/57/1 240/48/1 297/54/1
f 312/56/1 226/49/1 225/58/1
f 303/55/1 307/53/1 306/59/1
f 241/57/1 297/54/1 296/60/1
f 304/61/1 303/55/1 306/59/1
f 313/62/1 312/56/1 225/58/1
f 241/57/1 296/60/1 295/63/1
f 242/64/1 241/57/1 295/63/1
f 313/62/1 225/58/1 224/65/1
f 304/61/1 306/59/1 305/66/1
f 314/67/1 313/62/1 224/65/1
f 242/64/1 295/63/1 294/68/1
f 243/69/1 242/64/1 294/68/1
f 314/67/1 224/65/1 223/70/1
f 315/71/1 314/67/1 223/70/1
f 243/69/1 294/68/1 293/72/1
f 244/73/1 243/69/1 293/72/1
f 315/71/1 223/70/1 222/74/1
f 316/75/1 315/71/1 222/74/1
f 244/73/1 293/72/1 292/76/1
f 244/73/1 292/76/1 291/77/1
f 245/78/1 244/73/1 291/77/1
f 316/75/1 222/74/1 221/79/1
f 269/80/1 316/75/1 221/79/1
f 245/78/1 291/77/1 290/81/1
f 245/78/1 290/81/1 289/82/1
f 270/83/1 269/80/1 221/79/1
f 246/84/1 245/78/1 289/82/1
f 270/83/1 221/79/1 268/85/1
f 246/84/1 289/82/1 288/86/1
f 271/87/1 270/83/1 268/85/1
f 246/84/1 288/86/1 287/88/1
f 247/89/1 246/84/1 287/88/1
f 271/87/1 268/85/1 267/90/1
f 247/89/1 287/88/1 286/91/1
f 272/92/1 271/87/1 267/90/1
f 247/89/1 286/91/1 285/93/1
f 273/94/1 272/92/1 267/90/1
f 247/89/1 285/93/1 284/95/1
f 248/96/1 247/89/1 284/95/1
f 273/94/1 267/90/1 266/97/1
f 274/98/1 273/94/1 266/97/1
f 248/96/1 284/95/1 283/99/1
f 275/100/1 274/98/1 266/97/1
f 248/96/1 283/99/1 282/101/1
f 276/102/1 275/100/1 266/97/1
f 277/103/1 276/102/1 266/97/1
f 248/96/1 282/101/1 281/104/1
f 248/96/1 281/104/1 280/105/1
f 278/106/1 277/103/1 266/97/1
f 248/96/1 280/105/1 279/107/1
f 248/96/1 279/107/1 278/106/1
f 248/96/1 278/106/1 266/97/1
f 249/108/1 248/96/1 266/97/1
f 249/108/1 266/97/1 265/109/1
f 250/110/1 249/108/1 265/109/1
f 250/110/1 265/109/1 264/111/1
f 251/112/1 250/110/1 264/111/1
f 251/112/1 264/111/1 263/113/1
f 252/114/1 251/112/1 263/113/1
f 252/114/1 263/113/1 262/115/1
f 253/116/1 252/114/1 262/115/1
f 253/116/1 262/115/1 261/117/1
f 254/118/1 253/116/1 261/117/1
f 254/118/1 261/117/1 260/119/1
f 255/120/1 254/118/1 260/119/1
f 255/120/1 260/119/1 259/121/1
f 256/122/1 255/120/1 259/121/1
f 256/122/1 259/121/1 258/123/1
f 257/124/1 256/122/1 258/123/1
f 330/125/1 329/126/1 328/127/1
f 330/125/1 328/127/1 327/128/1
f 331/129/1 330/125/1 327/128/1
f 331/129/1 327/128/1 326/130/1
f 332/131/1 331/129/1 326/130/1
f 332/131/1 326/130/1 325/132/1
f 333/133/1 332/131/1 325/132/1
f 334/134/1 333/133/1 325/132/1
f 334/134/1 325/132/1 324/135/1
f 335/136/1 334/134/1 324/135/1
f 335/136/1 324/135/1 401/137/1
f 401/137/1 324/135/1 323/138/1
f 335/136/1 401/137/1 400/139/1
f 402/140/1 401/137/1 323/138/1
f 335/136/1 400/139/1 399/141/1
f 403/142/1 402/140/1 323/138/1
f 336/143/1 335/136/1 399/141/1
f 403/142/1 323/138/1 322/144/1
f 336/143/1 399/141/1 398/145/1
f 404/146/1 403/142/1 322/144/1
f 336/143/1 398/145/1 397/147/1
f 405/148/1 404/146/1 322/144/1
f 336/143/1 397/147/1 396/149/1
f 406/150/1 405/148/1 322/144/1
f 337/151/1 336/143/1 396/149/1
f 406/150/1 322/144/1 321/152/1
f 337/151/1 396/149/1 395/153/1
f 407/154/1 406/150/1 321/152/1
f 337/151/1 395/153/1 394/155/1
f 408/156/1 407/154/1 321/152/1
f 338/157/1 337/151/1 394/155/1
f 408/156/1 321/152/1 320/158/1
f 338/157/1 394/155/1 393/159/1
f 409/160/1 408/156/1 320/158/1
f 339/161/1 338/157/1 393/159/1
f 409/160/1 320/158/1 319/162/1
f 339/161/1 393/159/1 392/163/1
f 410/164/1 409/160/1 319/162/1
f 339/161/1 392/163/1 391/165/1
f 411/166/1 410/164/1 319/162/1
f 340/167/1 339/161/1 391/165/1
f 411/166/1 319/162/1 318/168/1
f 340/167/1 391/165/1 390/169/1
f 412/170/1 411/166/1 318/168/1
f 341/171/1 340/167/1 390/169/1
f 412/170/1 318/168/1 317/172/1
f 341/171/1 390/169/1 389/173/1
f 365/174/1 412/170/1 317/172/1
f 342/175/1 341/171/1 389/173/1
f 342/175/1 389/173/1 388/176/1
f 366/177/1 365/174/1 317/172/1
f 366/177/1 317/172/1 364/178/1
f 342/175/1 388/176/1 387/179/1
f 367/180/1 366/177/1 364/178/1
f 343/181/1 342/175/1 387/179/1
f 367/180/1 364/178/1 363/182/1
f 343/181/1 387/179/1 386/183/1
f 368/184/1 367/180/1 363/182/1
f 344/185/1 343/181/1 386/183/1
f 368/184/1 363/182/1 362/186/1
f 369/187/1 368/184/1 362/186/1
f 344/185/1 386/183/1 385/188/1
f 370/189/1 369/187/1 362/186/1
f 344/185/1 385/188/1 384/190/1
f 345/191/1 344/185/1 384/190/1
f 370/189/1 362/186/1 361/192/1
f 371/193/1 370/189/1 361/192/1
f 345/191/1 384/190/1 383/194/1
f 346/195/1 345/191/1 383/194/1
f 371/193/1 361/192/1 360/196/1
f 372/197/1 371/193/1 360/196/1
f 346/195/1 383/194/1 382/198/1
f 373/199/1 372/197/1 360/196/1
f 346/195/1 382/198/1 381/200/1
f 347/201/1 346/195/1 381/200/1
f 373/199/1 360/196/1 359/202/1
f 374/203/1 373/199/1 359/202/1
f 347/201/1 381/200/1 380/204/1
f 375/205/1 374/203/1 359/202/1
f 347/201/1 380/204/1 379/206/1
f 376/207/1 375/205/1 359/202/1
f 347/201/1 379/206/1 378/208/1
f 348/209/1 347/201/1 378/208/1
f 376/207/1 359/202/1 358/210/1
f 377/211/1 376/207/1 358/210/1
f 348/209/1 378/208/1 377/211/1
f 348/209/1 377/211/1 358/210/1
f 349/212/1 348/209/1 358/210/1
f 349/212/1 358/210/1 357/213/1
f 350/214/1 349/212/1 357/213/1
f 350/214/1 357/213/1 356/215/1
f 351/216/1 350/214/1 356/215/1
f 351/216/1 356/215/1 355/217/1
f 352/218/1 351/216/1 355/217/1
f 352/218/1 355/217/1 354/219/1
f 353/220/1 352/218/1 354/219/1
f 426/221/1 425/222/1 424/223/1
f 426/221/1 424/223/1 423/224/1
f 427/225/1 426/221/1 423/224/1
f 427/225/1 423/224/1 422/226/1
f 428/227/1 427/225/1 422/226/1
f 428/227/1 422/226/1 421/228/1
f 429/229/1 428/227/1 421/228/1
f 430/230/1 429/229/1 421/228/1
f 430/230/1 421/228/1 420/231/1
f 431/232/1 430/230/1 420/231/1
f 431/232/1 420/231/1 497/233/1
f 497/233/1 420/231/1 419/234/1
f 431/232/1 497/233/1 496/235/1
f 498/236/1 497/233/1 419/234/1
f 431/232/1 496/235/1 495/237/1
f 499/238/1 498/236/1 419/234/1
f 432/239/1 431/232/1 495/237/1
f 499/238/1 419/234/1 418/240/1
f 432/239/1 495/237/1 494/241/1
f 500/242/1 499/238/1 418/240/1
f 432/239/1 494/241/1 493/243/1
f 501/244/1 500/242/1 418/240/1
f 432/239/1 493/243/1 492/245/1
f 502/246/1 501/244/1 418/240/1
f 433/247/1 432/239/1 492/245/1
f 502/246/1 418/240/1 417/248/1
f 433/247/1 492/245/1 491/249/1
f 503/250/1 502/246/1 417/248/1
f 433/247/1 491/249/1 490/251/1
f 504/252/1 503/250/1 417/248/1
f 434/253/1 433/247/1 490/251/1
f 504/252/1 417/248/1 416/254/1
f 434/253/1 490/251/1 489/255/1
f 505/256/1 504/252/1 416/254/1
f 435/257/1 434/253/1 489/255/1
f 505/256/1 416/254/1 415/258/1
f 435/257/1 489/255/1 488/259/1
f 506/260/1 505/256/1 415/258/1
f 435/257/1 488/259/1 487/261/1
f 507/262/1 506/260/1 415/258/1
f 436/263/1 435/257/1 487/261/1
f 507/262/1 415/258/1 414/264/1
f 436/263/1 487/261/1 486/265/1
f 508/266/1 507/262/1 414/264/1
f 437/267/1 436/263/1 486/265/1
f 508/266/1 414/264/1 413/268/1
f 437/267/1 486/265/1 485/269/1
f 461/270/1 508/266/1 413/268/1
f 438/271/1 437/267/1 485/269/1
f 438/271/1 485/269/1 484/272/1
f 462/273/1 461/270/1 413/268/1
f 462/273/1 413/268/1 460/274/1
f 438/271/1 484/272/1 483/275/1
f 463/276/1 462/273/1 460/274/1
f 439/277/1 438/271/1 483/275/1
f 463/276/1 460/274/1 459/278/1
f 439/277/1 483/275/1 482/279/1
f 464/280/1 463/276/1 459/278/1
f 440/281/1 439/277/1 482/279/1
f 464/280/1 459/278/1 458/282/1
f 465/283/1 464/280/1 458/282/1
f 440/281/1 482/279/1 481/284/1
f 466/285/1 465/283/1 458/282/1
f 440/281/1 481/284/1 480/286/1
f 441/287/1 440/281/1 480/286/1
f 466/285/1 458/282/1 457/288/1
f 467/289/1 466/285/1 457/288/1
f 441/287/1 480/286/1 479/290/1
f 442/291/1 441/287/1 479/290/1
f 467/289/1 457/288/1 456/292/1
f 468/293/1 467/289/1 456/292/1
f 442/291/1 479/290/1 478/294/1
f 469/295/1 468/293/1 456/292/1
f 442/291/1 478/294/1 477/296/1
f 443/297/1 442/291/1 477/296/1
f 469/295/1 456/292/1 455/298/1
f 470/299/1 469/295/1 455/298/1
f 443/297/1 477/296/1 476/300/1
f 471/301/1 470/299/1 455/298/1
f 443/297/1 476/300/1 475/302/1
f 472/303/1 471/301/1 455/298/1
f 443/297/1 475/302/1 474/304/1
f 444/305/1 443/297/1 474/304/1
f 472/303/1 455/298/1 454/306/1
f 473/307/1 472/303/1 454/306/1
f 444/305/1 474/304/1 473/307/1
f 444/305/1 473/307/1 454/306/1
f 445/308/1 444/305/1 454/306/1
f 445/308/1 454/306/1 453/309/1
f 446/310/1 445/308/1 453/309/1
f 446/310/1 453/309/1 452/311/1
f 447/312/1 446/310/1 452/311/1
f 447/312/1 452/311/1 451/313/1
f 448/314/1 447/312/1 451/313/1
f 448/314/1 451/313/1 450/315/1
f 449/316/1 448/314/1 450/315/1
f 38/317/1 37/318/1 36/319/1
f 39/320/1 38/317/1 36/319/1
f 39/320/1 36/319/1 35/321/1
f 40/322/1 39/320/1 35/321/1
f 40/322/1 35/321/1 34/323/1
f 41/324/1 40/322/1 34/323/1
f 41/324/1 34/323/1 33/325/1
f 42/326/1 41/324/1 33/325/1
f 42/326/1 33/325/1 32/327/1
f 43/328/1 42/326/1 32/327/1
f 43/328/1 32/327/1 31/329/1
f 44/330/1 43/328/1 31/329/1
f 44/330/1 31/329/1 30/331/1
f 45/332/1 44/330/1 30/331/1
f 45/332/1 30/331/1 133/333/1
f 133/333/1 30/331/1 29/334/1
f 45/332/1 133/333/1 132/335/1
f 134/336/1 133/333/1 29/334/1
f 45/332/1 132/335/1 131/337/1
f 135/338/1 134/336/1 29/334/1
f 46/339/1 45/332/1 131/337/1
f 46/339/1 131/337/1 130/340/1
f 135/338/1 29/334/1 28/341/1
f 136/342/1 135/338/1 28/341/1
f 46/339/1 130/340/1 129/343/1
f 137/344/1 136/342/1 28/341/1
f 46/339/1 129/343/1 128/345/1
f 138/346/1 137/344/1 28/341/1
f 46/339/1 128/345/1 127/347/1
f 139/348/1 138/346/1 28/341/1
f 47/349/1 46/339/1 127/347/1
f 139/348/1 28/341/1 27/350/1
f 47/349/1 127/347/1 126/351/1
f 140/352/1 139/348/1 27/350/1
f 47/349/1 126/351/1 125/353/1
f 141/354/1 140/352/1 27/350/1
f 47/349/1 125/353/1 124/355/1
f 48/356/1 47/349/1 124/355/1
f 142/357/1 141/354/1 27/350/1
f 142/357/1 27/350/1 26/358/1
f 48/356/1 124/355/1 123/359/1
f 143/360/1 142/357/1 26/358/1
f 48/356/1 123/359/1 122/361/1
f 144/362/1 143/360/1 26/358/1
f 49/363/1 48/356/1 122/361/1
f 144/362/1 26/358/1 25/364/1
f 49/363/1 122/361/1 121/365/1
f 97/366/1 144/362/1 25/364/1
f 49/363/1 121/365/1 120/367/1
f 50/368/1 49/363/1 120/367/1
f 98/369/1 97/366/1 25/364/1
f 98/369/1 25/364/1 24/370/1
f 50/368/1 120/367/1 119/371/1
f 99/372/1 98/369/1 24/370/1
f 51/373/1 50/368/1 119/371/1
f 99/372/1 24/370/1 23/374/1
f 51/373/1 119/371/1 118/375/1
f 100/376/1 99/372/1 23/374/1
f 100/376/1 23/374/1 22/377/1
f 52/378/1 51/373/1 118/375/1
f 52/378/1 118/375/1 117/379/1
f 101/380/1 100/376/1 22/377/1
f 101/380/1 22/377/1 21/381/1
f 53/382/1 52/378/1 117/379/1
f 53/382/1 117/379/1 116/383/1
f 102/384/1 101/380/1 21/381/1
f 102/384/1 21/381/1 20/385/1
f 54/386/1 53/382/1 116/383/1
f 54/386/1 116/383/1 115/387/1
f 103/388/1 102/384/1 20/385/1
f 103/388/1 20/385/1 19/389/1
f 55/390/1 54/386/1 115/387/1
f 55/390/1 115/387/1 114/391/1
f 104/392/1 103/388/1 19/389/1
f 104/392/1 19/389/1 18/393/1
f 55/390/1 114/391/1 113/394/1
f 105/395/1 104/392/1 18/393/1
f 56/396/1 55/390/1 113/394/1
f 56/396/1 113/394/1 112/397/1
f 106/398/1 105/395/1 18/393/1
f 106/398/1 18/393/1 17/399/1
f 57/400/1 56/396/1 112/397/1
f 57/400/1 112/397/1 111/401/1
f 107/402/1 106/398/1 17/399/1
f 57/400/1 111/401/1 110/403/1
f 108/404/1 107/402/1 17/399/1
f 57/400/1 110/403/1 109/405/1
f 109/405/1 108/404/1 17/399/1
f 57/400/1 109/405/1 17/399/1
f 57/400/1 17/399/1 16/406/1
f 58/407/1 57/400/1 16/406/1
f 58/407/1 16/406/1 15/408/1
f 59/409/1 58/407/1 15/408/1
f 59/409/1 15/408/1 14/410/1
f 60/411/1 59/409/1 14/410/1
f 60/411/1 14/410/1 13/412/1
f 61/413/1 60/411/1 13/412/1
f 62/414/1 61/413/1 13/412/1
f 62/414/1 13/412/1 12/415/1
f 62/414/1 12/415/1 11/416/1
f 63/417/1 62/414/1 11/416/1
f 63/417/1 11/416/1 10/418/1
f 64/419/1 63/417/1 10/418/1
f 64/419/1 10/418/1 9/420/1
f 65/421/1 64/419/1 9/420/1
f 65/421/1 9/420/1 181/422/1
f 181/422/1 9/420/1 8/423/1
f 66/424/1 65/421/1 181/422/1
f 66/424/1 181/422/1 180/425/1
f 182/426/1 181/422/1 8/423/1
f 66/424/1 180/425/1 179/427/1
f 183/428/1 182/426/1 8/423/1
f 66/424/1 179/427/1 178/429/1
f 184/430/1 183/428/1 8/423/1
f 184/430/1 8/423/1 7/431/1
f 67/432/1 66/424/1 178/429/1
f 67/432/1 178/429/1 177/433/1
f 185/434/1 184/430/1 7/431/1
f 67/432/1 177/433/1 176/435/1
f 186/436/1 185/434/1 7/431/1
f 186/436/1 7/431/1 6/437/1
f 68/438/1 67/432/1 176/435/1
f 68/438/1 176/435/1 175/439/1
f 187/440/1 186/436/1 6/437/1
f 68/438/1 175/439/1 174/441/1
f 188/442/1 187/440/1 6/437/1
f 69/443/1 68/438/1 174/441/1
f 188/442/1 6/437/1 5/444/1
f 69/443/1 174/441/1 173/445/1
f 189/446/1 188/442/1 5/444/1
f 70/447/1 69/443/1 173/445/1
f 189/446/1 5/444/1 4/448/1
f 70/447/1 173/445/1 172/449/1
f 190/450/1 189/446/1 4/448/1
f 70/447/1 172/449/1 171/451/1
f 71/452/1 70/447/1 171/451/1
f 191/453/1 190/450/1 4/448/1
f 191/453/1 4/448/1 3/454/1
f 71/452/1 171/451/1 170/455/1
f 192/456/1 191/453/1 3/454/1
f 72/457/1 71/452/1 170/455/1
f 192/456/1 3/454/1 2/458/1
f 72/457/1 170/455/1 169/459/1
f 145/460/1 192/456/1 2/458/1
f 73/461/1 72/457/1 169/459/1
f 145/460/1 2/458/1 1/462/1
f 73/461/1 169/459/1 168/463/1
f 146/464/1 145/460/1 1/462/1
f 74/465/1 73/461/1 168/463/1
f 146/464/1 1/462/1 96/466/1
f 147/467/1 146/464/1 96/466/1
f 74/465/1 168/463/1 167/468/1
f 148/469/1 147/467/1 96/466/1
f 74/465/1 167/468/1 166/470/1
f 75/471/1 74/465/1 166/470/1
f 148/469/1 96/466/1 95/472/1
f 149/473/1 148/469/1 95/472/1
f 75/471/1 166/470/1 165/474/1
f 150/475/1 149/473/1 95/472/1
f 75/471/1 165/474/1 164/476/1
f 76/477/1 75/471/1 164/476/1
f 150/475/1 95/472/1 94/478/1
f 151/479/1 150/475/1 94/478/1
f 76/477/1 164/476/1 163/480/1
f 152/481/1 151/479/1 94/478/1
f 76/477/1 163/480/1 162/482/1
f 77/483/1 76/477/1 162/482/1
f 152/481/1 94/478/1 93/484/1
f 153/485/1 152/481/1 93/484/1
f 77/483/1 162/482/1 161/486/1
f 154/487/1 153/485/1 93/484/1
f 77/483/1 161/486/1 160/488/1
f 155/489/1 154/487/1 93/484/1
f 77/483/1 160/488/1 159/490/1
f 156/491/1 155/489/1 93/484/1
f 77/483/1 159/490/1 158/492/1
f 78/493/1 77/483/1 158/492/1
f 156/491/1 93/484/1 92/494/1
f 157/495/1 156/491/1 92/494/1
f 78/493/1 158/492/1 157/495/1
f 78/493/1 157/495/1 92/494/1
f 79/496/1 78/493/1 92/494/1
f 79/496/1 92/494/1 91/497/1
f 80/498/1 79/496/1 91/497/1
f 80/498/1 91/497/1 90/499/1
f 81/500/1 80/498/1 90/499/1
f 81/500/1 90/499/1 89/501/1
f 82/502/1 81/500/1 89/501/1
f 82/502/1 89/501/1 88/503/1
f 83/504/1 82/502/1 88/503/1
f 83/504/1 88/503/1 87/505/1
f 84/506/1 83/504/1 87/505/1
f 84/506/1 87/505/1 86/507/1
f 85/508/1 84/506/1 86/507/1
f 712/1/2 710/3/2 711/2/2
f 712/1/2 718/4/2 710/3/2
f 718/4/2 717/5/2 710/3/2
f 704/6/2 702/8/2 703/7/2
f 709/9/2 707/11/2 708/10/2
f 701/12/2 707/11/2 709/9/2
f 704/6/2 701/12/2 702/8/2
f 712/1/2 720/13/2 718/4/2
f 719/14/2 717/5/2 718/4/2
f 704/6/2 707/11/2 701/12/2
f 705/15/2 707/11/2 704/6/2
f 705/15/2 706/16/2 707/11/2
f 712/1/2 714/17/2 720/13/2
f 714/17/2 719/14/2 720/13/2
f 714/17/2 715/18/2 719/14/2
f 715/18/2 717/5/2 719/14/2
f 712/1/2 713/19/2 714/17/2
f 716/20/2 717/5/2 715/18/2
f 723/21/2 721/23/2 722/22/2
f 723/21/2 728/24/2 721/23/2
f 724/25/1 728/24/1 723/21/1
f 725/26/2 727/27/2 724/25/2
f 727/27/2 728/24/2 724/25/2
f 725/26/2 726/28/2 727/27/2
f 742/29/2 740/31/2 741/30/2
f 742/29/2 739/32/2 740/31/2
f 743/33/2 739/32/2 742/29/2
f 743/33/2 738/34/2 739/32/2
f 744/35/2 738/34/2 743/33/2
f 744/35/2 737/36/2 738/34/2
f 745/37/2 737/36/2 744/35/2
f 746/38/2 737/36/2 745/37/2
f 746/38/2 736/39/2 737/36/2
f 747/40/2 736/39/2 746/38/2
f 747/40/2 808/41/2 736/39/2
f 808/41/2 735/42/2 736/39/2
f 747/40/2 807/43/2 808/41/2
f 809/44/2 735/42/2 808/41/2
f 810/45/2 817/46/2 809/44/2
f 817/46/2 735/42/2 809/44/2
f 747/40/2 806/47/2 807/43/2
f 748/48/2 806/47/2 747/40/2
f 817/46/2 734/49/2 735/42/2
f 810/45/2 816/50/2 817/46/2
f 818/51/2 734/49/2 817/46/2
f 819/52/2 734/49/2 818/51/2
f 810/45/2 815/53/2 816/50/2
f 748/48/2 805/54/2 806/47/2
f 811/55/2 815/53/2 810/45/2
f 820/56/2 734/49/2 819/52/2
f 749/57/2 805/54/2 748/48/2
f 820/56/2 733/58/2 734/49/2
f 811/55/2 814/59/2 815/53/2
f 749/57/2 804/60/2 805/54/2
f 812/61/2 814/59/2 811/55/2
f 821/62/2 733/58/2 820/56/2
f 749/57/2 803/63/2 804/60/2
f 750/64/2 803/63/2 749/57/2
f 821/62/2 732/65/2 733/58/2
f 812/61/2 813/66/2 814/59/2
f 822/67/2 732/65/2 821/62/2
f 750/64/2 802/68/2 803/63/2
f 751/69/2 802/68/2 750/64/2
f 822/67/2 731/70/2 732/65/2
f 823/71/2 731/70/2 822/67/2
f 751/69/2 801/72/2 802/68/2
f 752/73/2 801/72/2 751/69/2
f 823/71/2 730/74/2 731/70/2
f 824/75/2 730/74/2 823/71/2
f 752/73/2 800/76/2 801/72/2
f 752/73/2 799/77/2 800/76/2
f 753/78/2 799/77/2 752/73/2
f 824/75/2 729/79/2 730/74/2
f 777/80/2 729/79/2 824/75/2
f 753/78/2 798/81/2 799/77/2
f 753/78/2 797/82/2 798/81/2
f 778/83/2 729/79/2 777/80/2
f 754/84/2 797/82/2 753/78/2
f 778/83/2 776/85/2 729/79/2
f 754/84/2 796/86/2 797/82/2
f 779/87/2 776/85/2 778/83/2
f 754/84/2 795/88/2 796/86/2
f 755/89/2 795/88/2 754/84/2
f 779/87/2 775/90/2 776/85/2
f 755/89/2 794/91/2 795/88/2
f 780/92/2 775/90/2 779/87/2
f 755/89/2 793/93/2 794/91/2
f 781/94/2 775/90/2 780/92/2
f 755/89/2 792/95/2 793/93/2
f 756/96/2 792/95/2 755/89/2
f 781/94/2 774/97/2 775/90/2
f 782/98/2 774/97/2 781/94/2
f 756/96/2 791/99/2 792/95/2
f 783/100/2 774/97/2 782/98/2
f 756/96/2 790/101/2 791/99/2
f 784/102/2 774/97/2 783/100/2
f 785/103/2 774/97/2 784/102/2
f 756/96/2 789/104/2 790/101/2
f 756/96/2 788/105/2 789/104/2
f 786/106/2 774/97/2 785/103/2
f 756/96/2 787/107/2 788/105/2
f 756/96/2 786/106/2 787/107/2
f 756/96/2 774/97/2 786/106/2
f 757/108/2 774/97/2 756/96/2
f 757/108/2 773/109/2 774/97/2
f 758/110/2 773/109/2 757/108/2
f 758/110/2 772/111/2 773/109/2
f 759/112/2 772/111/2 758/110/2
f 759/112/2 771/113/2 772/111/2
f 760/114/2 771/113/2 759/112/2
f 760/114/2 770/115/2 771/113/2
f 761/116/2 770/115/2 760/114/2
f 761/116/2 769/117/2 770/115/2
f 762/118/2 769/117/2 761/116/2
f 762/118/2 768/119/2 769/117/2
f 763/120/2 768/119/2 762/118/2
f 763/120/2 767/121/2 768/119/2
f 764/122/2 767/121/2 763/120/2
f 764/122/2 766/123/2 767/121/2
f 765/124/2 766/123/2 764/122/2
f 838/125/2 836/127/2 837/126/2
f 838/125/2 835/128/2 836/127/2
f 839/129/2 835/128/2 838/125/2
f 839/129/2 834/130/2 835/128/2
f 840/131/2 834/130/2 839/129/2
f 840/131/2 833/132/2 834/130/2
f 841/133/2 833/132/2 840/131/2
f 842/134/2 833/132/2 841/133/2
f 842/134/2 832/135/2 833/132/2
f 843/136/2 832/135/2 842/134/2
f 843/136/2 909/137/2 832/135/2
f 909/137/2 831/138/2 832/135/2
f 843/136/2 908/139/2 909/137/2
f 910/140/2 831/138/2 909/137/2
f 843/136/2 907/141/2 908/139/2
f 911/142/2 831/138/2 910/140/2
f 844/143/2 907/141/2 843/136/2
f 911/142/2 830/144/2 831/138/2
f 844/143/2 906/145/2 907/141/2
f 912/146/2 830/144/2 911/142/2
f 844/143/2 905/147/2 906/145/2
f 913/148/2 830/144/2 912/146/2
f 844/143/2 904/149/2 905/147/2
f 914/150/2 830/144/2 913/148/2
f 845/151/2 904/149/2 844/143/2
f 914/150/2 829/152/2 830/144/2
f 845/151/2 903/153/2 904/149/2
f 915/154/2 829/152/2 914/150/2
f 845/151/2 902/155/2 903/153/2
f 916/156/2 829/152/2 915/154/2
f 846/157/2 902/155/2 845/151/2
f 916/156/2 828/158/2 829/152/2
f 846/157/2 901/159/2 902/155/2
f 917/160/2 828/158/2 916/156/2
f 847/161/2 901/159/2 846/157/2
f 917/160/2 827/162/2 828/158/2
f 847/161/2 900/163/2 901/159/2
f 918/164/2 827/162/2 917/160/2
f 847/161/2 899/165/2 900/163/2
f 919/166/2 827/162/2 918/164/2
f 848/167/2 899/165/2 847/161/2
f 919/166/2 826/168/2 827/162/2
f 848/167/2 898/169/2 899/165/2
f 920/170/2 826/168/2 919/166/2
f 849/171/2 898/169/2 848/167/2
f 920/170/2 825/172/2 826/168/2
f 849/171/2 897/173/2 898/169/2
f 873/174/2 825/172/2 920/170/2
f 850/175/2 897/173/2 849/171/2
f 850/175/2 896/176/2 897/173/2
f 874/177/2 825/172/2 873/174/2
f 874/177/2 872/178/2 825/172/2
f 850/175/2 895/179/2 896/176/2
f 875/180/2 872/178/2 874/177/2
f 851/181/2 895/179/2 850/175/2
f 875/180/2 871/182/2 872/178/2
f 851/181/2 894/183/2 895/179/2
f 876/184/2 871/182/2 875/180/2
f 852/185/2 894/183/2 851/181/2
f 876/184/2 870/186/2 871/182/2
f 877/187/2 870/186/2 876/184/2
f 852/185/2 893/188/2 894/183/2
f 878/189/2 870/186/2 877/187/2
f 852/185/2 892/190/2 893/188/2
f 853/191/2 892/190/2 852/185/2
f 878/189/2 869/192/2 870/186/2
f 879/193/2 869/192/2 878/189/2
f 853/191/2 891/194/2 892/190/2
f 854/195/2 891/194/2 853/191/2
f 879/193/2 868/196/2 869/192/2
f 880/197/2 868/196/2 879/193/2
f 854/195/2 890/198/2 891/194/2
f 881/199/2 868/196/2 880/197/2
f 854/195/2 889/200/2 890/198/2
f 855/201/2 889/200/2 854/195/2
f 881/199/2 867/202/2 868/196/2
f 882/203/2 867/202/2 881/199/2
f 855/201/2 888/204/2 889/200/2
f 883/205/2 867/202/2 882/203/2
f 855/201/2 887/206/2 888/204/2
f 884/207/2 867/202/2 883/205/2
f 855/201/2 886/208/2 887/206/2
f 856/209/2 886/208/2 855/201/2
f 884/207/2 866/210/2 867/202/2
f 885/211/2 866/210/2 884/207/2
f 856/209/2 885/211/2 886/208/2
f 856/209/2 866/210/2 885/211/2
f 857/212/2 866/210/2 856/209/2
f 857/212/2 865/213/2 866/210/2
f 858/214/2 865/213/2 857/212/2
f 858/214/2 864/215/2 865/213/2
f 859/216/2 864/215/2 858/214/2
f 859/216/2 863/217/2 864/215/2
f 860/218/2 863/217/2 859/216/2
f 860/218/2 862/219/2 863/217/2
f 861/220/2 862/219/2 860/218/2
f 934/221/2 932/223/2 933/222/2
f 934/221/2 931/224/2 932/223/2
f 935/225/2 931/224/2 934/221/2
f 935/225/2 930/226/2 931/224/2
f 936/227/2 930/226/2 935/225/2
f 936/227/2 929/228/2 930/226/2
f 937/229/2 929/228/2 936/227/2
f 938/230/2 929/228/2 937/229/2
f 938/230/2 928/231/2 929/228/2
f 939/232/2 928/231/2 938/230/2
f 939/232/2 1005/233/2 928/231/2
f 1005/233/2 927/234/2 928/231/2
f 939/232/2 1004/235/2 1005/233/2
f 1006/236/2 927/234/2 1005/233/2
f 939/232/2 1003/237/2 1004/235/2
f 1007/238/2 927/234/2 1006/236/2
f 940/239/2 1003/237/2 939/232/2
f 1007/238/2 926/240/2 927/234/2
f 940/239/2 1002/241/2 1003/237/2
f 1008/242/2 926/240/2 1007/238/2
f 940/239/2 1001/243/2 1002/241/2
f 1009/244/2 926/240/2 1008/242/2
f 940/239/2 1000/245/2 1001/243/2
f 1010/246/2 926/240/2 1009/244/2
f 941/247/2 1000/245/2 940/239/2
f 1010/246/2 925/248/2 926/240/2
f 941/247/2 999/249/2 1000/245/2
f 1011/250/2 925/248/2 1010/246/2
f 941/247/2 998/251/2 999/249/2
f 1012/252/2 925/248/2 1011/250/2
f 942/253/2 998/251/2 941/247/2
f 1012/252/2 924/254/2 925/248/2
f 942/253/2 997/255/2 998/251/2
f 1013/256/2 924/254/2 1012/252/2
f 943/257/2 997/255/2 942/253/2
f 1013/256/2 923/258/2 924/254/2
f 943/257/2 996/259/2 997/255/2
f 1014/260/2 923/258/2 1013/256/2
f 943/257/2 995/261/2 996/259/2
f 1015/262/2 923/258/2 1014/260/2
f 944/263/2 995/261/2 943/257/2
f 1015/262/2 922/264/2 923/258/2
f 944/263/2 994/265/2 995/261/2
f 1016/266/2 922/264/2 1015/262/2
f 945/267/2 994/265/2 944/263/2
f 1016/266/2 921/268/2 922/264/2
f 945/267/2 993/269/2 994/265/2
f 969/270/2 921/268/2 1016/266/2
f 946/271/2 993/269/2 945/267/2
f 946/271/2 992/272/2 993/269/2
f 970/273/2 921/268/2 969/270/2
f 970/273/2 968/274/2 921/268/2
f 946/271/2 991/275/2 992/272/2
f 971/276/2 968/274/2 970/273/2
f 947/277/2 991/275/2 946/271/2
f 971/276/2 967/278/2 968/274/2
f 947/277/2 990/279/2 991/275/2
f 972/280/2 967/278/2 971/276/2
f 948/281/2 990/279/2 947/277/2
f 972/280/2 966/282/2 967/278/2
f 973/283/2 966/282/2 972/280/2
f 948/281/2 989/284/2 990/279/2
f 974/285/2 966/282/2 973/283/2
f 948/281/2 988/286/2 989/284/2
f 949/287/2 988/286/2 948/281/2
f 974/285/2 965/288/2 966/282/2
f 975/289/2 965/288/2 974/285/2
f 949/287/2 987/290/2 988/286/2
f 950/291/2 987/290/2 949/287/2
f 975/289/2 964/292/2 965/288/2
f 976/293/2 964/292/2 975/289/2
f 950/291/2 986/294/2 987/290/2
f 977/295/2 964/292/2 976/293/2
f 950/291/2 985/296/2 986/294/2
f 951/297/2 985/296/2 950/291/2
f 977/295/2 963/298/2 964/292/2
f 978/299/2 963/298/2 977/295/2
f 951/297/2 984/300/2 985/296/2
f 979/301/2 963/298/2 978/299/2
f 951/297/2 983/302/2 984/300/2
f 980/303/2 963/298/2 979/301/2
f 951/297/2 982/304/2 983/302/2
f 952/305/2 982/304/2 951/297/2
f 980/303/2 962/306/2 963/298/2
f 981/307/2 962/306/2 980/303/2
f 952/305/2 981/307/2 982/304/2
f 952/305/2 962/306/2 981/307/2
f 953/308/2 962/306/2 952/305/2
f 953/308/2 961/309/2 962/306/2
f 954/310/2 961/309/2 953/308/2
f 954/310/2 960/311/2 961/309/2
f 955/312/2 960/311/2 954/310/2
f 955/312/2 959/313/2 960/311/2
f 956/314/2 959/313/2 955/312/2
f 956/314/2 958/315/2 959/313/2
f 957/316/2 958/315/2 956/314/2
f 546/317/2 544/319/2 545/318/2
f 547/320/2 544/319/2 546/317/2
f 547/320/2 543/321/2 544/319/2
f 548/322/2 543/321/2 547/320/2
f 548/322/2 542/323/2 543/321/2
f 549/324/2 542/323/2 548/322/2
f 549/324/2 541/325/2 542/323/2
f 550/326/2 541/325/2 549/324/2
f 550/326/2 540/327/2 541/325/2
f 551/328/2 540/327/2 550/326/2
f 551/328/2 539/329/2 540/327/2
f 552/330/2 539/329/2 551/328/2
f 552/330/2 538/331/2 539/329/2
f 553/332/2 538/331/2 552/330/2
f 553/332/2 641/333/2 538/331/2
f 641/333/2 537/334/2 538/331/2
f 553/332/2 640/335/2 641/333/2
f 642/336/2 537/334/2 641/333/2
f 553/332/2 639/337/2 640/335/2
f 643/338/2 537/334/2 642/336/2
f 554/339/2 639/337/2 553/332/2
f 554/339/2 638/340/2 639/337/2
f 643/338/2 536/341/2 537/334/2
f 644/342/2 536/341/2 643/338/2
f 554/339/2 637/343/2 638/340/2
f 645/344/2 536/341/2 644/342/2
f 554/339/2 636/345/2 637/343/2
f 646/346/2 536/341/2 645/344/2
f 554/339/2 635/347/2 636/345/2
f 647/348/2 536/341/2 646/346/2
f 555/349/2 635/347/2 554/339/2
f 647/348/2 535/350/2 536/341/2
f 555/349/2 634/351/2 635/347/2
f 648/352/2 535/350/2 647/348/2
f 555/349/2 633/353/2 634/351/2
f 649/354/2 535/350/2 648/352/2
f 555/349/2 632/355/2 633/353/2
f 556/356/2 632/355/2 555/349/2
f 650/357/2 535/350/2 649/354/2
f 650/357/2 534/358/2 535/350/2
f 556/356/2 631/359/2 632/355/2
f 651/360/2 534/358/2 650/357/2
f 556/356/2 630/361/2 631/359/2
f 652/362/2 534/358/2 651/360/2
f 557/363/2 630/361/2 556/356/2
f 652/362/2 533/364/2 534/358/2
f 557/363/2 629/365/2 630/361/2
f 605/366/2 533/364/2 652/362/2
f 557/363/2 628/367/2 629/365/2
f 558/368/2 628/367/2 557/363/2
f 606/369/2 533/364/2 605/366/2
f 606/369/2 532/370/2 533/364/2
f 558/368/2 627/371/2 628/367/2
f 607/372/2 532/370/2 606/369/2
f 559/373/2 627/371/2 558/368/2
f 607/372/2 531/374/2 532/370/2
f 559/373/2 626/375/2 627/371/2
f 608/376/2 531/374/2 607/372/2
f 608/376/2 530/377/2 531/374/2
f 560/378/2 626/375/2 559/373/2
f 560/378/2 625/379/2 626/375/2
f 609/380/2 530/377/2 608/376/2
f 609/380/2 529/381/2 530/377/2
f 561/382/2 625/379/2 560/378/2
f 561/382/2 624/383/2 625/379/2
f 610/384/2 529/381/2 609/380/2
f 610/384/2 528/385/2 529/381/2
f 562/386/2 624/383/2 561/382/2
f 562/386/2 623/387/2 624/383/2
f 611/388/2 528/385/2 610/384/2
f 611/388/2 527/389/2 528/385/2
f 563/390/2 623/387/2 562/386/2
f 563/390/2 622/391/2 623/387/2
f 612/392/2 527/389/2 611/388/2
f 612/392/2 526/393/2 527/389/2
f 563/390/2 621/394/2 622/391/2
f 613/395/2 526/393/2 612/392/2
f 564/396/2 621/394/2 563/390/2
f 564/396/2 620/397/2 621/394/2
f 614/398/2 526/393/2 613/395/2
f 614/398/2 525/399/2 526/393/2
f 565/400/2 620/397/2 564/396/2
f 565/400/2 619/401/2 620/397/2
f 615/402/2 525/399/2 614/398/2
f 565/400/2 618/403/2 619/401/2
f 616/404/2 525/399/2 615/402/2
f 565/400/2 617/405/2 618/403/2
f 617/405/2 525/399/2 616/404/2
f 565/400/2 525/399/2 617/405/2
f 565/400/2 524/406/2 525/399/2
f 566/407/2 524/406/2 565/400/2
f 566/407/2 523/408/2 524/406/2
f 567/409/2 523/408/2 566/407/2
f 567/409/2 522/410/2 523/408/2
f 568/411/2 522/410/2 567/409/2
f 568/411/2 521/412/2 522/410/2
f 569/413/2 521/412/2 568/411/2
f 570/414/2 521/412/2 569/413/2
f 570/414/2 520/415/2 521/412/2
f 570/414/2 519/416/2 520/415/2
f 571/417/2 519/416/2 570/414/2
f 571/417/2 518/418/2 519/416/2
f 572/419/2 518/418/2 571/417/2
f 572/419/2 517/420/2 518/418/2
f 573/421/2 517/420/2 572/419/2
f 573/421/2 689/422/2 517/420/2
f 689/422/2 516/423/2 517/420/2
f 574/424/2 689/422/2 573/421/2
f 574/424/2 688/425/2 689/422/2
f 690/426/2 516/423/2 689/422/2
f 574/424/2 687/427/2 688/425/2
f 691/428/2 516/423/2 690/426/2
f 574/424/2 686/429/2 687/427/2
f 692/430/2 516/423/2 691/428/2
f 692/430/2 515/431/2 516/423/2
f 575/432/2 686/429/2 574/424/2
f 575/432/2 685/433/2 686/429/2
f 693/434/2 515/431/2 692/430/2
f 575/432/2 684/435/2 685/433/2
f 694/436/2 515/431/2 693/434/2
f 694/436/2 514/437/2 515/431/2
f 576/438/2 684/435/2 575/432/2
f 576/438/2 683/439/2 684/435/2
f 695/440/2 514/437/2 694/436/2
f 576/438/2 682/441/2 683/439/2
f 696/442/2 514/437/2 695/440/2
f 577/443/2 682/441/2 576/438/2
f 696/442/2 513/444/2 514/437/2
f 577/443/2 681/445/2 682/441/2
f 697/446/2 513/444/2 696/442/2
f 578/447/2 681/445/2 577/443/2
f 697/446/2 512/448/2 513/444/2
f 578/447/2 680/449/2 681/445/2
f 698/450/2 512/448/2 697/446/2
f 578/447/2 679/451/2 680/449/2
f 579/452/2 679/451/2 578/447/2
f 699/453/2 512/448/2 698/450/2
f 699/453/2 511/454/2 512/448/2
f 579/452/2 678/455/2 679/451/2
f 700/456/2 511/454/2 699/453/2
f 580/457/2 678/455/2 579/452/2
f 700/456/2 510/458/2 511/454/2
f 580/457/2 677/459/2 678/455/2
f 653/460/2 510/458/2 700/456/2
f 581/461/2 677/459/2 580/457/2
f 653/460/2 509/462/2 510/458/2
f 581/461/2 676/463/2 677/459/2
f 654/464/2 509/462/2 653/460/2
f 582/465/2 676/463/2 581/461/2
f 654/464/2 604/466/2 509/462/2
f 655/467/2 604/466/2 654/464/2
f 582/465/2 675/468/2 676/463/2
f 656/469/2 604/466/2 655/467/2
f 582/465/2 674/470/2 675/468/2
f 583/471/2 674/470/2 582/465/2
f 656/469/2 603/472/2 604/466/2
f 657/473/2 603/472/2 656/469/2
f 583/471/2 673/474/2 674/470/2
f 658/475/2 603/472/2 657/473/2
f 583/471/2 672/476/2 673/474/2
f 584/477/2 672/476/2 583/471/2
f 658/475/2 602/478/2 603/472/2
f 659/479/2 602/478/2 658/475/2
f 584/477/2 671/480/2 672/476/2
f 660/481/2 602/478/2 659/479/2
f 584/477/2 670/482/2 671/480/2
f 585/483/2 670/482/2 584/477/2
f 660/481/2 601/484/2 602/478/2
f 661/485/2 601/484/2 660/481/2
f 585/483/2 669/486/2 670/482/2
f 662/487/2 601/484/2 661/485/2
f 585/483/2 668/488/2 669/486/2
f 663/489/2 601/484/2 662/487/2
f 585/483/2 667/490/2 668/488/2
f 664/491/2 601/484/2 663/489/2
f 585/483/2 666/492/2 667/490/2
f 586/493/2 666/492/2 585/483/2
f 664/491/2 600/494/2 601/484/2
f 665/495/2 600/494/2 664/491/2
f 586/493/2 665/495/2 666/492/2
f 586/493/2 600/494/2 665/495/2
f 587/496/2 600/494/2 586/493/2
f 587/496/2 599/497/2 600/494/2
f 588/498/2 599/497/2 587/496/2
f 588/498/2 598/499/2 599/497/2
f 589/500/2 598/499/2 588/498/2
f 589/500/2 597/501/2 598/499/2
f 590/502/2 597/501/2 589/500/2
f 590/502/2 596/503/2 597/501/2
f 591/504/2 596/503/2 590/502/2
f 591/504/2 595/505/2 596/503/2
f 592/506/2 595/505/2 591/504/2
f 592/506/2 594/507/2 595/505/2
f 593/508/2 594/507/2 592/506/2
f 171/509/3 172/510/3 680/511/3 679/512/3
f 432/513/4 433/514/4 941/515/4 940/516/4
f 70/517/5 71/518/5 579/519/5 578/520/5
f 27/521/6 28/522/6 536/523/6 535/524/6
f 322/513/7 323/525/7 831/526/7 830/516/7
f 190/527/8 191/528/8 699/529/8 698/530/8
f 126/531/9 127/532/9 635/533/9 634/534/9
f 417/535/10 418/513/10 926/516/10 925/536/10
f 398/537/11 399/538/11 907/539/11 906/540/11
f 227/525/12 228/541/12 736/542/12 735/526/12
f 139/543/13 140/544/13 648/545/13 647/546/13
f 403/547/14 404/548/14 912/549/14 911/550/14
f 491/551/15 492/552/15 1000/553/15 999/554/15
f 299/555/16 300/556/16 808/557/16 807/558/16
f 3/559/17 4/560/17 512/561/17 511/562/17
f 502/552/18 503/551/18 1011/554/18 1010/553/18
f 300/556/19 301/563/19 809/564/19 808/557/19
f 125/565/20 126/531/20 634/534/20 633/566/20
f 397/567/21 398/537/21 906/540/21 905/568/21
f 170/569/22 171/509/22 679/512/22 678/570/22
f 140/544/23 141/571/23 649/572/23 648/545/23
f 404/548/24 405/573/24 913/574/24 912/549/24
f 301/575/25 302/576/25 810/577/25 809/578/25
f 191/528/26 192/579/26 700/580/26 699/529/26
f 490/581/27 491/551/27 999/554/27 998/582/27
f 503/551/28 504/581/28 1012/582/28 1011/554/28
f 71/518/29 72/583/29 580/584/29 579/519/29
f 124/585/30 125/565/30 633/566/30 632/586/30
f 396/552/31 397/587/31 905/588/31 904/553/31
f 47/589/32 48/590/32 556/591/32 555/592/32
f 433/514/33 434/593/33 942/594/33 941/515/33
f 405/587/34 406/552/34 914/553/34 913/588/34
f 298/595/35 299/596/35 807/597/35 806/598/35
f 2/599/36 3/559/36 511/562/36 510/600/36
f 141/571/37 142/601/37 650/602/37 649/572/37
f 336/513/4 337/514/4 845/515/4 844/516/4
f 239/525/38 240/513/38 748/516/38 747/526/38
f 416/593/39 417/535/39 925/536/39 924/594/39
f 169/603/40 170/569/40 678/570/40 677/604/40
f 192/579/41 145/603/41 653/604/41 700/580/41
f 26/605/42 27/521/42 535/524/42 534/606/42
f 489/607/43 490/581/43 998/582/43 997/608/43
f 321/535/10 322/513/10 830/516/10 829/536/10
f 226/513/7 227/525/7 735/526/7 734/516/7
f 504/581/44 505/607/44 1013/608/44 1012/582/44
f 72/583/45 73/609/45 581/610/45 580/584/45
f 123/611/46 124/585/46 632/586/46 631/612/46
f 395/551/15 396/552/15 904/553/15 903/554/15
f 308/613/47 309/614/47 817/615/47 816/616/47
f 142/601/48 143/617/48 651/618/48 650/602/48
f 434/593/49 435/619/49 943/620/49 942/594/49
f 406/552/18 407/551/18 915/554/18 914/553/18
f 309/621/50 310/622/50 818/623/50 817/624/50
f 1/625/51 2/599/51 510/600/51 509/626/51
f 310/622/52 311/627/52 819/628/52 818/623/52
f 122/629/53 123/611/53 631/612/53 630/630/53
f 415/619/54 416/593/54 924/594/54 923/620/54
f 394/581/27 395/551/27 903/554/27 902/582/27
f 168/631/55 169/603/55 677/604/55 676/632/55
f 143/617/56 144/633/56 652/634/56 651/618/56
f 407/551/28 408/581/28 916/582/28 915/554/28
f 145/603/57 146/635/57 654/636/57 653/604/57
f 488/637/58 489/607/58 997/608/58 996/638/58
f 307/639/59 308/640/59 816/641/59 815/642/59
f 48/590/60 49/643/60 557/644/60 556/591/60
f 505/607/61 506/637/61 1014/638/61 1013/608/61
f 337/514/33 338/593/33 846/594/33 845/515/33
f 73/609/62 74/645/62 582/646/62 581/610/62
f 297/647/63 298/595/63 806/598/63 805/648/63
f 302/576/64 303/649/64 811/650/64 810/577/64
f 25/651/65 26/605/65 534/606/65 533/652/65
f 487/653/66 488/637/66 996/638/66 995/654/66
f 320/593/39 321/535/39 829/536/39 828/594/39
f 96/655/67 1/625/67 509/626/67 604/656/67
f 506/637/68 507/653/68 1015/654/68 1014/638/68
f 311/627/69 312/657/69 820/658/69 819/628/69
f 146/635/70 147/659/70 655/660/70 654/636/70
f 121/661/71 122/629/71 630/630/71 629/662/71
f 393/607/43 394/581/43 902/582/43 901/608/43
f 144/633/72 97/643/72 605/644/72 652/634/72
f 435/619/73 436/663/73 944/664/73 943/620/73
f 408/581/44 409/607/44 917/608/44 916/582/44
f 240/513/4 241/514/4 749/515/4 748/516/4
f 167/665/74 168/631/74 676/632/74 675/666/74
f 338/593/49 339/619/49 847/620/49 846/594/49
f 147/659/75 148/667/75 656/668/75 655/660/75
f 120/669/76 121/661/76 629/662/76 628/670/76
f 414/663/77 415/619/77 923/620/77 922/664/77
f 225/535/10 226/513/10 734/516/10 733/536/10
f 49/643/78 50/671/78 558/672/78 557/644/78
f 486/673/79 487/653/79 995/654/79 994/674/79
f 319/619/54 320/593/54 828/594/54 827/620/54
f 306/675/80 307/639/80 815/642/80 814/676/80
f 166/677/81 167/665/81 675/666/81 674/678/81
f 97/643/82 98/679/82 606/680/82 605/644/82
f 507/653/83 508/681/83 1016/682/83 1015/654/83
f 74/645/84 75/683/84 583/684/84 582/646/84
f 392/637/58 393/607/58 901/608/58 900/638/58
f 296/685/85 297/647/85 805/648/85 804/686/85
f 436/663/86 437/687/86 945/688/86 944/664/86
f 409/607/61 410/637/61 918/638/61 917/608/61
f 303/649/87 304/689/87 812/690/87 811/650/87
f 24/691/88 25/651/88 533/652/88 532/692/88
f 95/693/89 96/655/89 604/656/89 603/694/89
f 312/657/90 313/695/90 821/696/90 820/658/90
f 148/667/91 149/697/91 657/698/91 656/668/91
f 119/699/92 120/669/92 628/670/92 627/700/92
f 413/687/93 414/663/93 922/664/93 921/688/93
f 391/653/66 392/637/66 900/638/66 899/654/66
f 98/679/94 99/701/94 607/702/94 606/680/94
f 410/637/68 411/653/68 919/654/68 918/638/68
f 485/687/95 486/673/95 994/674/95 993/688/95
f 295/703/96 296/685/96 804/686/96 803/704/96
f 165/705/97 166/677/97 674/678/97 673/706/97
f 50/671/98 51/707/98 559/708/98 558/672/98
f 508/681/99 461/687/99 969/688/99 1016/682/99
f 339/619/73 340/663/73 848/664/73 847/620/73
f 241/514/33 242/593/33 750/594/33 749/515/33
f 149/697/100 150/709/100 658/710/100 657/698/100
f 437/687/101 438/711/101 946/712/101 945/688/101
f 23/713/102 24/691/102 532/692/102 531/714/102
f 318/663/77 319/619/77 827/620/77 826/664/77
f 224/593/39 225/535/39 733/536/39 732/594/39
f 164/715/103 165/705/103 673/706/103 672/716/103
f 304/689/104 305/717/104 813/718/104 812/690/104
f 75/683/105 76/719/105 584/720/105 583/684/105
f 118/721/106 119/699/106 627/700/106 626/722/106
f 484/723/107 485/687/107 993/688/107 992/724/107
f 390/673/79 391/653/79 899/654/79 898/674/79
f 305/717/108 306/675/108 814/676/108 813/718/108
f 99/701/109 100/725/109 608/726/109 607/702/109
f 461/687/110 462/723/110 970/724/110 969/688/110
f 411/653/83 412/681/83 920/682/83 919/654/83
f 313/695/111 314/727/111 822/728/111 821/696/111
f 94/729/112 95/693/112 603/694/112 602/730/112
f 340/663/86 341/687/86 849/688/86 848/664/86
f 150/709/113 151/731/113 659/732/113 658/710/113
f 22/733/114 23/713/114 531/714/114 530/734/114
f 460/711/115 413/687/115 921/688/115 968/712/115
f 294/735/116 295/703/116 803/704/116 802/736/116
f 51/707/117 52/737/117 560/738/117 559/708/117
f 242/593/49 243/619/49 751/620/49 750/594/49
f 483/739/118 484/723/118 992/724/118 991/740/118
f 317/687/93 318/663/93 826/664/93 825/688/93
f 163/741/119 164/715/119 672/716/119 671/742/119
f 462/723/120 463/739/120 971/740/120 970/724/120
f 151/743/121 152/744/121 660/745/121 659/746/121
f 117/747/122 118/721/122 626/722/122 625/748/122
f 389/687/95 390/673/95 898/674/95 897/688/95
f 223/619/54 224/593/54 732/594/54 731/620/54
f 100/725/123 101/749/123 609/750/123 608/726/123
f 438/711/124 439/751/124 947/752/124 946/712/124
f 412/681/99 365/687/99 873/688/99 920/682/99
f 314/727/125 315/753/125 823/754/125 822/728/125
f 162/755/126 163/756/126 671/757/126 670/758/126
f 341/687/101 342/711/101 850/712/101 849/688/101
f 76/719/127 77/759/127 585/760/127 584/720/127
f 21/761/128 22/733/128 530/734/128 529/762/128
f 459/751/129 460/711/129 968/712/129 967/752/129
f 293/763/130 294/735/130 802/736/130 801/764/130
f 52/737/131 53/765/131 561/766/131 560/738/131
f 243/619/73 244/663/73 752/664/73 751/620/73
f 482/767/132 483/739/132 991/740/132 990/768/132
f 388/723/107 389/687/107 897/688/107 896/724/107
f 93/769/133 94/729/133 602/730/133 601/770/133
f 463/739/134 464/767/134 972/768/134 971/740/134
f 365/687/110 366/723/110 874/724/110 873/688/110
f 152/744/135 153/771/135 661/772/135 660/745/135
f 116/773/136 117/747/136 625/748/136 624/774/136
f 222/663/77 223/619/77 731/620/77 730/664/77
f 101/749/137 102/775/137 610/776/137 609/750/137
f 439/751/138 440/777/138 948/778/138 947/752/138
f 315/753/139 316/779/139 824/780/139 823/754/139
f 364/711/115 317/687/115 825/688/115 872/712/115
f 161/781/140 162/755/140 670/758/140 669/782/140
f 153/771/141 154/783/141 662/784/141 661/772/141
f 20/785/142 21/761/142 529/762/142 528/786/142
f 458/777/143 459/751/143 967/752/143 966/778/143
f 387/739/118 388/723/118 896/724/118 895/740/118
f 292/787/144 293/763/144 801/764/144 800/788/144
f 53/765/145 54/789/145 562/790/145 561/766/145
f 464/767/146 465/791/146 973/792/146 972/768/146
f 366/723/120 367/739/120 875/740/120 874/724/120
f 291/793/147 292/787/147 800/788/147 799/794/147
f 160/795/148 161/781/148 669/782/148 668/796/148
f 342/711/124 343/751/124 851/752/124 850/712/124
f 244/663/86 245/687/86 753/688/86 752/664/86
f 154/783/149 155/797/149 663/798/149 662/784/149
f 115/799/150 116/773/150 624/774/150 623/800/150
f 481/791/151 482/767/151 990/768/151 989/792/151
f 102/775/152 103/801/152 611/802/152 610/776/152
f 465/791/153 466/803/153 974/804/153 973/792/153
f 363/751/129 364/711/129 872/712/129 871/752/129
f 221/687/93 222/663/93 730/664/93 729/688/93
f 159/805/154 160/795/154 668/796/154 667/806/154
f 316/779/155 269/807/155 777/808/155 824/780/155
f 155/797/156 156/809/156 664/810/156 663/798/156
f 19/811/157 20/785/157 528/786/157 527/812/157
f 480/803/158 481/791/158 989/792/158 988/804/158
f 386/767/132 387/739/132 895/740/132 894/768/132
f 54/789/159 55/813/159 563/814/159 562/790/159
f 440/777/160 441/815/160 949/816/160 948/778/160
f 367/739/134 368/767/134 876/768/134 875/740/134
f 290/817/161 291/793/161 799/794/161 798/818/161
f 158/819/162 159/805/162 667/806/162 666/820/162
f 343/751/138 344/777/138 852/778/138 851/752/138
f 77/759/163 78/821/163 586/822/163 585/760/163
f 114/823/164 115/824/164 623/825/164 622/826/164
f 457/815/165 458/777/165 966/778/165 965/816/165
f 289/827/166 290/817/166 798/818/166 797/828/166
f 103/829/167 104/830/167 612/831/167 611/832/167
f 466/803/168 467/833/168 975/834/168 974/804/168
f 269/807/169 270/835/169 778/836/169 777/808/169
f 362/777/143 363/751/143 871/752/143 870/778/143
f 92/837/170 93/769/170 601/770/170 600/838/170
f 368/767/146 369/791/146 877/792/146 876/768/146
f 245/687/101 246/711/101 754/712/101 753/688/101
f 156/809/171 157/839/171 665/840/171 664/810/171
f 18/841/172 19/811/172 527/812/172 526/842/172
f 479/833/173 480/803/173 988/804/173 987/834/173
f 441/815/174 442/843/174 950/844/174 949/816/174
f 113/845/175 114/823/175 622/826/175 621/846/175
f 385/791/151 386/767/151 894/768/151 893/792/151
f 268/711/115 221/687/115 729/688/115 776/712/115
f 157/839/176 158/819/176 666/820/176 665/840/176
f 104/830/177 105/847/177 613/848/177 612/831/177
f 369/791/153 370/803/153 878/804/153 877/792/153
f 456/849/178 457/815/178 965/816/178 964/850/178
f 288/851/179 289/827/179 797/828/179 796/852/179
f 78/821/180 79/853/180 587/854/180 586/822/180
f 55/813/181 56/855/181 564/856/181 563/814/181
f 467/833/182 468/857/182 976/858/182 975/834/182
f 270/835/183 271/859/183 779/860/183 778/836/183
f 384/803/158 385/791/158 893/792/158 892/804/158
f 344/777/160 345/815/160 853/816/160 852/778/160
f 91/861/184 92/837/184 600/838/184 599/862/184
f 112/863/185 113/845/185 621/846/185 620/864/185
f 478/857/186 479/833/186 987/834/186 986/858/186
f 287/865/187 288/851/187 796/852/187 795/866/187
f 79/867/188 80/868/188 588/869/188 587/870/188
f 105/847/189 106/871/189 614/872/189 613/848/189
f 468/857/190 469/873/190 977/874/190 976/858/190
f 246/711/124 247/751/124 755/752/124 754/712/124
f 361/815/165 362/777/165 870/778/165 869/816/165
f 370/803/168 371/833/168 879/834/168 878/804/168
f 90/875/191 91/876/191 599/877/191 598/878/191
f 17/879/192 18/841/192 526/842/192 525/880/192
f 477/873/193 478/857/193 986/858/193 985/874/193
f 267/751/129 268/711/129 776/712/129 775/752/129
f 80/868/194 81/881/194 589/882/194 588/869/194
f 56/855/195 57/883/195 565/884/195 564/856/195
f 442/843/196 443/885/196 951/886/196 950/844/196
f 383/833/173 384/803/173 892/804/173 891/834/173
f 286/887/197 287/865/197 795/866/197 794/888/197
f 345/815/174 346/843/174 854/844/174 853/816/174
f 271/859/198 272/889/198 780/890/198 779/860/198
f 89/891/199 90/875/199 598/878/199 597/892/199
f 111/893/200 112/863/200 620/864/200 619/894/200
f 455/885/201 456/849/201 964/850/201 963/886/201
f 81/881/202 82/895/202 590/896/202 589/882/202
f 106/871/203 107/897/203 615/898/203 614/872/203
f 469/899/204 470/900/204 978/901/204 977/902/204
f 360/849/178 361/815/178 869/816/178 868/850/178
f 285/903/205 286/887/205 794/888/205 793/904/205
f 371/833/182 372/857/182 880/858/182 879/834/182
f 272/889/206 273/905/206 781/906/206 780/890/206
f 88/907/207 89/891/207 597/892/207 596/908/207
f 110/909/208 111/893/208 619/894/208 618/910/208
f 476/911/209 477/912/209 985/913/209 984/914/209
f 82/895/210 83/915/210 591/916/210 590/896/210
f 107/897/211 108/917/211 616/918/211 615/898/211
f 470/900/212 471/919/212 979/920/212 978/901/212
f 382/857/186 383/833/186 891/834/186 890/858/186
f 284/921/213 285/903/213 793/904/213 792/922/213
f 372/857/190 373/873/190 881/874/190 880/858/190
f 247/751/138 248/777/138 756/778/138 755/752/138
f 87/923/214 88/907/214 596/908/214 595/924/214
f 109/925/215 110/909/215 618/910/215 617/926/215
f 475/927/216 476/911/216 984/914/216 983/928/216
f 83/915/217 84/929/217 592/930/217 591/916/217
f 108/917/218 109/925/218 617/926/218 616/918/218
f 471/919/219 472/931/219 980/932/219 979/920/219
f 381/873/193 382/857/193 890/858/193 889/874/193
f 266/777/143 267/751/143 775/752/143 774/778/143
f 346/843/196 347/885/196 855/886/196 854/844/196
f 273/933/220 274/934/220 782/935/220 781/936/220
f 86/937/221 87/923/221 595/924/221 594/938/221
f 474/939/222 475/927/222 983/928/222 982/940/222
f 84/929/223 85/941/223 593/942/223 592/930/223
f 16/943/224 17/879/224 525/880/224 524/944/224
f 443/885/225 444/945/225 952/946/225 951/886/225
f 85/941/226 86/937/226 594/938/226 593/942/226
f 57/883/227 58/947/227 566/948/227 565/884/227
f 359/885/201 360/849/201 868/850/201 867/886/201
f 283/949/228 284/921/228 792/922/228 791/950/228
f 373/951/204 374/952/204 882/953/204 881/954/204
f 274/934/229 275/955/229 783/956/229 782/935/229
f 454/945/230 455/885/230 963/886/230 962/946/230
f 15/957/231 16/958/231 524/959/231 523/960/231
f 472/931/232 473/961/232 981/962/232 980/932/232
f 58/947/233 59/963/233 567/964/233 566/948/233
f 380/965/209 381/966/209 889/967/209 888/968/209
f 282/969/234 283/949/234 791/950/234 790/970/234
f 374/952/212 375/971/212 883/972/212 882/953/212
f 275/955/235 276/973/235 784/974/235 783/956/235
f 473/961/236 474/939/236 982/940/236 981/962/236
f 14/975/237 15/957/237 523/960/237 522/976/237
f 276/973/238 277/977/238 785/978/238 784/974/238
f 59/979/239 60/980/239 568/981/239 567/982/239
f 444/945/240 445/983/240 953/984/240 952/946/240
f 379/985/216 380/965/216 888/968/216 887/986/216
f 375/971/219 376/987/219 884/988/219 883/972/219
f 281/989/241 282/990/241 790/991/241 789/992/241
f 13/993/242 14/975/242 522/976/242 521/994/242
f 453/983/243 454/945/243 962/946/243 961/984/243
f 60/980/244 61/995/244 569/996/244 568/981/244
f 445/997/245 446/998/245 954/999/245 953/1000/245
f 378/1001/222 379/985/222 887/986/222 886/1002/222
f 280/1003/246 281/989/246 789/992/246 788/1004/246
f 347/885/225 348/945/225 856/946/225 855/886/225
f 277/977/247 278/1005/247 786/1006/247 785/978/247
f 61/995/248 62/1007/248 570/1008/248 569/996/248
f 452/1009/249 453/1010/249 961/1011/249 960/1012/249
f 446/998/250 447/1013/250 955/1014/250 954/999/250
f 358/945/251 359/885/251 867/886/251 866/946/251
f 279/1015/252 280/1003/252 788/1004/252 787/1016/252
f 12/1017/253 13/993/253 521/994/253 520/1018/253
f 376/987/232 377/1019/232 885/1020/232 884/988/232
f 278/1005/254 279/1015/254 787/1016/254 786/1006/254
f 203/1021/255 204/1022/255 712/1023/255 711/1024/255
f 11/1025/256 12/1017/256 520/1018/256 519/1026/256
f 451/1027/257 452/1009/257 960/1012/257 959/1028/257
f 62/1007/258 63/1029/258 571/1030/258 570/1008/258
f 447/1013/259 448/1031/259 956/1032/259 955/1014/259
f 377/1019/236 378/1001/236 886/1002/236 885/1020/236
f 248/777/160 249/815/160 757/816/160 756/778/160
f 202/1033/260 203/1034/260 711/1035/260 710/1036/260
f 348/945/240 349/983/240 857/984/240 856/946/240
f 10/1037/261 11/1025/261 519/1026/261 518/1038/261
f 450/1039/262 451/1027/262 959/1028/262 958/1040/262
f 265/815/165 266/777/165 774/778/165 773/816/165
f 63/1029/263 64/1041/263 572/1042/263 571/1030/263
f 448/1031/264 449/961/264 957/962/264 956/1032/264
f 249/815/174 250/843/174 758/844/174 757/816/174
f 209/1022/265 202/1021/265 710/1024/265 717/1023/265
f 449/961/266 450/1039/266 958/1040/266 957/962/266
f 357/983/243 358/945/243 866/946/243 865/984/243
f 195/1043/267 196/1044/267 704/1045/267 703/1046/267
f 37/1047/268 38/1048/268 546/1049/268 545/1050/268
f 349/1051/245 350/1052/245 858/1053/245 857/1054/245
f 9/1055/269 10/1056/269 518/1057/269 517/1058/269
f 264/849/178 265/815/178 773/816/178 772/850/178
f 194/1059/270 195/1060/270 703/1061/270 702/1062/270
f 64/1063/271 65/1064/271 573/1065/271 572/1066/271
f 36/1067/272 37/1047/272 545/1050/272 544/1068/272
f 250/843/196 251/885/196 759/886/196 758/844/196
f 200/1069/273 201/1070/273 709/1071/273 708/1072/273
f 38/1048/274 39/1073/274 547/1074/274 546/1049/274
f 356/1075/249 357/1076/249 865/1077/249 864/1078/249
f 350/1052/250 351/1079/250 859/1080/250 858/1053/250
f 199/1081/275 200/1043/275 708/1046/275 707/1082/275
f 263/885/201 264/849/201 772/850/201 771/886/201
f 201/1083/276 193/1084/276 701/1085/276 709/1086/276
f 35/1087/277 36/1067/277 544/1068/277 543/1088/277
f 251/885/225 252/945/225 760/946/225 759/886/225
f 8/1089/278 9/1055/278 517/1058/278 516/1090/278
f 39/1073/279 40/1091/279 548/1092/279 547/1074/279
f 355/1093/257 356/1075/257 864/1078/257 863/1094/257
f 65/1064/280 66/1095/280 574/1096/280 573/1065/280
f 351/1079/259 352/1097/259 860/1098/259 859/1080/259
f 193/1084/281 194/1099/281 702/1100/281 701/1085/281
f 262/945/251 263/885/251 771/886/251 770/946/251
f 34/1101/282 35/1087/282 543/1088/282 542/1102/282
f 252/945/240 253/983/240 761/984/240 760/946/240
f 212/1103/283 210/1104/283 718/1105/283 720/1106/283
f 180/1107/284 181/941/284 689/942/284 688/1108/284
f 40/1091/285 41/1109/285 549/1110/285 548/1092/285
f 354/1111/262 355/1093/262 863/1094/262 862/1112/262
f 210/1104/286 211/1103/286 719/1106/286 718/1105/286
f 181/941/287 182/1113/287 690/1114/287 689/942/287
f 352/1097/264 353/1019/264 861/1020/264 860/1098/264
f 353/1019/266 354/1111/266 862/1112/266 861/1020/266
f 261/983/243 262/945/243 770/946/243 769/984/243
f 33/1115/288 34/1101/288 542/1102/288 541/1116/288
f 425/961/289 426/1117/289 934/1118/289 933/962/289
f 253/1119/245 254/1120/245 762/1121/245 761/1122/245
f 196/1044/290 197/1123/290 705/1124/290 704/1045/290
f 179/1125/291 180/1107/291 688/1108/291 687/1126/291
f 41/1109/292 42/1127/292 550/1128/292 549/1110/292
f 182/1113/293 183/1129/293 691/1130/293 690/1114/293
f 424/1131/294 425/961/294 933/962/294 932/1132/294
f 197/1133/295 198/1134/295 706/1135/295 705/1136/295
f 260/1137/249 261/1138/249 769/1139/249 768/1140/249
f 198/1141/296 199/1081/296 707/1082/296 706/1142/296
f 32/1143/297 33/1115/297 541/1116/297 540/1144/297
f 423/1145/298 424/1131/298 932/1132/298 931/1146/298
f 254/1120/250 255/1147/250 763/1148/250 762/1121/250
f 178/795/299 179/1125/299 687/1126/299 686/796/299
f 42/1127/300 43/1149/300 551/1150/300 550/1128/300
f 426/1117/301 427/1151/301 935/1152/301 934/1118/301
f 183/1129/302 184/1153/302 692/1154/302 691/1130/302
f 259/1155/257 260/1137/257 768/1140/257 767/1156/257
f 211/1157/260 212/1158/260 720/1159/260 719/1160/260
f 31/1161/303 32/1143/303 540/1144/303 539/1162/303
f 422/1163/304 423/1145/304 931/1146/304 930/1164/304
f 255/1147/259 256/1165/259 764/1166/259 763/1148/259
f 206/1167/305 207/1168/305 715/1169/305 714/1170/305
f 7/1171/306 8/1089/306 516/1090/306 515/1172/306
f 43/1173/307 44/1174/307 552/1175/307 551/1176/307
f 427/1151/308 428/1177/308 936/1178/308 935/1152/308
f 66/1095/309 67/1179/309 575/1180/309 574/1096/309
f 258/1181/262 259/1155/262 767/1156/262 766/1182/262
f 204/1069/305 205/1183/305 713/1184/305 712/1072/305
f 30/1185/310 31/1186/310 539/1187/310 538/1188/310
f 421/1189/311 422/1163/311 930/1164/311 929/1190/311
f 256/1165/264 257/1191/264 765/1192/264 764/1166/264
f 205/1022/312 206/1193/312 714/1194/312 713/1023/312
f 177/1195/313 178/795/313 686/796/313 685/1196/313
f 44/1174/314 45/1197/314 553/1198/314 552/1175/314
f 428/1177/315 429/1199/315 937/1200/315 936/1178/315
f 257/1191/266 258/1181/266 766/1182/266 765/1192/266
f 207/1193/316 208/1022/316 716/1023/316 715/1194/316
f 184/1153/317 185/1201/317 693/1202/317 692/1154/317
f 329/1019/289 330/1203/289 838/1204/289 837/1020/289
f 208/1205/305 209/1206/305 717/1207/305 716/1208/305
f 429/1209/318 430/541/318 938/542/318 937/1210/318
f 214/1043/319 215/1211/319 723/1212/319 722/1046/319
f 328/1213/294 329/1019/294 837/1020/294 836/1214/294
f 176/1215/320 177/1195/320 685/1196/320 684/1216/320
f 213/1217/260 214/1218/260 722/1219/260 721/1220/260
f 185/1201/321 186/1221/321 694/1222/321 693/1202/321
f 29/1223/322 30/1185/322 538/1188/322 537/1224/322
f 420/541/323 421/1209/323 929/1210/323 928/542/323
f 327/1225/298 328/1213/298 836/1214/298 835/1226/298
f 430/541/324 431/525/324 939/526/324 938/542/324
f 330/1203/301 331/1227/301 839/1228/301 838/1204/301
f 220/1211/325 213/1043/325 721/1046/325 728/1212/325
f 132/1229/326 133/1230/326 641/1231/326 640/1232/326
f 215/1218/305 216/1233/305 724/1234/305 723/1219/305
f 6/1235/327 7/1171/327 515/1172/327 514/1236/327
f 133/1230/328 134/1237/328 642/1238/328 641/1231/328
f 67/1179/329 68/1239/329 576/1240/329 575/1180/329
f 326/1241/304 327/1225/304 835/1226/304 834/1242/304
f 216/1211/319 217/1022/319 725/1023/319 724/1212/319
f 331/1227/308 332/1243/308 840/1244/308 839/1228/308
f 131/1245/330 132/1229/330 640/1232/330 639/1246/330
f 419/525/12 420/541/12 928/542/12 927/526/12
f 175/1247/331 176/1215/331 684/1216/331 683/1248/331
f 134/1237/332 135/1249/332 643/1250/332 642/1238/332
f 219/1251/305 220/1217/305 728/1220/305 727/1252/305
f 186/1221/333 187/1253/333 695/1254/333 694/1222/333
f 496/1255/334 497/961/334 1005/962/334 1004/1256/334
f 325/1257/311 326/1241/311 834/1242/311 833/1258/311
f 217/1233/305 218/1251/305 726/1252/305 725/1234/305
f 45/1197/335 46/1259/335 554/1260/335 553/1198/335
f 497/961/336 498/1261/336 1006/1262/336 1005/962/336
f 332/1243/315 333/1263/315 841/1264/315 840/1244/315
f 218/1022/325 219/1211/325 727/1212/325 726/1023/325
f 233/1191/289 234/1165/289 742/1166/289 741/1192/289
f 174/1265/337 175/1266/337 683/1267/337 682/1268/337
f 333/1209/318 334/541/318 842/542/318 841/1210/318
f 187/1269/338 188/1270/338 696/1271/338 695/1272/338
f 130/1273/339 131/1245/339 639/1246/339 638/1274/339
f 495/1275/340 496/1255/340 1004/1256/340 1003/1276/340
f 232/1277/294 233/1191/294 741/1192/294 740/1278/294
f 498/1261/341 499/1279/341 1007/1280/341 1006/1262/341
f 68/1239/342 69/1281/342 577/1282/342 576/1240/342
f 28/522/343 29/1223/343 537/1224/343 536/523/343
f 324/541/323 325/1209/323 833/1210/323 832/542/323
f 231/1283/298 232/1277/298 740/1278/298 739/1284/298
f 135/1249/344 136/1285/344 644/1286/344 643/1250/344
f 431/525/38 432/513/38 940/516/38 939/526/38
f 334/541/324 335/525/324 843/526/324 842/542/324
f 234/1165/301 235/1147/301 743/1148/301 742/1166/301
f 5/1287/345 6/1235/345 514/1236/345 513/1288/345
f 129/1289/346 130/1273/346 638/1274/346 637/1290/346
f 418/513/7 419/525/7 927/526/7 926/516/7
f 230/1291/304 231/1283/304 739/1284/304 738/1292/304
f 173/1293/347 174/1265/347 682/1268/347 681/1294/347
f 136/1285/348 137/1295/348 645/1296/348 644/1286/348
f 235/1147/308 236/1120/308 744/1121/308 743/1148/308
f 188/1270/349 189/1297/349 697/1298/349 696/1271/349
f 494/1299/11 495/1275/11 1003/1276/11 1002/1300/11
f 323/525/12 324/541/12 832/542/12 831/526/12
f 499/1279/14 500/1301/14 1008/1302/14 1007/1280/14
f 69/1281/350 70/517/350 578/520/350 577/1282/350
f 128/1303/351 129/1289/351 637/1290/351 636/1304/351
f 400/1305/334 401/1019/334 909/1020/334 908/1306/334
f 229/1307/311 230/1291/311 738/1292/311 737/1308/311
f 137/1295/352 138/1309/352 646/1310/352 645/1296/352
f 401/1019/336 402/1311/336 910/1312/336 909/1020/336
f 236/1120/315 237/1119/315 745/1122/315 744/1121/315
f 493/1313/21 494/1299/21 1002/1300/21 1001/1314/21
f 4/560/353 5/1287/353 513/1288/353 512/561/353
f 500/1301/24 501/1315/24 1009/1316/24 1008/1302/24
f 237/1209/318 238/541/318 746/542/318 745/1210/318
f 127/1317/354 128/1303/354 636/1304/354 635/1318/354
f 399/538/340 400/1305/340 908/1306/340 907/539/340
f 172/510/355 173/1293/355 681/1294/355 680/511/355
f 138/1309/356 139/1319/356 647/1320/356 646/1310/356
f 402/1311/341 403/547/341 911/550/341 910/1312/341
f 189/1297/357 190/527/357 698/530/357 697/1298/357
f 492/552/31 493/587/31 1001/588/31 1000/553/31
f 228/541/323 229/1209/323 737/1210/323 736/542/323
f 46/1259/358 47/589/358 555/592/358 554/1260/358
f 501/587/34 502/552/34 1010/553/34 1009/588/34
f 335/525/38 336/513/38 844/516/38 843/526/38
f 238/541/324 239/525/324 747/526/324 746/542/324
